
############################################################
# Verarbeite GA051 bis GA100
# Log: pagebreaks_ga051-100_20260108_091040.json
############################################################

============================================================
Verarbeite GA051
============================================================

============================================================
Verarbeite GA051
============================================================
  PDF: Steiner, Rudolf GA 051 1983 - Über Philosophie, Geschichte und Literatur.pdf
  Extrahiere PDF-Seiten...
  360 Seiten mit Seitenzahlen
  25 Vorträge geladen
    GA051/1: 38 Marker (S.17-65) - WELT- UND LEBENSANSCHAUUNGEN VON DEN ÄLT
    GA051/2: 7 Marker (S.66-72) - WILLIAM SHAKESPEARE
    GA051/3: 22 Marker (S.73-95) - ÜBER RÖMISCHE GESCHICHTE
    GA051/4: 9 Marker (S.96-104) - ERSTER VORTRAG GESCHICHTE DES MITTELALTE
    GA051/5: 9 Marker (S.105-113) - ZWEITER VORTRAG GESCHICHTE DES MITTELALT
    GA051/6: 10 Marker (S.114-123) - DRITTER VORTRAG GESCHICHTE DES MITTELALT
    GA051/7: 11 Marker (S.124-134) - VIERTER VORTRAG GESCHICHTE DES MITTELALT
    GA051/8: 11 Marker (S.135-360) - FÜNFTER VORTRAG GESCHICHTE DES MITTELALT
    GA051/9: 10 Marker (S.1-153) - SECHSTER VORTRAG GESCHICHTE DES MITTELAL
    GA051/10: 9 Marker (S.154-162) - SIEBENTER VORTRAG GESCHICHTE DES MITTELA
    GA051/11: 10 Marker (S.163-172) - ACHTER VORTRAG GESCHICHTE DES MITTELALTE
    GA051/12: 12 Marker (S.173-184) - NEUNTER VORTRAG GESCHICHTE DES MITTELALT
    GA051/13: 11 Marker (S.185-198) - ZEHNTER VORTRAG GESCHICHTE DES MITTELALT
    GA051/14: 5 Marker (S.199-203) - ERSTER VORTRAG PLATONISCHE MYSTIK UND DO
    GA051/15: 6 Marker (S.204-209) - ZWEITER VORTRAG PLATONISCHE MYSTIK UND D
    GA051/16: 8 Marker (S.210-217) - DRITTER VORTRAG PLATONISCHE MYSTIK UND D
    GA051/17: 8 Marker (S.218-225) - ERSTER VORTRAG
    GA051/18: 8 Marker (S.226-233) - ZWEITER VORTRAG
    GA051/19: 6 Marker (S.234-239) - DRITTER VORTRAG
    GA051/20: 7 Marker (S.240-246) - VIERTER VORTRAG
    GA051/21: 7 Marker (S.247-253) - FÜNFTER VORTRAG
    GA051/22: 8 Marker (S.254-261) - SECHSTER VORTRAG
    GA051/23: 7 Marker (S.262-268) - SIEBENTER VORTRAG
    GA051/24: 7 Marker (S.269-275) - ACHTER VORTRAG
    GA051/25: 8 Marker (S.276-360) - NEUNTER VORTRAG

  Gesamt: 254 Marker eingefügt
  Gespeichert in: GA051.json
  Archiviert: GA051.json

============================================================
Verarbeite GA051 (MD)
============================================================
  MD-Ordner: GA051-Über Philosophie, Geschichte und Literatur
  PDF: Steiner, Rudolf GA 051 1983 - Über Philosophie, Geschichte und Literatur.pdf
  Extrahiere PDF-Seiten...
  360 Seiten mit Seitenzahlen
  27 MD-Dateien gefunden
    GA051/1: 38/49 Marker (S.17-65)
    GA051/10: 9/9 Marker (S.154-162)
    GA051/11: 10/10 Marker (S.163-172)
    GA051/12: 11/12 Marker (S.173-184)
    GA051/13: 11/14 Marker (S.185-198)
    GA051/14: 4/5 Marker (S.199-203)
    GA051/15: 6/6 Marker (S.204-209)
    GA051/16: 8/8 Marker (S.210-217)
    GA051/17: 8/8 Marker (S.218-225)
    GA051/18: 8/8 Marker (S.226-233)
    GA051/19: 6/6 Marker (S.234-239)
    GA051/2: 6/7 Marker (S.66-72)
    GA051/20: 7/7 Marker (S.240-246)
    GA051/21: 7/7 Marker (S.247-253)
    GA051/22: 7/8 Marker (S.254-261)
    GA051/23: 7/7 Marker (S.262-268)
    GA051/24: 7/7 Marker (S.269-275)
    GA051/25: 8/85 Marker (S.276-360)
    GA051/3: 22/23 Marker (S.73-95)
    GA051/4: 9/9 Marker (S.96-104)
    GA051/5: 9/9 Marker (S.105-113)
    GA051/6: 10/10 Marker (S.114-123)
    GA051/7: 10/11 Marker (S.124-134)
    GA051/8: 11/226 Marker (S.135-360)
    GA051/9: 10/153 Marker (S.1-153)

  Gesamt: 249 Marker in 25 Dateien
  JSON: 0 Marker
  MD: 0 Marker

============================================================
Verarbeite GA052
============================================================

============================================================
Verarbeite GA052
============================================================
  PDF: Steiner, Rudolf GA 052, 1986 - Spirituelle Seelenlehre und Weltbetrachtung.pdf
  Extrahiere PDF-Seiten...
  450 Seiten mit Seitenzahlen
  18 Vorträge geladen
    GA052/1: 13 Marker (S.13-26) - DAS EWIGE UND DAS VERGÄNGLICHE DES MENSC
    GA052/2: 14 Marker (S.27-40) - DER URSPRUNG DER SEELE
    GA052/3: 21 Marker (S.41-61) - DAS WESEN DER GOTTHEIT VOM THEOSOPHISCHE
    GA052/4: 26 Marker (S.62-87) - THEOSOPHIE UND CHRISTENTUM
    GA052/5: 16 Marker (S.88-103) - DIE ERKENNTNISTHEORETISCHEN GRUNDLAGEN D
    GA052/6: 16 Marker (S.104-120) - DIE ERKENNTNISTHEORETISCHEN GRUNDLAGEN D
    GA052/7: 17 Marker (S.121-137) - DIE ERKENNTNISTHEORETISCHEN GRUNDLAGEN D
    GA052/8: 25 Marker (S.138-162) - THEOSOPHISCHE SEELENLEHRE I KÖRPER UND S
    GA052/9: 28 Marker (S.163-190) - THEOSOPHISCHE SEELENLEHRE II SEELE UND M
    GA052/10: 27 Marker (S.191-217) - THEOSOPHISCHE SEELENLEHRE III SEELE UND 
    GA052/11: 24 Marker (S.218-241) - THEOSOPHIE UND SPIRITISMUS
    GA052/12: 31 Marker (S.242-273) - THEOSOPHIE UND SOMNAMBULISMUS
    GA052/13: 31 Marker (S.274-304) - DIE GESCHICHTE DES SPIRITISMUS
    GA052/14: 28 Marker (S.305-332) - DIE GESCHICHTE DES HYPNOTISMUS UND DES S
    GA052/15: 23 Marker (S.333-355) - WAS FINDET DER HEUTIGE MENSCH IN DER THE
    GA052/16: 29 Marker (S.356-384) - WAS WISSEN UNSERE GELEHRTEN VON THEOSOPH
    GA052/17: 19 Marker (S.385-403) - IST DIE THEOSOPHIE UNWISSENSCHAFTLICH
    GA052/18: 20 Marker (S.404-450) - IST DIE THEOSOPHIE BUDDHISTISCHE PROPAGA

  Gesamt: 408 Marker eingefügt
  Gespeichert in: GA052.json
  Archiviert: GA052.json

============================================================
Verarbeite GA052 (MD)
============================================================
  MD-Ordner: GA052-Spirituelle Seelenlehre und Weltbetrachtung
  PDF: Steiner, Rudolf GA 052, 1986 - Spirituelle Seelenlehre und Weltbetrachtung.pdf
  Extrahiere PDF-Seiten...
  450 Seiten mit Seitenzahlen
  19 MD-Dateien gefunden
    GA052/1: 13/14 Marker (S.13-26)
    GA052/10: 27/27 Marker (S.191-217)
    GA052/11: 24/24 Marker (S.218-241)
    GA052/12: 31/32 Marker (S.242-273)
    GA052/13: 31/31 Marker (S.274-304)
    GA052/14: 28/28 Marker (S.305-332)
    GA052/15: 23/23 Marker (S.333-355)
    GA052/16: 29/29 Marker (S.356-384)
    GA052/17: 19/19 Marker (S.385-403)
    GA052/18: 20/47 Marker (S.404-450)
    GA052/2: 14/14 Marker (S.27-40)
    GA052/3: 21/21 Marker (S.41-61)
    GA052/4: 26/26 Marker (S.62-87)
    GA052/5: 16/16 Marker (S.88-103)
    GA052/6: 16/17 Marker (S.104-120)
    GA052/7: 17/17 Marker (S.121-137)
    GA052/8: 25/25 Marker (S.138-162)
    GA052/9: 27/28 Marker (S.163-190)

  Gesamt: 407 Marker in 18 Dateien
  JSON: 0 Marker
  MD: 0 Marker

============================================================
Verarbeite GA053
============================================================

============================================================
Verarbeite GA053
============================================================
  PDF: Steiner, Rudolf GA 053, 1981 - Ursprung und Ziel des Menschen.pdf
  Extrahiere PDF-Seiten...
  509 Seiten mit Seitenzahlen
  23 Vorträge geladen
    GA053/1: 26 Marker (S.17-42) - WAS FINDET DER MODERNE MENSCH IN DER THE
    GA053/2: 21 Marker (S.43-63) - DIE MENSCHLICHE WESENHEIT
    GA053/3: 28 Marker (S.64-91) - REINKARNATION UND KARMA
    GA053/4: 18 Marker (S.92-109) - THEOSOPHIE UND DARWIN
    GA053/5: 21 Marker (S.110-130) - THEOSOPHIE UND TOLSTOI
    GA053/6: 17 Marker (S.131-147) - DIE SEELENWELT
    GA053/7: 18 Marker (S.148-165) - DAS GEISTERLAND
    GA053/8: 18 Marker (S.166-183) - FRIEDRICH NIETZSCHE IM LICHTE DER GEISTE
    GA053/9: 20 Marker (S.184-203) - VOM INNEREN LEBEN
    GA053/10: 28 Marker (S.204-231) - URSPRUNG UND ZIEL DES MENSCHEN
    GA053/11: 23 Marker (S.232-254) - DIE ENTSTEHUNG DER ERDE
    GA053/12: 22 Marker (S.255-279) - DIE GROSSEN EINGEWEIHTEN
    GA053/13: 14 Marker (S.280-293) - IBSENS GEISTESART
    GA053/14: 24 Marker (S.294-320) - DIE ZUKUNFT DES MENSCHEN
    GA053/15: 8 Marker (S.321-328) - GOETHES EVANGELIUM
    GA053/16: 20 Marker (S.329-348) - GOETHES GEHEIME OFFENBARUNG DAS MÄRCHEN 
    GA053/17: 20 Marker (S.349-368) - GOETHES GEHEIME OFFENBARUNG DAS MÄRCHEN 
    GA053/18: 24 Marker (S.369-392) - GOETHES GEHEIME OFFENBARUNG «DIE NEUE ME
    GA053/19: 25 Marker (S.393-420) - SCHILLER UND DIE GEGENWART
    GA053/20: 25 Marker (S.421-446) - DIE THEOLOGISCHE FAKULTÄT UND DIE THEOSO
    GA053/21: 20 Marker (S.447-467) - DIE JURISTISCHE FAKULTÄT UND DIE THEOSOP
    GA053/22: 9 Marker (S.468-476) - DIE MEDIZINISCHE FAKULTÄT UND DIE THEOSO
    GA053/23: 11 Marker (S.477-508) - DIE PHILOSOPHISCHE FAKULTÄT UND DIE THEO

  Gesamt: 460 Marker eingefügt
  Gespeichert in: GA053.json
  Archiviert: GA053.json

============================================================
Verarbeite GA053 (MD)
============================================================
  MD-Ordner: GA053-Ursprung und Ziel des Menschen
  PDF: Steiner, Rudolf GA 053, 1981 - Ursprung und Ziel des Menschen.pdf
  Extrahiere PDF-Seiten...
  509 Seiten mit Seitenzahlen
  24 MD-Dateien gefunden
    GA053/1: 26/26 Marker (S.17-42)
    GA053/10: 28/28 Marker (S.204-231)
    GA053/11: 23/23 Marker (S.232-254)
    GA053/12: 22/25 Marker (S.255-279)
    GA053/13: 14/14 Marker (S.280-293)
    GA053/14: 23/27 Marker (S.294-320)
    GA053/15: 8/8 Marker (S.321-328)
    GA053/16: 20/20 Marker (S.329-348)
    GA053/17: 20/20 Marker (S.349-368)
    GA053/18: 24/24 Marker (S.369-392)
    GA053/19: 25/28 Marker (S.393-420)
    GA053/2: 21/21 Marker (S.43-63)
    GA053/20: 25/26 Marker (S.421-446)
    GA053/21: 19/21 Marker (S.447-467)
    GA053/22: 9/9 Marker (S.468-476)
    GA053/23: 11/32 Marker (S.477-508)
    GA053/3: 28/28 Marker (S.64-91)
    GA053/4: 18/18 Marker (S.92-109)
    GA053/5: 21/21 Marker (S.110-130)
    GA053/6: 17/17 Marker (S.131-147)
    GA053/7: 18/18 Marker (S.148-165)
    GA053/8: 18/18 Marker (S.166-183)
    GA053/9: 20/20 Marker (S.184-203)

  Gesamt: 458 Marker in 23 Dateien
  JSON: 0 Marker
  MD: 0 Marker

============================================================
Verarbeite GA054
============================================================

============================================================
Verarbeite GA054
============================================================
  PDF: Steiner, Rudolf GA 054, 1983 - Die Welträtsel und die Anthroposophie.pdf
  Extrahiere PDF-Seiten...
  542 Seiten mit Seitenzahlen
  22 Vorträge geladen
    GA054/1: 25 Marker (S.9-34) - HAECKEL
    GA054/2: 22 Marker (S.35-56) - UNSERE WELTLAGE. KRIEG
    GA054/3: 23 Marker (S.57-79) - GRUNDBEGRIFFE DER THEOSOPHIE SEELE UND G
    GA054/4: 24 Marker (S.80-104) - GEISTESWISSENSCHAFT UND SOZIALE FRAGE
    GA054/5: 27 Marker (S.105-131) - DIE FRAUENFRAGE
    GA054/6: 23 Marker (S.132-154) - DIE GRUNDBEGRIFFE DER THEOSOPHIE MENSCHE
    GA054/7: 24 Marker (S.155-178) - DER WEISHEITSKERN IN DEN RELIGIONEN
    GA054/8: 21 Marker (S.179-199) - BRUDERSCHAFT UND DASEINSKAMPF
    GA054/9: 29 Marker (S.200-228) - INNERE ENTWICKELUNG
    GA054/10: 22 Marker (S.229-250) - DAS WEIHNACHTSFEST ALS WAHRZEICHEN DES S
    GA054/11: 28 Marker (S.251-278) - DIE WEISHEITSLEHREN DES CHRISTENTUMS
    GA054/12: 27 Marker (S.279-306) - WIEDERVERKÖRPERUNG UND KARMA
    GA054/13: 27 Marker (S.307-333) - LUZIFER
    GA054/14: 27 Marker (S.334-360) - DIE KINDER DES LUZIFER
    GA054/15: 25 Marker (S.361-386) - GERMANISCHE UND INDISCHE GEHEIMLEHRE
    GA054/16: 26 Marker (S.387-412) - DEUTSCHE THEOSOPHEN VOM ANFANG DES 19. J
    GA054/17: 17 Marker (S.413-429) - SIEGFRIED UND DIE GÖTTERDÄMMERUNG
    GA054/18: 21 Marker (S.430-450) - PARZIVAL UND LOHENGRIN
    GA054/19: 12 Marker (S.451-462) - DAS OSTERFEST
    GA054/20: 14 Marker (S.463-476) - INNERE ENTWICKELUNG
    GA054/21: 21 Marker (S.477-497) - PARACELSUS
    GA054/22: 15 Marker (S.498-540) - JAKOB BÖHME

  Gesamt: 500 Marker eingefügt
  Gespeichert in: GA054.json
  Archiviert: GA054.json

============================================================
Verarbeite GA054 (MD)
============================================================
  MD-Ordner: GA054-Die Welträtsel und die Anthroposophie
  PDF: Steiner, Rudolf GA 054, 1983 - Die Welträtsel und die Anthroposophie.pdf
  Extrahiere PDF-Seiten...
  542 Seiten mit Seitenzahlen
  23 MD-Dateien gefunden
    GA054/1: 25/26 Marker (S.9-34)
    GA054/10: 22/22 Marker (S.229-250)
    GA054/11: 28/28 Marker (S.251-278)
    GA054/12: 26/28 Marker (S.279-306)
    GA054/13: 27/27 Marker (S.307-333)
    GA054/14: 26/27 Marker (S.334-360)
    GA054/15: 23/26 Marker (S.361-386)
    GA054/16: 26/26 Marker (S.387-412)
    GA054/17: 17/17 Marker (S.413-429)
    GA054/18: 21/21 Marker (S.430-450)
    GA054/19: 12/12 Marker (S.451-462)
    GA054/2: 22/22 Marker (S.35-56)
    GA054/20: 14/14 Marker (S.463-476)
    GA054/21: 21/21 Marker (S.477-497)
    GA054/22: 14/43 Marker (S.498-540)
    GA054/3: 23/23 Marker (S.57-79)
    GA054/4: 24/25 Marker (S.80-104)
    GA054/5: 27/27 Marker (S.105-131)
    GA054/6: 23/23 Marker (S.132-154)
    GA054/7: 24/24 Marker (S.155-178)
    GA054/8: 21/21 Marker (S.179-199)
    GA054/9: 28/29 Marker (S.200-228)

  Gesamt: 494 Marker in 22 Dateien
  JSON: 0 Marker
  MD: 0 Marker

============================================================
Verarbeite GA055
============================================================

============================================================
Verarbeite GA055
============================================================
  PDF: Steiner, Rudolf GA 055, 1983 - Die Erkenntnis des Übersinnlichen in unserer Zeit.pdf
  Extrahiere PDF-Seiten...
  278 Seiten mit Seitenzahlen
  13 Vorträge geladen
    GA055/1: 26 Marker (S.9-34) - DIE ERKENNTNIS DES ÜBERSINNLICHEN IN UNS
    GA055/2: 31 Marker (S.35-65) - BLUT IST EIN GANZ BESONDERER SAFT
    GA055/3: 24 Marker (S.66-90) - DER URSPRUNG DES LEIDES
    GA055/4: 9 Marker (S.91-99) - DER URSPRUNG DES BÖSEN
    GA055/5: 18 Marker (S.100-117) - WIE BEGREIFT MAN KRANKHEIT UND TOD
    GA055/6: 15 Marker (S.118-132) - DIE ERZIEHUNG DES KINDES VOM STANDPUNKT 
    GA055/7: 7 Marker (S.133-139) - SCHULFRAGEN VOM STANDPUNKT DER GEISTESWI
    GA055/8: 8 Marker (S.140-147) - DER IRRSINN VOM STANDPUNKTE DER GEISTESW
    GA055/9: 9 Marker (S.148-156) - WEISHEIT UND GESUNDHEIT
    GA055/10: 17 Marker (S.157-173) - DER LEBENSLAUF DES MENSCHEN VOM GEISTESW
    GA055/11: 33 Marker (S.174-206) - WER SIND DIE ROSENKREUZER
    GA055/12: 32 Marker (S.207-239) - RICHARD WAGNER UND DIE MYSTIK
    GA055/13: 24 Marker (S.240-278) - BIBEL UND WEISHEIT

  Gesamt: 253 Marker eingefügt
  Gespeichert in: GA055.json
  Archiviert: GA055.json

============================================================
Verarbeite GA055 (MD)
============================================================
  MD-Ordner: GA055-Die Erkenntnis des Übersinnlichen in unserer Zeit und deren Bedeutung für das heutige Leben
  PDF: Steiner, Rudolf GA 055, 1983 - Die Erkenntnis des Übersinnlichen in unserer Zeit.pdf
  Extrahiere PDF-Seiten...
  278 Seiten mit Seitenzahlen
  14 MD-Dateien gefunden
    GA055/1: 26/26 Marker (S.9-34)
    GA055/10: 17/17 Marker (S.157-173)
    GA055/11: 33/33 Marker (S.174-206)
    GA055/12: 31/33 Marker (S.207-239)
    GA055/13: 24/39 Marker (S.240-278)
    GA055/2: 31/31 Marker (S.35-65)
    GA055/3: 24/25 Marker (S.66-90)
    GA055/4: 9/9 Marker (S.91-99)
    GA055/5: 18/18 Marker (S.100-117)
    GA055/6: 15/15 Marker (S.118-132)
    GA055/7: 7/7 Marker (S.133-139)
    GA055/8: 8/8 Marker (S.140-147)
    GA055/9: 9/9 Marker (S.148-156)

  Gesamt: 252 Marker in 13 Dateien
  JSON: 0 Marker
  MD: 0 Marker

============================================================
Verarbeite GA056
============================================================

============================================================
Verarbeite GA056
============================================================
  PDF: Steiner, Rudolf GA 056, 1985 - Die Erkenntnis der Seele und des Geistes.pdf
  Extrahiere PDF-Seiten...
  372 Seiten mit Seitenzahlen
  15 Vorträge geladen
    GA056/1: 28 Marker (S.9-36) - DIE MISSION DER GEHEIMWISSENSCHAFT IN UN
    GA056/2: 26 Marker (S.37-63) - DIE NATURWISSENSCHAFT AM SCHEIDEWEGE
    GA056/3: 24 Marker (S.64-88) - DIE ERKENNTNIS DER SEELE UND DES GEISTES
    GA056/4: 13 Marker (S.89-101) - MANN UND WEIB IM LICHTE DER GEISTESWISSE
    GA056/5: 29 Marker (S.102-130) - INITIATION ODER EINWEIHUNG
    GA056/6: 27 Marker (S.131-157) - DIE SOGENANNTEN GEFAHREN DER EINWEIHUNG
    GA056/7: 8 Marker (S.158-165) - MANN
    GA056/8: 25 Marker (S.166-190) - DIE SEELE DER TIERE IM LICHTE DER GEISTE
    GA056/9: 19 Marker (S.191-209) - DER KRANKHEITSWAHN IM LICHTE DER GEISTES
    GA056/10: 17 Marker (S.210-226) - DAS GESUNDHEITSFIEBER IM LICHTE DER GEIS
    GA056/11: 26 Marker (S.227-252) - BERUF UND ERWERB
    GA056/12: 11 Marker (S.253-263) - SONNE
    GA056/13: 22 Marker (S.264-286) - ERDENANFANG UND ERDENENDE
    GA056/14: 25 Marker (S.287-312) - DIE HÖLLE
    GA056/15: 31 Marker (S.313-372) - DER HIMMEL

  Gesamt: 331 Marker eingefügt
  Gespeichert in: GA056.json
  Archiviert: GA056.json

============================================================
Verarbeite GA056 (MD)
============================================================
  MD-Ordner: GA056-Die Erkenntnis der Seele und des Geistes
  PDF: Steiner, Rudolf GA 056, 1985 - Die Erkenntnis der Seele und des Geistes.pdf
  Extrahiere PDF-Seiten...
  372 Seiten mit Seitenzahlen
  16 MD-Dateien gefunden
    GA056/1: 28/28 Marker (S.9-36)
    GA056/10: 17/17 Marker (S.210-226)
    GA056/11: 26/26 Marker (S.227-252)
    GA056/12: 11/11 Marker (S.253-263)
    GA056/13: 23/23 Marker (S.264-286)
    GA056/14: 24/26 Marker (S.287-312)
    GA056/15: 30/60 Marker (S.313-372)
    GA056/2: 26/27 Marker (S.37-63)
    GA056/3: 23/25 Marker (S.64-88)
    GA056/4: 13/13 Marker (S.89-101)
    GA056/5: 29/29 Marker (S.102-130)
    GA056/6: 27/27 Marker (S.131-157)
    GA056/7: 8/8 Marker (S.158-165)
    GA056/8: 25/25 Marker (S.166-190)
    GA056/9: 19/19 Marker (S.191-209)

  Gesamt: 329 Marker in 15 Dateien
  JSON: 0 Marker
  MD: 0 Marker

============================================================
Verarbeite GA057
============================================================

============================================================
Verarbeite GA057
============================================================
  PDF: Steiner, Rudolf GA 057, 1984 - Wo und wie findet man den Geist.pdf
  Extrahiere PDF-Seiten...
  470 Seiten mit Seitenzahlen
  18 Vorträge geladen
    GA057/1: 14 Marker (S.9-22) - WO UND WIE FINDET MAN DEN GEIST
    GA057/2: 28 Marker (S.23-50) - GOETHES GEHEIME OFFENBARUNG EXOTERISCH
    GA057/3: 34 Marker (S.51-84) - GOETHES GEHEIME OFFENBARUNG ESOTERISCH
    GA057/4: 27 Marker (S.85-111) - BIBEL UND WEISHEIT I
    GA057/5: 29 Marker (S.112-140) - BIBEL UND WEISHEIT II
    GA057/6: 27 Marker (S.141-167) - DER ABERGLAUBE VOM STANDPUNKTE DER GEIST
    GA057/7: 18 Marker (S.168-185) - ERNÄHRUNGSFRAGEN IM LICHTE DER GEISTESWI
    GA057/8: 20 Marker (S.186-214) - GESUNDHEITSFRAGEN IM LICHTE DER GEISTESW
    GA057/9: 26 Marker (S.215-244) - TOLSTOJ UND CARNEGIE
    GA057/10: 20 Marker (S.245-265) - DIE PRAKTISCHE AUSBILDUNG DES DENKENS
    GA057/11: 14 Marker (S.266-280) - DIE UNSICHTBAREN GLIEDER DER MENSCHENNAT
    GA057/12: 16 Marker (S.281-296) - DAS GEHEIMNIS DER MENSCHLICHEN TEMPERAME
    GA057/13: 32 Marker (S.297-329) - DIE RÄTSEL IN GOETHES «FAUST» EXOTERISCH
    GA057/14: 34 Marker (S.330-364) - DIE RÄTSEL IN GOETHES «FAUST» ESOTERISCH
    GA057/15: 16 Marker (S.365-380) - NIETZSCHE IM LICHTE DER GEISTESWISSENSCH
    GA057/16: 20 Marker (S.381-400) - ISIS UND MADONNA
    GA057/17: 21 Marker (S.401-421) - ALTEUROPÄISCHES HELLSEHEN
    GA057/18: 21 Marker (S.422-470) - DIE EUROPÄISCHEN MYSTERIEN UND IHRE EING

  Gesamt: 417 Marker eingefügt
  Gespeichert in: GA057.json
  Archiviert: GA057.json

============================================================
Verarbeite GA057 (MD)
============================================================
  MD-Ordner: GA057-Wo und wie findet man den Geist
  PDF: Steiner, Rudolf GA 057, 1984 - Wo und wie findet man den Geist.pdf
  Extrahiere PDF-Seiten...
  470 Seiten mit Seitenzahlen
  19 MD-Dateien gefunden
    GA057/1: 14/14 Marker (S.9-22)
    GA057/10: 20/21 Marker (S.245-265)
    GA057/11: 14/15 Marker (S.266-280)
    GA057/12: 16/16 Marker (S.281-296)
    GA057/13: 31/33 Marker (S.297-329)
    GA057/14: 34/35 Marker (S.330-364)
    GA057/15: 16/16 Marker (S.365-380)
    GA057/16: 20/20 Marker (S.381-400)
    GA057/17: 21/21 Marker (S.401-421)
    GA057/18: 20/49 Marker (S.422-470)
    GA057/2: 27/28 Marker (S.23-50)
    GA057/3: 34/34 Marker (S.51-84)
    GA057/4: 27/27 Marker (S.85-111)
    GA057/5: 29/29 Marker (S.112-140)
    GA057/6: 27/27 Marker (S.141-167)
    GA057/7: 18/18 Marker (S.168-185)
    GA057/8: 20/29 Marker (S.186-214)
    GA057/9: 26/30 Marker (S.215-244)

  Gesamt: 414 Marker in 18 Dateien
  JSON: 0 Marker
  MD: 0 Marker

============================================================
Verarbeite GA058
============================================================

============================================================
Verarbeite GA058
============================================================
  PDF: Steiner, Rudolf GA 058, 1984 - Metamorphosen des Seelenlebens I.pdf
  Extrahiere PDF-Seiten...
  352 Seiten mit Seitenzahlen
  9 Vorträge geladen
    GA058/1: 35 Marker (S.9-43) - I. DIE MISSION DER GEISTESWISSENSCHAFT E
    GA058/2: 33 Marker (S.44-76) - II. DIE MISSION DES ZORNES
    GA058/3: 40 Marker (S.77-116) - III. DIE MISSION DER WAHRHEIT
    GA058/4: 26 Marker (S.117-142) - IV. DIE MISSION DER ANDACHT
    GA058/5: 36 Marker (S.143-178) - V. DER MENSCHLICHE CHARAKTER
    GA058/6: 37 Marker (S.179-215) - VI. DIE ASKESE UND DIE KRANKHEIT
    GA058/7: 40 Marker (S.216-255) - VII. DAS WESEN DES EGOISMUS
    GA058/8: 33 Marker (S.256-288) - VIII. BUDDHA UND CHRISTUS
    GA058/9: 41 Marker (S.289-352) - IX. EINIGES ÜBER DEN MOND IN GEISTESWISS

  Gesamt: 321 Marker eingefügt
  Gespeichert in: GA058.json
  Archiviert: GA058.json

============================================================
Verarbeite GA058 (MD)
============================================================
  MD-Ordner: GA058-Metamorphosen des Seelenlebens Band I
  PDF: Steiner, Rudolf GA 058, 1984 - Metamorphosen des Seelenlebens I.pdf
  Extrahiere PDF-Seiten...
  352 Seiten mit Seitenzahlen
  10 MD-Dateien gefunden
    GA058/1: 34/35 Marker (S.9-43)
    GA058/2: 32/33 Marker (S.44-76)
    GA058/3: 40/40 Marker (S.77-116)
    GA058/4: 25/26 Marker (S.117-142)
    GA058/5: 36/36 Marker (S.143-178)
    GA058/6: 37/37 Marker (S.179-215)
    GA058/7: 40/40 Marker (S.216-255)
    GA058/8: 33/33 Marker (S.256-288)
    GA058/9: 39/64 Marker (S.289-352)

  Gesamt: 316 Marker in 9 Dateien
  JSON: 0 Marker
  MD: 0 Marker

============================================================
Verarbeite GA059
============================================================

============================================================
Verarbeite GA059
============================================================
  PDF: Steiner, Rudolf GA 059, 1984 - Metamorphosen des Seelenlebens II.pdf
  Extrahiere PDF-Seiten...
  320 Seiten mit Seitenzahlen
  9 Vorträge geladen
    GA059/1: 33 Marker (S.9-41) - X. DIE GEISTESWISSENSCHAFT UND DIE SPRAC
    GA059/2: 29 Marker (S.42-70) - XI. LACHEN UND WEINEN
    GA059/3: 32 Marker (S.71-102) - XII WAS IST MYSTIK
    GA059/4: 32 Marker (S.103-134) - XIII. DAS WESEN DES GEBETES
    GA059/5: 36 Marker (S.135-170) - XIV. KRANKHEIT UND HEILUNG Berlin
    GA059/6: 32 Marker (S.171-202) - XV. DER POSITIVE UND DER NEGATIVE MENSCH
    GA059/7: 33 Marker (S.203-235) - XVI. IRRTUM UND IRRESEIN Berlin
    GA059/8: 33 Marker (S.236-268) - XVII. DAS MENSCHLICHE GEWISSEN
    GA059/9: 34 Marker (S.269-320) - XVIII. DIE MISSION DER KUNST

  Gesamt: 294 Marker eingefügt
  Gespeichert in: GA059.json
  Archiviert: GA059.json

============================================================
Verarbeite GA059 (MD)
============================================================
  MD-Ordner: GA059-Metamorphosen des Seelenlebens Band II
  PDF: Steiner, Rudolf GA 059, 1984 - Metamorphosen des Seelenlebens II.pdf
  Extrahiere PDF-Seiten...
  320 Seiten mit Seitenzahlen
  10 MD-Dateien gefunden
    GA059/1: 33/33 Marker (S.9-41)
    GA059/2: 29/29 Marker (S.42-70)
    GA059/3: 32/32 Marker (S.71-102)
    GA059/4: 32/32 Marker (S.103-134)
    GA059/5: 34/36 Marker (S.135-170)
    GA059/6: 32/32 Marker (S.171-202)
    GA059/7: 32/33 Marker (S.203-235)
    GA059/8: 33/33 Marker (S.236-268)
    GA059/9: 34/52 Marker (S.269-320)

  Gesamt: 291 Marker in 9 Dateien
  JSON: 0 Marker
  MD: 0 Marker

============================================================
Verarbeite GA060
============================================================

============================================================
Verarbeite GA060
============================================================
  PDF: Steiner, Rudolf GA 060, 1983 - Antworten der Geisteswissenschaft auf die großen Fragen des Daseins.pdf
  Extrahiere PDF-Seiten...
  496 Seiten mit Seitenzahlen
  15 Vorträge geladen
    GA060/1: 30 Marker (S.9-38) - DAS WESEN DER GEISTESWISSENSCHAFT UND IH
    GA060/2: 29 Marker (S.39-67) - LEBEN UND TOD
    GA060/3: 26 Marker (S.68-94) - MENSCHENSEELE UND TIERSEELE
    GA060/4: 30 Marker (S.95-124) - MENSCHENGEIST UND TIERGEIST
    GA060/5: 31 Marker (S.125-156) - DAS WESEN DES SCHLAFES
    GA060/6: 29 Marker (S.157-185) - DER GEIST IM PFLANZENREICH
    GA060/7: 34 Marker (S.186-219) - WIE ERLANGT MAN ERKENNTNIS DER GEISTIGEN
    GA060/8: 32 Marker (S.220-251) - ANLAGE
    GA060/9: 30 Marker (S.252-283) - ZARATHUSTRA
    GA060/10: 31 Marker (S.284-314) - GALILEI
    GA060/11: 30 Marker (S.315-344) - WAS HAT DIE GEOLOGIE ÜBER WELTENTSTEHUNG
    GA060/12: 31 Marker (S.345-375) - HERMES
    GA060/13: 34 Marker (S.376-409) - BUDDHA
    GA060/14: 31 Marker (S.410-440) - MOSES
    GA060/15: 36 Marker (S.441-496) - WAS HAT DIE ASTRONOMIE ÜBER WELTENTSTEHU

  Gesamt: 464 Marker eingefügt
  Gespeichert in: GA060.json
  Archiviert: GA060.json

============================================================
Verarbeite GA060 (MD)
============================================================
  MD-Ordner: GA060-Antworten der Geisteswissenschaft auf die großen Fragen des Daseins
  PDF: Steiner, Rudolf GA 060, 1983 - Antworten der Geisteswissenschaft auf die großen Fragen des Daseins.pdf
  Extrahiere PDF-Seiten...
  496 Seiten mit Seitenzahlen
  16 MD-Dateien gefunden
    GA060/1: 30/30 Marker (S.9-38)
    GA060/10: 31/31 Marker (S.284-314)
    GA060/11: 30/30 Marker (S.315-344)
    GA060/12: 31/31 Marker (S.345-375)
    GA060/13: 33/34 Marker (S.376-409)
    GA060/14: 31/31 Marker (S.410-440)
    GA060/15: 36/56 Marker (S.441-496)
    GA060/2: 29/29 Marker (S.39-67)
    GA060/3: 25/27 Marker (S.68-94)
    GA060/4: 30/30 Marker (S.95-124)
    GA060/5: 30/32 Marker (S.125-156)
    GA060/6: 29/29 Marker (S.157-185)
    GA060/7: 34/34 Marker (S.186-219)
    GA060/8: 32/32 Marker (S.220-251)
    GA060/9: 30/32 Marker (S.252-283)

  Gesamt: 461 Marker in 15 Dateien
  JSON: 0 Marker
  MD: 0 Marker

============================================================
Verarbeite GA061
============================================================

============================================================
Verarbeite GA061
============================================================
  PDF: Steiner, Rudolf GA 061, 1983 - Menschengeschichte im Lichte der Geistesforschung.pdf
  Extrahiere PDF-Seiten...
  537 Seiten mit Seitenzahlen
  16 Vorträge geladen
    GA061/1: 26 Marker (S.9-34) - DER MENSCH IN SEINEM VERHÄLTNIS ZU DEN Ü
    GA061/2: 27 Marker (S.35-61) - TOD UND UNSTERBLICHKEIT IM LICHTE DER GE
    GA061/3: 37 Marker (S.62-98) - DER SINN DES PROPHETENTUMS
    GA061/4: 27 Marker (S.99-125) - VON PARACELSUS ZU GOETHE
    GA061/5: 38 Marker (S.126-163) - DIE VERBORGENEN TIEFEN DES SEELENLEBENS
    GA061/6: 30 Marker (S.164-193) - DAS GLÜCK
    GA061/7: 27 Marker (S.194-220) - DER PROPHET ELIAS IM LICHTE DER GEISTESW
    GA061/8: 32 Marker (S.221-252) - DER URSPRUNG DES MENSCHEN IM LICHTE DER 
    GA061/9: 32 Marker (S.253-284) - DER URSPRUNG DER TIERWELT IM LICHTE DER 
    GA061/10: 30 Marker (S.285-314) - CHRISTUS UND DAS ZWANZIGSTE JAHRHUNDERT
    GA061/11: 32 Marker (S.315-346) - MENSCHENGESCHICHTE
    GA061/12: 32 Marker (S.347-378) - KOPERNIKUS UND SEINE ZEIT
    GA061/13: 37 Marker (S.379-415) - DER TOD BEI MENSCH
    GA061/14: 32 Marker (S.416-447) - DIE SELBSTERZIEHUNG DES MENSCHEN IM LICH
    GA061/15: 32 Marker (S.448-479) - DAS WESEN DER EWIGKEIT UND DIE NATUR DER
    GA061/16: 34 Marker (S.480-536) - DARWIN UND DIE ÜBERSINNLICHE FORSCHUNG

  Gesamt: 505 Marker eingefügt
  Gespeichert in: GA061.json
  Archiviert: GA061.json

============================================================
Verarbeite GA061 (MD)
============================================================
  MD-Ordner: GA061-Menschengeschichte im Lichte der Geistesforschung
  PDF: Steiner, Rudolf GA 061, 1983 - Menschengeschichte im Lichte der Geistesforschung.pdf
  Extrahiere PDF-Seiten...
  537 Seiten mit Seitenzahlen
  17 MD-Dateien gefunden
    GA061/1: 26/26 Marker (S.9-34)
    GA061/10: 29/30 Marker (S.285-314)
    GA061/11: 32/32 Marker (S.315-346)
    GA061/12: 31/32 Marker (S.347-378)
    GA061/13: 37/37 Marker (S.379-415)
    GA061/14: 31/32 Marker (S.416-447)
    GA061/15: 32/32 Marker (S.448-479)
    GA061/16: 34/57 Marker (S.480-536)
    GA061/2: 27/27 Marker (S.35-61)
    GA061/3: 37/37 Marker (S.62-98)
    GA061/4: 27/27 Marker (S.99-125)
    GA061/5: 38/38 Marker (S.126-163)
    GA061/6: 30/30 Marker (S.164-193)
    GA061/7: 27/27 Marker (S.194-220)
    GA061/8: 32/32 Marker (S.221-252)
    GA061/9: 30/32 Marker (S.253-284)

  Gesamt: 500 Marker in 16 Dateien
  JSON: 0 Marker
  MD: 0 Marker

============================================================
Verarbeite GA062
============================================================

============================================================
Verarbeite GA062
============================================================
  PDF: Steiner, Rudolf GA 062, 1988 - Ergebnisse der Geistesforschung.pdf
  Extrahiere PDF-Seiten...
  520 Seiten mit Seitenzahlen
  14 Vorträge geladen
    GA062/1: 37 Marker (S.9-45) - WIE WIDERLEGT MAN GEISTESFORSCHUNG
    GA062/2: 38 Marker (S.46-83) - WIE BEGRÜNDET MAN GEISTESFORSCHUNG
    GA062/3: 33 Marker (S.84-116) - DIE AUFGABEN DER GEISTESFORSCHUNG FÜR GE
    GA062/4: 33 Marker (S.117-149) - DIE WEGE DER ÜBERSINNLICHEN ERKENNTNIS
    GA062/5: 35 Marker (S.150-184) - ERGEBNISSE DER GEISTESFORSCHUNG FÜR LEBE
    GA062/6: 35 Marker (S.185-219) - NATURWISSENSCHAFT UND GEISTESFORSCHUNG
    GA062/7: 29 Marker (S.220-248) - JAKOB BÖHME
    GA062/8: 37 Marker (S.249-285) - DIE WELTANSCHAUUNG EINES KULTURFORSCHERS
    GA062/9: 34 Marker (S.286-320) - RAFFAELS MISSION IM LICHTE DER WISSENSCH
    GA062/10: 32 Marker (S.321-352) - MÄRCHENDICHTUNGEN IM LICHTE DER GEISTESF
    GA062/11: 29 Marker (S.353-381) - LIONARDOS GEISTIGE GRÖSSE AM WENDEPUNKT 
    GA062/12: 25 Marker (S.382-415) - IRRTÜMER DER GEISTESFORSCHUNG
    GA062/13: 29 Marker (S.416-444) - DIE MORAL IM LICHTE DER GEISTESFORSCHUNG
    GA062/14: 43 Marker (S.445-520) - DAS ERBE DES NEUNZEHNTEN JAHRHUNDERTS

  Gesamt: 469 Marker eingefügt
  Gespeichert in: GA062.json
  Archiviert: GA062.json

============================================================
Verarbeite GA062 (MD)
============================================================
  MD-Ordner: GA062-Ergebnisse der Geistesforschung
  PDF: Steiner, Rudolf GA 062, 1988 - Ergebnisse der Geistesforschung.pdf
  Extrahiere PDF-Seiten...
  520 Seiten mit Seitenzahlen
  15 MD-Dateien gefunden
    GA062/1: 37/37 Marker (S.9-45)
    GA062/10: 32/32 Marker (S.321-352)
    GA062/11: 29/29 Marker (S.353-381)
    GA062/12: 25/34 Marker (S.382-415)
    GA062/13: 29/29 Marker (S.416-444)
    GA062/14: 43/76 Marker (S.445-520)
    GA062/2: 38/38 Marker (S.46-83)
    GA062/3: 33/33 Marker (S.84-116)
    GA062/4: 33/33 Marker (S.117-149)
    GA062/5: 35/35 Marker (S.150-184)
    GA062/6: 35/35 Marker (S.185-219)
    GA062/7: 29/29 Marker (S.220-248)
    GA062/8: 36/37 Marker (S.249-285)
    GA062/9: 34/35 Marker (S.286-320)

  Gesamt: 468 Marker in 14 Dateien
  JSON: 0 Marker
  MD: 0 Marker

============================================================
Verarbeite GA063
============================================================

============================================================
Verarbeite GA063
============================================================
  PDF: Steiner, Rudolf GA 063, 1986 - Geisteswissenschaft als Lebensgut.pdf
  Extrahiere PDF-Seiten...
  452 Seiten mit Seitenzahlen
  12 Vorträge geladen
    GA063/1: 38 Marker (S.9-46) - DIE GEISTIGE WELT UND DIE GEISTESWISSENS
    GA063/2: 29 Marker (S.47-75) - THEOSOPHIE UND ANTISOPHIE
    GA063/3: 35 Marker (S.76-110) - GEISTESWISSENSCHAFT UND RELIGIÖSES BEKEN
    GA063/4: 32 Marker (S.111-144) - VOM TODE
    GA063/5: 37 Marker (S.145-182) - DER SINN DER UNSTERBLICHKEIT DER MENSCHE
    GA063/6: 40 Marker (S.183-223) - MICHELANGELO UND SEINE ZEIT VOM GESICHTS
    GA063/7: 37 Marker (S.224-260) - DAS BÖSE IM LICHTE DER ERKENNTNIS VOM GE
    GA063/8: 25 Marker (S.261-291) - DIE SITTLICHE GRUNDLAGE DES MENSCHENLEBE
    GA063/9: 35 Marker (S.292-326) - VOLTAIRE VOM GESICHTSPUNKTE DER GEISTESW
    GA063/10: 25 Marker (S.327-360) - ZWISCHEN TOD UND WIEDERGEBURT DES MENSCH
    GA063/11: 36 Marker (S.361-396) - HOMUNKULUS
    GA063/12: 34 Marker (S.397-452) - GEISTESWISSENSCHAFT ALS LEBENSGUT

  Gesamt: 403 Marker eingefügt
  Gespeichert in: GA063.json
  Archiviert: GA063.json

============================================================
Verarbeite GA063 (MD)
============================================================
  MD-Ordner: GA063-Geisteswissenschaft als Lebensgut
  PDF: Steiner, Rudolf GA 063, 1986 - Geisteswissenschaft als Lebensgut.pdf
  Extrahiere PDF-Seiten...
  452 Seiten mit Seitenzahlen
  13 MD-Dateien gefunden
    GA063/1: 38/38 Marker (S.9-46)
    GA063/10: 25/34 Marker (S.327-360)
    GA063/11: 35/36 Marker (S.361-396)
    GA063/12: 34/56 Marker (S.397-452)
    GA063/2: 28/29 Marker (S.47-75)
    GA063/3: 35/35 Marker (S.76-110)
    GA063/4: 32/34 Marker (S.111-144)
    GA063/5: 37/38 Marker (S.145-182)
    GA063/6: 37/41 Marker (S.183-223)
    GA063/7: 37/37 Marker (S.224-260)
    GA063/8: 25/31 Marker (S.261-291)
    GA063/9: 35/35 Marker (S.292-326)

  Gesamt: 398 Marker in 12 Dateien
  JSON: 0 Marker
  MD: 0 Marker

============================================================
Verarbeite GA064
============================================================

============================================================
Verarbeite GA064
============================================================
  PDF: Steiner, Rudolf GA 064, 1959 - Aus schicksaltragender Zeit.pdf
  Extrahiere PDF-Seiten...
  495 Seiten mit Seitenzahlen
  14 Vorträge geladen
    GA064/1: 33 Marker (S.13-46) - GOETHES GEISTESART IN UNSERN SCHICKSALSS
    GA064/2: 37 Marker (S.47-83) - DAS VOLK SCHILLERS UND FICHTES
    GA064/3: 30 Marker (S.84-113) - DIE MENSCHENSEELE IN LEBEN UND TOD
    GA064/4: 39 Marker (S.114-152) - DIE SEELEN DER VÖLKER
    GA064/5: 24 Marker (S.153-184) - DIE GERMANISCHE SEELE UND DER DEUTSCHE G
    GA064/6: 28 Marker (S.185-214) - GEIST-ERKENNTNIS IN GLÜCKLICHEN UND ERNS
    GA064/7: 37 Marker (S.215-252) - DIE TRAGENDE KRAFT DES DEUTSCHEN GEISTES
    GA064/8: 36 Marker (S.253-289) - WAS IST AM MENSCHENWESEN STERBLICH
    GA064/9: 33 Marker (S.290-322) - DIE VERJÜNGENDEN KRÄFTE DER DEUTSCHEN VO
    GA064/10: 39 Marker (S.323-361) - WAS IST AM MENSCHENWESEN UNSTERBLICH
    GA064/11: 31 Marker (S.362-392) - DER SCHAUPLATZ DER GEDANKEN ALS ERGEBNIS
    GA064/12: 37 Marker (S.393-438) - DAS WELTBILD DES DEUTSCHEN IDEALISMUS
    GA064/13: 13 Marker (S.439-451) - SCHLAF UND TOD VOM GESICHTSPUNKTE DER GE
    GA064/14: 12 Marker (S.452-495) - SELBSTERKENNTNIS UND WELTERKENNTNIS VOM 

  Gesamt: 429 Marker eingefügt
  Gespeichert in: GA064.json
  Archiviert: GA064.json

============================================================
Verarbeite GA064 (MD)
============================================================
  MD-Ordner: GA064-Aus schicksaltragender Zeit
  PDF: Steiner, Rudolf GA 064, 1959 - Aus schicksaltragender Zeit.pdf
  Extrahiere PDF-Seiten...
  495 Seiten mit Seitenzahlen
  16 MD-Dateien gefunden
    GA064/1: 32/34 Marker (S.13-46)
    GA064/10: 39/39 Marker (S.323-361)
    GA064/11: 30/31 Marker (S.362-392)
    GA064/12: 37/46 Marker (S.393-438)
    GA064/13: 13/13 Marker (S.439-451)
    GA064/14: 12/44 Marker (S.452-495)
    GA064/2: 37/37 Marker (S.47-83)
    GA064/3: 30/30 Marker (S.84-113)
    GA064/4: 38/39 Marker (S.114-152)
    GA064/5: 23/32 Marker (S.153-184)
    GA064/6: 25/30 Marker (S.185-214)
    GA064/7: 37/38 Marker (S.215-252)
    GA064/8: 36/37 Marker (S.253-289)
    GA064/9: 33/33 Marker (S.290-322)

  Gesamt: 422 Marker in 14 Dateien
  JSON: 0 Marker
  MD: 0 Marker

============================================================
Verarbeite GA065
============================================================

============================================================
Verarbeite GA065
============================================================
  PDF: Steiner, Rudolf GA 065, 2000 - Aus dem mitteleuropäischen Geistesleben.pdf
  Extrahiere PDF-Seiten...
  742 Seiten mit Seitenzahlen
  15 Vorträge geladen
    GA065/1: 42 Marker (S.9-50) - GOETHE UND DAS WELTBILD DES DEUTSCHEN ID
    GA065/2: 37 Marker (S.51-88) - DIE EWIGEN KRÄFTE DER MENSCHENSEELE
    GA065/3: 55 Marker (S.89-143) - BILDER AUS ÖSTERREICHS GEISTESLEBEN IM N
    GA065/4: 42 Marker (S.144-185) - MENSCHENSEELE UND MENSCHENGEIST
    GA065/5: 25 Marker (S.186-231) - FICHTES GEIST MITTEN UNTER UNS
    GA065/6: 25 Marker (S.232-274) - FAUSTS WELTWANDERUNG UND SEINE WIEDERGEB
    GA065/7: 40 Marker (S.275-314) - GESUNDES SEELENLEBEN UND GEISTESFORSCHUN
    GA065/8: 49 Marker (S.315-363) - ÖSTERREICHISCHE PERSÖNLICHKEITEN IN DEN 
    GA065/9: 43 Marker (S.364-406) - WIE WERDEN DIE EWIGEN KRÄFTE DER MENSCHE
    GA065/10: 51 Marker (S.407-457) - EIN VERGESSENES STREBEN NACH GEISTESWISS
    GA065/11: 39 Marker (S.458-496) - WARUM MISSVERSTEHT MAN DIE GEISTESFORSCH
    GA065/12: 46 Marker (S.497-542) - NIETZSCHES SEELENLEBEN UND RICHARD WAGNE
    GA065/13: 48 Marker (S.543-590) - DIE UNSTERBLICHKEITSFRAGE UND DIE GEISTE
    GA065/14: 45 Marker (S.591-635) - DIE DEUTSCHE SEELE IN IHRER ENTWICKELUNG
    GA065/15: 44 Marker (S.636-742) - LEIB

  Gesamt: 631 Marker eingefügt
  Gespeichert in: GA065.json
  Archiviert: GA065.json

============================================================
Verarbeite GA065 (MD)
============================================================
  MD-Ordner: GA065-Aus dem mitteleuropäischen Geistesleben
  PDF: Steiner, Rudolf GA 065, 2000 - Aus dem mitteleuropäischen Geistesleben.pdf
  Extrahiere PDF-Seiten...
  742 Seiten mit Seitenzahlen
  17 MD-Dateien gefunden
    GA065/1: 41/42 Marker (S.9-50)
    GA065/10: 51/51 Marker (S.407-457)
    GA065/11: 38/39 Marker (S.458-496)
    GA065/12: 45/46 Marker (S.497-542)
    GA065/13: 48/48 Marker (S.543-590)
    GA065/14: 44/45 Marker (S.591-635)
    GA065/15: 44/107 Marker (S.636-742)
    GA065/2: 37/38 Marker (S.51-88)
    GA065/3: 54/55 Marker (S.89-143)
    GA065/4: 42/42 Marker (S.144-185)
    GA065/5: 25/46 Marker (S.186-231)
    GA065/6: 25/43 Marker (S.232-274)
    GA065/7: 40/40 Marker (S.275-314)
    GA065/8: 49/49 Marker (S.315-363)
    GA065/9: 43/43 Marker (S.364-406)

  Gesamt: 626 Marker in 15 Dateien
  JSON: 0 Marker
  MD: 0 Marker

============================================================
Verarbeite GA066
============================================================

============================================================
Verarbeite GA066
============================================================
  PDF: Steiner, Rudolf GA 066, 1988 - Geist und Stoff, Leben und Tod.pdf
  Extrahiere PDF-Seiten...
  279 Seiten mit Seitenzahlen
  7 Vorträge geladen
    GA066/1: 32 Marker (S.9-40) - GEIST UND STOFF
    GA066/2: 37 Marker (S.41-77) - SCHICKSAL UND SEELE
    GA066/3: 35 Marker (S.78-112) - SEELENUNSTERBLICHKEIT
    GA066/4: 37 Marker (S.113-149) - MENSCHENSEELE UND MENSCHENLEIB IN NATUR-
    GA066/5: 40 Marker (S.150-189) - SEELENRÄTSEL UND WELTRÄTSEL FORSCHUNG UN
    GA066/6: 25 Marker (S.190-227) - LEBEN
    GA066/7: 37 Marker (S.228-279) - DAS JENSEITS DER SINNE UND DAS JENSEITS 

  Gesamt: 243 Marker eingefügt
  Gespeichert in: GA066.json
  Archiviert: GA066.json

============================================================
Verarbeite GA066 (MD)
============================================================
  MD-Ordner: GA066-Geist und Stoff, Leben und Tod
  PDF: Steiner, Rudolf GA 066, 1988 - Geist und Stoff, Leben und Tod.pdf
  Extrahiere PDF-Seiten...
  279 Seiten mit Seitenzahlen
  8 MD-Dateien gefunden
    GA066/1: 32/32 Marker (S.9-40)
    GA066/2: 34/37 Marker (S.41-77)
    GA066/3: 35/35 Marker (S.78-112)
    GA066/4: 37/37 Marker (S.113-149)
    GA066/5: 40/40 Marker (S.150-189)
    GA066/6: 25/38 Marker (S.190-227)
    GA066/7: 37/52 Marker (S.228-279)

  Gesamt: 240 Marker in 7 Dateien
  JSON: 0 Marker
  MD: 0 Marker

============================================================
Verarbeite GA067
============================================================

============================================================
Verarbeite GA067
============================================================
  PDF: Steiner, Rudolf GA 067, 1992 - Das Ewige in der Menschenseele.pdf
  Extrahiere PDF-Seiten...
  392 Seiten mit Seitenzahlen
  10 Vorträge geladen
    GA067/1: 28 Marker (S.9-362) - ZIEL UND WESEN DER GEISTESFORSCHUNG
    GA067/2: 0 Marker (S.363-67) - DER MENSCH ALS GEIST- UND SEELENWESEN
    GA067/3: 35 Marker (S.68-102) - GOETHE ALS VATER DER GEISTESFORSCHUNG
    GA067/4: 35 Marker (S.103-137) - GEIST
    GA067/5: 38 Marker (S.138-176) - DIE NATUR UND IHRE RÄTSEL IM LICHTE DER 
    GA067/6: 36 Marker (S.177-213) - DAS GESCHICHTLICHE LEBEN DER MENSCHHEIT 
    GA067/7: 40 Marker (S.214-254) - DIE OFFENBARUNGEN DES UNBEWUSSTEN VOM GE
    GA067/8: 26 Marker (S.255-289) - DER ÜBERSINNLICHE MENSCH
    GA067/9: 23 Marker (S.290-323) - DER ÜBERSINNLICHE MENSCH
    GA067/10: 36 Marker (S.324-392) - DER ÜBERSINNLICHE MENSCH

  Gesamt: 297 Marker eingefügt
  Gespeichert in: GA067.json
  Archiviert: GA067.json

============================================================
Verarbeite GA067 (MD)
============================================================
  MD-Ordner: GA067-Das Ewige in der Menschenseele
  PDF: Steiner, Rudolf GA 067, 1992 - Das Ewige in der Menschenseele.pdf
  Extrahiere PDF-Seiten...
  392 Seiten mit Seitenzahlen
  11 MD-Dateien gefunden
    GA067/1: 28/354 Marker (S.9-362)
    GA067/10: 36/69 Marker (S.324-392)
    GA067/2: 0/-295 Marker (S.363-67)
    GA067/3: 35/35 Marker (S.68-102)
    GA067/4: 35/35 Marker (S.103-137)
    GA067/5: 37/39 Marker (S.138-176)
    GA067/6: 36/37 Marker (S.177-213)
    GA067/7: 39/41 Marker (S.214-254)
    GA067/8: 26/35 Marker (S.255-289)
    GA067/9: 23/34 Marker (S.290-323)

  Gesamt: 295 Marker in 10 Dateien
  JSON: 0 Marker
  MD: 0 Marker

============================================================
Verarbeite GA068
============================================================

============================================================
Verarbeite GA068
============================================================
  PDF: Steiner, Rudolf GA 068a, 2002 - Über das Wesen des Christentums.pdf
  Extrahiere PDF-Seiten...
  0 Seiten mit Seitenzahlen

============================================================
Verarbeite GA068 (MD)
============================================================
  MD-Ordner: GA068a-Über das Wesen des Christentums
  PDF: Steiner, Rudolf GA 068a, 2002 - Über das Wesen des Christentums.pdf
  Extrahiere PDF-Seiten...
  0 Seiten mit Seitenzahlen
  JSON: 0 Marker
  MD: 0 Marker

============================================================
Verarbeite GA069
============================================================

============================================================
Verarbeite GA069
============================================================
  PDF: Steiner, Rudolf GA 069a, 2007 - Wahrheiten und Irrtümer der Geistesforschung.pdf
  Extrahiere PDF-Seiten...
  0 Seiten mit Seitenzahlen

============================================================
Verarbeite GA069 (MD)
============================================================
  MD-Ordner: GA069a-Wahrheiten und Irrtümer der Geistesforschung
  PDF: Steiner, Rudolf GA 069a, 2007 - Wahrheiten und Irrtümer der Geistesforschung.pdf
  Extrahiere PDF-Seiten...
  0 Seiten mit Seitenzahlen
  JSON: 0 Marker
  MD: 0 Marker

============================================================
Verarbeite GA070
============================================================

============================================================
Verarbeite GA070
============================================================
  PDF: Steiner, Rudolf GA 070a, 2022 - Menschenseele.pdf
  Extrahiere PDF-Seiten...
  0 Seiten mit Seitenzahlen

============================================================
Verarbeite GA070 (MD)
============================================================
  MD-Ordner: GA070a-Menschenseele, Schicksal und Tod
  PDF: Steiner, Rudolf GA 070a, 2022 - Menschenseele.pdf
  Extrahiere PDF-Seiten...
  0 Seiten mit Seitenzahlen
  JSON: 0 Marker
  MD: 0 Marker

============================================================
Verarbeite GA071
============================================================

============================================================
Verarbeite GA071
============================================================
  FEHLER: Keine PDF gefunden

============================================================
Verarbeite GA071 (MD)
============================================================
  MD-Ordner: GA071b-Der Mensch als Geist- und Seelenwesen
  FEHLER: Keine PDF gefunden
  JSON: 0 Marker
  MD: 0 Marker

============================================================
Verarbeite GA072
============================================================

============================================================
Verarbeite GA072
============================================================
  PDF: Steiner, Rudolf GA 072, 1990 - Freiheit, Unsterblichkeit, soziales Leben.pdf
  Extrahiere PDF-Seiten...
  438 Seiten mit Seitenzahlen
  10 Vorträge geladen
    GA072/1: 48 Marker (S.15-63) - DIE MENSCHENSEELE IM REICHE DES ÜBERSINN
    GA072/2: 43 Marker (S.64-106) - ANTHROPOSOPHIE STÖRT NIEMANDES RELIGIÖSE
    GA072/3: 42 Marker (S.107-149) - GEISTESWISSENSCHAFTLICHE (ANTHROPOSOPHIS
    GA072/4: 37 Marker (S.150-186) - DIE WISSENSCHAFT DES ÜBERSINNLICHEN UND 
    GA072/5: 44 Marker (S.187-230) - DAS WIRKEN DER SEELENKRÄFTE IM MENSCHEN 
    GA072/6: 43 Marker (S.231-273) - GEISTESWISSENSCHAFTLICHE ERGEBNISSE ÜBER
    GA072/7: 33 Marker (S.274-306) - DAS WESEN DER MENSCHENSEELE UND DIE NATU
    GA072/8: 31 Marker (S.307-338) - RECHTFERTIGUNG DER ÜBERSINNLICHEN ERKENN
    GA072/9: 37 Marker (S.339-375) - RECHTFERTIGUNG DER SEELENWISSENSCHAFT IM
    GA072/10: 42 Marker (S.376-438) - SITTLICHES

  Gesamt: 400 Marker eingefügt
  Gespeichert in: GA072.json
  Archiviert: GA072.json

============================================================
Verarbeite GA072 (MD)
============================================================
  MD-Ordner: GA072-Freiheit Unsterblichkeit Soziales Leben
  PDF: Steiner, Rudolf GA 072, 1990 - Freiheit, Unsterblichkeit, soziales Leben.pdf
  Extrahiere PDF-Seiten...
  438 Seiten mit Seitenzahlen
  12 MD-Dateien gefunden
    GA072/1: 48/49 Marker (S.15-63)
    GA072/1: 48/49 Marker (S.15-63)
    GA072/10: 42/63 Marker (S.376-438)
    GA072/2: 43/43 Marker (S.64-106)
    GA072/3: 42/43 Marker (S.107-149)
    GA072/4: 37/37 Marker (S.150-186)
    GA072/5: 44/44 Marker (S.187-230)
    GA072/6: 43/43 Marker (S.231-273)
    GA072/7: 33/33 Marker (S.274-306)
    GA072/8: 31/32 Marker (S.307-338)
    GA072/9: 36/37 Marker (S.339-375)

  Gesamt: 447 Marker in 11 Dateien
  JSON: 0 Marker
  MD: 0 Marker

============================================================
Verarbeite GA073
============================================================

============================================================
Verarbeite GA073
============================================================
  PDF: Steiner, Rudolf GA 073, 1987 - Die Ergänzung heutiger Wissenschaften durch die Anthroposophie.pdf
  Extrahiere PDF-Seiten...
  400 Seiten mit Seitenzahlen
  8 Vorträge geladen
    GA073/1: 42 Marker (S.9-55) - ANTHROPOSPOPHIE UND SEELENWISSENSCHAFT
    GA073/2: 44 Marker (S.56-109) - ANTHROPOSOPHIE UND GESCHICHTSWISSENSCHAF
    GA073/3: 54 Marker (S.110-164) - ANTHROPOSOPHIE UND NATURWISSENSCHAFT
    GA073/4: 48 Marker (S.165-214) - ANTHROPOSOPHIE UND SOZIALWISSENSCHAFT
    GA073/5: 37 Marker (S.215-252) - IST EINE ÜBERSINNLICHE ERKENNTNISWEISE W
    GA073/6: 40 Marker (S.253-293) - DER GEISTESWISSENSCHAFTLICHE AUFBAU DER 
    GA073/7: 38 Marker (S.294-331) - NATURERKENNTNIS
    GA073/8: 44 Marker (S.332-400) - DIE GESCHICHTE DER NEUZEIT IM LICHTE GEI

  Gesamt: 347 Marker eingefügt
  Gespeichert in: GA073.json
  Archiviert: GA073.json

============================================================
Verarbeite GA073 (MD)
============================================================
  MD-Ordner: GA073-Die Ergänzung heutiger Wissenschaften durch Anthroposophie
  PDF: Steiner, Rudolf GA 073, 1987 - Die Ergänzung heutiger Wissenschaften durch die Anthroposophie.pdf
  Extrahiere PDF-Seiten...
  400 Seiten mit Seitenzahlen
  9 MD-Dateien gefunden
    GA073/1: 42/47 Marker (S.9-55)
    GA073/2: 44/54 Marker (S.56-109)
    GA073/3: 54/55 Marker (S.110-164)
    GA073/4: 48/50 Marker (S.165-214)
    GA073/5: 37/38 Marker (S.215-252)
    GA073/6: 40/41 Marker (S.253-293)
    GA073/7: 38/38 Marker (S.294-331)
    GA073/8: 43/69 Marker (S.332-400)

  Gesamt: 346 Marker in 8 Dateien
  JSON: 0 Marker
  MD: 0 Marker

============================================================
Verarbeite GA074
============================================================

============================================================
Verarbeite GA074
============================================================
  PDF: Steiner, Rudolf GA 074, 1993 - Die Philosophie des Thomas von Aquino.pdf
  Extrahiere PDF-Seiten...
  174 Seiten mit Seitenzahlen
  3 Vorträge geladen
    GA074/1: 31 Marker (S.7-37) - THOMAS UND AUGUSTINUS
    GA074/2: 35 Marker (S.38-72) - DAS WESEN DES THOMISMUS
    GA074/3: 36 Marker (S.73-174) - DIE BEDEUTUNG DES THOMISMUS IN DER GEGEN

  Gesamt: 102 Marker eingefügt
  Gespeichert in: GA074.json
  Archiviert: GA074.json

============================================================
Verarbeite GA074 (MD)
============================================================
  MD-Ordner: GA074-Die Philosophie des Thomas von Aquino
  PDF: Steiner, Rudolf GA 074, 1993 - Die Philosophie des Thomas von Aquino.pdf
  Extrahiere PDF-Seiten...
  174 Seiten mit Seitenzahlen
  4 MD-Dateien gefunden
    GA074/1: 31/31 Marker (S.7-37)
    GA074/2: 35/35 Marker (S.38-72)
    GA074/3: 36/102 Marker (S.73-174)

  Gesamt: 102 Marker in 3 Dateien
  JSON: 0 Marker
  MD: 0 Marker

============================================================
Verarbeite GA075
============================================================

============================================================
Verarbeite GA075
============================================================
  PDF: Steiner, Rudolf GA 075, 2010 - Das Verhältnis der Anthroposophie.pdf
  Extrahiere PDF-Seiten...
  0 Seiten mit Seitenzahlen

============================================================
Verarbeite GA075 (MD)
============================================================
  MD-Ordner: GA075-Das Verhältnis der Anthroposophie zur Naturwissenschaft
  PDF: Steiner, Rudolf GA 075, 2010 - Das Verhältnis der Anthroposophie.pdf
  Extrahiere PDF-Seiten...
  0 Seiten mit Seitenzahlen
  JSON: 0 Marker
  MD: 0 Marker

============================================================
Verarbeite GA076
============================================================

============================================================
Verarbeite GA076
============================================================
  PDF: Steiner, Rudolf GA 076, 1977 - Die befruchtende Wirkung der Anthroposophie auf die Fachwissenschaften.pdf
  Extrahiere PDF-Seiten...
  264 Seiten mit Seitenzahlen
  12 Vorträge geladen
    GA076/1: 17 Marker (S.9-25) - ERÖFFNUNGSREDE
    GA076/2: 21 Marker (S.26-59) - PHILOSOPHIE
    GA076/3: 2 Marker (S.60-95) - Schlusswort zur Disputation über Philoso
    GA076/4: 2 Marker (S.96-264) - MATHEMATIK UND ANORGANISCHE NATURWISSENS
    GA076/5: 5 Marker (S.1-168) - Schlusswort zur Disputation
    GA076/6: 1 Marker (S.169-217) - ORGANISCHE NATURWISSENSCHAFTEN UND MEDIZ
    GA076/7: 1 Marker (S.218-264) - SPRACHWISSENSCHAFT
    GA076/8: 26 Marker (S.1-264) - Dritter Disputationsabend
    GA076/9: 4 Marker (S.1-264) - SOZIALWISSENSCHAFT UND SOZIALE PRAXIS
    GA076/10: 8 Marker (S.1-264) - Schlusswort zum vierten Disputationsaben
    GA076/11: 16 Marker (S.1-264) - Schlusswort zu einer Studentenversammlun
    GA076/12: 22 Marker (S.1-264) - SCHLUSSREDE

  Gesamt: 125 Marker eingefügt
  Gespeichert in: GA076.json
  Archiviert: GA076.json

============================================================
Verarbeite GA076 (MD)
============================================================
  MD-Ordner: GA076-Die befruchtende Wirkung der Anthroposophie auf die Fachwissenschaften
  PDF: Steiner, Rudolf GA 076, 1977 - Die befruchtende Wirkung der Anthroposophie auf die Fachwissenschaften.pdf
  Extrahiere PDF-Seiten...
  264 Seiten mit Seitenzahlen
  13 MD-Dateien gefunden
    GA076/1: 17/17 Marker (S.9-25)
    GA076/10: 8/264 Marker (S.1-264)
    GA076/11: 16/264 Marker (S.1-264)
    GA076/12: 22/264 Marker (S.1-264)
    GA076/2: 21/34 Marker (S.26-59)
    GA076/3: 2/36 Marker (S.60-95)
    GA076/4: 2/169 Marker (S.96-264)
    GA076/5: 5/168 Marker (S.1-168)
    GA076/6: 1/49 Marker (S.169-217)
    GA076/7: 1/47 Marker (S.218-264)
    GA076/8: 27/264 Marker (S.1-264)
    GA076/9: 4/264 Marker (S.1-264)

  Gesamt: 126 Marker in 12 Dateien
  JSON: 0 Marker
  MD: 0 Marker

============================================================
Verarbeite GA077
============================================================

============================================================
Verarbeite GA077
============================================================
  PDF: Steiner, Rudolf GA 077a, 1997 - Die Aufgabe der Anthroposophie gegenüber Wissenschaft und Leben.pdf
  Extrahiere PDF-Seiten...
  262 Seiten mit Seitenzahlen

============================================================
Verarbeite GA077 (MD)
============================================================
  MD-Ordner: GA077a-Die Aufgabe der Anthroposophie gegenüber Wissenschaft und Leben
  PDF: Steiner, Rudolf GA 077a, 1997 - Die Aufgabe der Anthroposophie gegenüber Wissenschaft und Leben.pdf
  Extrahiere PDF-Seiten...
  262 Seiten mit Seitenzahlen
  6 MD-Dateien gefunden
    GA077/1: 39/262 Marker (S.1-262)
    GA077/2: 17/262 Marker (S.1-262)
    GA077/3: 14/262 Marker (S.1-262)
    GA077/4: 16/262 Marker (S.1-262)
    GA077/5: 3/262 Marker (S.1-262)

  Gesamt: 89 Marker in 5 Dateien
  JSON: 0 Marker
  MD: 0 Marker

============================================================
Verarbeite GA078
============================================================

============================================================
Verarbeite GA078
============================================================
  PDF: Steiner, Rudolf GA 078, 1986 - Anthroposophie, ihre Erkenntniswurzeln und Lebensfrüchte.pdf
  Extrahiere PDF-Seiten...
  185 Seiten mit Seitenzahlen
  8 Vorträge geladen
    GA078/1: 18 Marker (S.7-24) - ERSTER VORTRAG
    GA078/2: 21 Marker (S.25-45) - ZWEITER VORTRAG
    GA078/3: 21 Marker (S.46-66) - DRITTER VORTRAG
    GA078/4: 20 Marker (S.67-86) - VIERTER VORTRAG
    GA078/5: 23 Marker (S.87-109) - FÜNFTER VORTRAG
    GA078/6: 22 Marker (S.110-131) - SECHSTER VORTRAG
    GA078/7: 21 Marker (S.132-152) - SIEBENTER VORTRAG
    GA078/8: 23 Marker (S.153-184) - ACHTER VORTRAG

  Gesamt: 169 Marker eingefügt
  Gespeichert in: GA078.json
  Archiviert: GA078.json

============================================================
Verarbeite GA078 (MD)
============================================================
  MD-Ordner: GA078-Anthroposophie ihre Erkenntniswurzeln und Lebensfrüchte
  PDF: Steiner, Rudolf GA 078, 1986 - Anthroposophie, ihre Erkenntniswurzeln und Lebensfrüchte.pdf
  Extrahiere PDF-Seiten...
  185 Seiten mit Seitenzahlen
  9 MD-Dateien gefunden
    GA078/1: 18/18 Marker (S.7-24)
    GA078/2: 21/21 Marker (S.25-45)
    GA078/3: 21/21 Marker (S.46-66)
    GA078/4: 20/20 Marker (S.67-86)
    GA078/5: 23/23 Marker (S.87-109)
    GA078/6: 22/22 Marker (S.110-131)
    GA078/7: 21/21 Marker (S.132-152)
    GA078/8: 23/32 Marker (S.153-184)

  Gesamt: 169 Marker in 8 Dateien
  JSON: 0 Marker
  MD: 0 Marker

============================================================
Verarbeite GA079
============================================================

============================================================
Verarbeite GA079
============================================================
  PDF: Steiner, Rudolf GA 079, 1988 - Die Wirklichkeit der höheren Welten.pdf
  Extrahiere PDF-Seiten...
  280 Seiten mit Seitenzahlen
  8 Vorträge geladen
    GA079/1: 25 Marker (S.9-42) - Die Wirklichkeit der höheren Welten Das 
    GA079/2: 32 Marker (S.43-74) - Wege zur Erkenntnis höherer Welten
    GA079/3: 29 Marker (S.75-103) - Grundlagen der Anthroposophie
    GA079/4: 23 Marker (S.104-138) - Der Mensch im Lichte der Anthroposophie
    GA079/5: 32 Marker (S.139-170) - DIE WELTENTWICKELUNG IM LICHTE DER ANTHR
    GA079/6: 31 Marker (S.171-201) - DIE NOTWENDIGKEIT DER KULTURERNEUERUNG
    GA079/7: 31 Marker (S.202-232) - JESUS ODER CHRISTUS
    GA079/8: 36 Marker (S.233-280) - DIE KARDINALFRAGE DES WIRTSCHAFTSLEBENS

  Gesamt: 239 Marker eingefügt
  Gespeichert in: GA079.json
  Archiviert: GA079.json

============================================================
Verarbeite GA079 (MD)
============================================================
  MD-Ordner: GA079-Die Wirklichkeit der höheren Welten
  PDF: Steiner, Rudolf GA 079, 1988 - Die Wirklichkeit der höheren Welten.pdf
  Extrahiere PDF-Seiten...
  280 Seiten mit Seitenzahlen
  9 MD-Dateien gefunden
    GA079/1: 25/34 Marker (S.9-42)
    GA079/2: 32/32 Marker (S.43-74)
    GA079/3: 29/29 Marker (S.75-103)
    GA079/4: 23/35 Marker (S.104-138)
    GA079/5: 31/32 Marker (S.139-170)
    GA079/6: 31/31 Marker (S.171-201)
    GA079/7: 31/31 Marker (S.202-232)
    GA079/8: 36/48 Marker (S.233-280)

  Gesamt: 238 Marker in 8 Dateien
  JSON: 0 Marker
  MD: 0 Marker

============================================================
Verarbeite GA080
============================================================

============================================================
Verarbeite GA080
============================================================
  PDF: Steiner, Rudolf GA 080a, 2019 - Das Wesen der Anthroposophie.pdf
  Extrahiere PDF-Seiten...
  0 Seiten mit Seitenzahlen

============================================================
Verarbeite GA080 (MD)
============================================================
  MD-Ordner: GA080a-Das Wesen der Anthroposophie
  PDF: Steiner, Rudolf GA 080a, 2019 - Das Wesen der Anthroposophie.pdf
  Extrahiere PDF-Seiten...
  0 Seiten mit Seitenzahlen
  JSON: 0 Marker
  MD: 0 Marker

============================================================
Verarbeite GA081
============================================================

============================================================
Verarbeite GA081
============================================================
  PDF: Steiner, Rudolf GA 081, 1994 - Erneuerungsimpulse für Kultur und Wissenschaft. Berliner Hochschulkurs.pdf
  Extrahiere PDF-Seiten...
  226 Seiten mit Seitenzahlen
  7 Vorträge geladen
    GA081/1: 23 Marker (S.13-35) - ERSTER VORTRAG ANTHROPOSOPHIE UND NATURW
    GA081/2: 18 Marker (S.36-53) - ZWEITER VORTRAG DIE MENSCHLICHE UND DIE 
    GA081/3: 21 Marker (S.54-74) - DRITTER VORTRAG ANTHROPOSOPHIE UND PHILO
    GA081/4: 20 Marker (S.75-95) - VIERTER VORTRAG ANTHROPOSOPHIE UND ERZIE
    GA081/5: 22 Marker (S.96-117) - FÜNFTER VORTRAG ANTHROPOSOPHIE UND SOZIA
    GA081/6: 22 Marker (S.118-139) - SECHSTER VORTRAG ANTHROPOSOPHIE UND THEO
    GA081/7: 19 Marker (S.140-226) - SIEBENTER VORTRAG ANTHROPOSOPHIE UND SPR

  Gesamt: 145 Marker eingefügt
  Gespeichert in: GA081.json
  Archiviert: GA081.json

============================================================
Verarbeite GA081 (MD)
============================================================
  MD-Ordner: GA081-Erneuerungs-Impulse für Kultur und Wissenschaft
  PDF: Steiner, Rudolf GA 081, 1994 - Erneuerungsimpulse für Kultur und Wissenschaft. Berliner Hochschulkurs.pdf
  Extrahiere PDF-Seiten...
  226 Seiten mit Seitenzahlen
  9 MD-Dateien gefunden
    GA081/1: 23/23 Marker (S.13-35)
    GA081/2: 18/18 Marker (S.36-53)
    GA081/3: 21/21 Marker (S.54-74)
    GA081/4: 20/21 Marker (S.75-95)
    GA081/5: 22/22 Marker (S.96-117)
    GA081/6: 22/22 Marker (S.118-139)
    GA081/7: 19/87 Marker (S.140-226)
    GA081/8: 20/226 Marker (S.1-226)

  Gesamt: 165 Marker in 8 Dateien
  JSON: 0 Marker
  MD: 0 Marker

============================================================
Verarbeite GA082
============================================================

============================================================
Verarbeite GA082
============================================================
  PDF: Steiner, Rudolf GA 082, 1994 - Damit der Mensch ganz Mensch werde.pdf
  Extrahiere PDF-Seiten...
  264 Seiten mit Seitenzahlen
  7 Vorträge geladen
    GA082/1: 33 Marker (S.15-47) - DIE ANTHROPOSOPHIE UND DAS GEISTESLEBEN 
    GA082/2: 29 Marker (S.48-76) - ZWEITER VORTRAG DIE STELLUNG DER ANTHROP
    GA082/3: 34 Marker (S.77-111) - DIE BILDENDE KUNST
    GA082/4: 25 Marker (S.112-145) - VIERTER VORTRAG DIE ANTHROPOSOPHISCHE FO
    GA082/5: 41 Marker (S.146-187) - FÜNFTER VORTRAG WICHTIGE ANTHROPOSOPHISC
    GA082/6: 48 Marker (S.188-242) - SECHSTER VORTRAG ANTHROPOSOPHIE UND AGNO
    GA082/7: 8 Marker (S.243-264) - ANHANG

  Gesamt: 218 Marker eingefügt
  Gespeichert in: GA082.json
  Archiviert: GA082.json

============================================================
Verarbeite GA082 (MD)
============================================================
  MD-Ordner: GA082-Damit der Mensch ganz Mensch werde
  PDF: Steiner, Rudolf GA 082, 1994 - Damit der Mensch ganz Mensch werde.pdf
  Extrahiere PDF-Seiten...
  264 Seiten mit Seitenzahlen
  8 MD-Dateien gefunden
    GA082/1: 33/33 Marker (S.15-47)
    GA082/2: 29/29 Marker (S.48-76)
    GA082/3: 34/35 Marker (S.77-111)
    GA082/4: 25/34 Marker (S.112-145)
    GA082/5: 41/42 Marker (S.146-187)
    GA082/6: 47/55 Marker (S.188-242)
    GA082/7: 8/22 Marker (S.243-264)

  Gesamt: 217 Marker in 7 Dateien
  JSON: 0 Marker
  MD: 0 Marker

============================================================
Verarbeite GA083
============================================================

============================================================
Verarbeite GA083
============================================================
  PDF: Steiner, Rudolf GA 083, 1981 - Westliche und östliche Weltgegensätzlichkeit.pdf
  Extrahiere PDF-Seiten...
  389 Seiten mit Seitenzahlen
  10 Vorträge geladen
    GA083/1: 33 Marker (S.17-49) - ERSTER VORTRAG ANTHROPOSOPHIE UND NATURW
    GA083/2: 29 Marker (S.50-78) - ZWEITER VORTRAG ANTHROPOSOPHIE UND PSYCH
    GA083/3: 29 Marker (S.79-107) - DRITTER VORTRAG ANTHROPOSOPHIE UND WELTO
    GA083/4: 27 Marker (S.108-134) - VIERTER VORTRAG ANTHROPOSOPHIE UND WELTE
    GA083/5: 30 Marker (S.135-166) - FÜNFTER VORTRAG ANTHROPOSOPHIE UND KOSMO
    GA083/6: 28 Marker (S.167-388) - SECHSTER VORTRAG DIE ZEIT UND IHRE SOZIA
    GA083/7: 15 Marker (S.1-222) - SIEBENTER VORTRAG DIE ZEIT UND IHRE SOZI
    GA083/8: 28 Marker (S.223-250) - ACHTER VORTRAG
    GA083/9: 20 Marker (S.251-277) - NEUNTER VORTRAG DIE ZEIT UND IHRE SOZIAL
    GA083/10: 35 Marker (S.278-388) - ZEHNTER VORTRAG

  Gesamt: 274 Marker eingefügt
  Gespeichert in: GA083.json
  Archiviert: GA083.json

============================================================
Verarbeite GA083 (MD)
============================================================
  MD-Ordner: GA083-Westliche und östliche Weltgegensätzlichkeit
  PDF: Steiner, Rudolf GA 083, 1981 - Westliche und östliche Weltgegensätzlichkeit.pdf
  Extrahiere PDF-Seiten...
  389 Seiten mit Seitenzahlen
  11 MD-Dateien gefunden
    GA083/1: 33/33 Marker (S.17-49)
    GA083/10: 35/111 Marker (S.278-388)
    GA083/2: 29/29 Marker (S.50-78)
    GA083/3: 29/29 Marker (S.79-107)
    GA083/4: 27/27 Marker (S.108-134)
    GA083/5: 30/32 Marker (S.135-166)
    GA083/6: 28/222 Marker (S.167-388)
    GA083/7: 16/222 Marker (S.1-222)
    GA083/8: 28/28 Marker (S.223-250)
    GA083/9: 20/27 Marker (S.251-277)

  Gesamt: 275 Marker in 10 Dateien
  JSON: 0 Marker
  MD: 0 Marker

============================================================
Verarbeite GA084
============================================================

============================================================
Verarbeite GA084
============================================================
  PDF: Steiner, Rudolf GA 084, 1986 - Was wollte das Goetheanum und was will die Anthroposophie.pdf
  Extrahiere PDF-Seiten...
  304 Seiten mit Seitenzahlen
  11 Vorträge geladen
    GA084/1: 40 Marker (S.7-46) - WAS WOLLTE DAS GOETHEANUM UND WAS SOLL D
    GA084/2: 18 Marker (S.47-66) - DIE STEIGERUNG DER MENSCHLICHEN ERKENNTN
    GA084/3: 23 Marker (S.67-90) - DAS SEELENLEBEN DES MENSCHEN UND SEINE E
    GA084/4: 20 Marker (S.91-111) - DAS ANSCHAUUNGSERLEBNIS DER DENKTÄTIGKEI
    GA084/5: 22 Marker (S.112-133) - DIE PHYSISCHE WELT UND DIE MORALISCH-GEI
    GA084/6: 20 Marker (S.134-153) - DIE MENSCHLICHE ERKENNTNISFÄHIGKEIT IN D
    GA084/7: 25 Marker (S.154-178) - DIE SEELENEWIGKEIT IM LICHTE DER ANTHROP
    GA084/8: 30 Marker (S.179-208) - DIE MENSCHENENTWICKELUNG UND MENSCHENERZ
    GA084/9: 28 Marker (S.209-236) - DIE ÜBERSINNLICHE ERKENNTNIS - ANTHROPOS
    GA084/10: 31 Marker (S.237-267) - DIE ANTHROPOSOPHIE UND DIE ETHISCH-RELIG
    GA084/11: 20 Marker (S.268-304) - WIE ERLANGT MAN ERKENNTNIS DER ÜBERSINNL

  Gesamt: 277 Marker eingefügt
  Gespeichert in: GA084.json
  Archiviert: GA084.json

============================================================
Verarbeite GA084 (MD)
============================================================
  MD-Ordner: GA084-Was wollte das Goetheanum und was soll die Anthroposophie
  PDF: Steiner, Rudolf GA 084, 1986 - Was wollte das Goetheanum und was will die Anthroposophie.pdf
  Extrahiere PDF-Seiten...
  304 Seiten mit Seitenzahlen
  12 MD-Dateien gefunden
    GA084/1: 39/40 Marker (S.7-46)
    GA084/10: 31/31 Marker (S.237-267)
    GA084/11: 20/37 Marker (S.268-304)
    GA084/2: 18/20 Marker (S.47-66)
    GA084/3: 23/24 Marker (S.67-90)
    GA084/4: 19/21 Marker (S.91-111)
    GA084/5: 22/22 Marker (S.112-133)
    GA084/6: 20/20 Marker (S.134-153)
    GA084/7: 25/25 Marker (S.154-178)
    GA084/8: 30/30 Marker (S.179-208)
    GA084/9: 27/28 Marker (S.209-236)

  Gesamt: 274 Marker in 11 Dateien
  JSON: 0 Marker
  MD: 0 Marker

============================================================
Verarbeite GA085
============================================================

============================================================
Verarbeite GA085
============================================================
  FEHLER: Keine PDF gefunden

============================================================
Verarbeite GA085 (MD)
============================================================
  FEHLER: Kein MD-Ordner gefunden
  JSON: 0 Marker
  MD: 0 Marker

============================================================
Verarbeite GA086
============================================================

============================================================
Verarbeite GA086
============================================================
  FEHLER: Keine PDF gefunden

============================================================
Verarbeite GA086 (MD)
============================================================
  FEHLER: Kein MD-Ordner gefunden
  JSON: 0 Marker
  MD: 0 Marker

============================================================
Verarbeite GA087
============================================================

============================================================
Verarbeite GA087
============================================================
  PDF: Steiner, Rudolf GA 087, 2019 - Antike Mysterien und Christentum.pdf
  Extrahiere PDF-Seiten...
  0 Seiten mit Seitenzahlen

============================================================
Verarbeite GA087 (MD)
============================================================
  MD-Ordner: GA087-Antike Mysterien und Christentum
  PDF: Steiner, Rudolf GA 087, 2019 - Antike Mysterien und Christentum.pdf
  Extrahiere PDF-Seiten...
  0 Seiten mit Seitenzahlen
  JSON: 0 Marker
  MD: 0 Marker

============================================================
Verarbeite GA088
============================================================

============================================================
Verarbeite GA088
============================================================
  PDF: Steiner, Rudolf GA 088, 1999 - Über die astrale Welt und das Devachan.pdf
  Extrahiere PDF-Seiten...
  255 Seiten mit Seitenzahlen
  24 Vorträge geladen
    GA088/1: 4 Marker (S.13-18) - ZU DIESER AUSGABE
    GA088/2: 15 Marker (S.19-34) - ÜBER DIE ASTRALE WELT
    GA088/3: 13 Marker (S.35-47) - ZWEITER VORTRAG
    GA088/4: 11 Marker (S.48-58) - DRITTER VORTRAG
    GA088/5: 11 Marker (S.59-69) - VIERTER VORTRAG
    GA088/6: 9 Marker (S.70-79) - FÜNFTER VORTRAG
    GA088/7: 10 Marker (S.80-92) - SECHSTER VORTRAG
    GA088/8: 12 Marker (S.93-105) - DIE WELT DES GEISTES ODER DEVACHAN
    GA088/9: 12 Marker (S.106-118) - ZWEITER VORTRAG
    GA088/10: 14 Marker (S.119-132) - DRITTER VORTRAG
    GA088/11: 14 Marker (S.133-146) - VIERTER VORTRAG
    GA088/12: 6 Marker (S.147-158) - VIER PRIVATE LEHRSTUNDEN
    GA088/13: 7 Marker (S.159-256) - ZWEITE STUNDE
    GA088/14: 6 Marker (S.1-171) - DRITTE STUNDE
    GA088/15: 8 Marker (S.172-182) - VIERTE STUNDE
    GA088/16: 2 Marker (S.183-184) - WIEDERVERKÖRPERUNGSFRAGEN
    GA088/17: 4 Marker (S.185-188) - GEHEIMNISSE UND GEHEIMHALTUNG
    GA088/18: 6 Marker (S.189-194) - Autoreferat Rudolf Steiners
    GA088/19: 6 Marker (S.195-200) - PHYSISCHE KRANKHEITEN UND KOSMOLOGISCHE 
    GA088/20: 6 Marker (S.201-206) - ÜBER FRÜHERE GOTTESVORSTELLUNGEN
    GA088/21: 9 Marker (S.207-215) - ÜBER DEN SÜNDENFALL
    GA088/22: 8 Marker (S.216-223) - KOSMOLOGIE NACH DER GENESIS
    GA088/23: 10 Marker (S.224-233) - WELTENGESETZ UND MENSCHENSCHICKSAL
    GA088/24: 8 Marker (S.234-256) - ENTWICKLUNGSSTUFEN DER MENSCHHEIT

  Gesamt: 211 Marker eingefügt
  Gespeichert in: GA088.json
  Archiviert: GA088.json

============================================================
Verarbeite GA088 (MD)
============================================================
  MD-Ordner: GA088-Über die astrale Welt und das Devachan
  PDF: Steiner, Rudolf GA 088, 1999 - Über die astrale Welt und das Devachan.pdf
  Extrahiere PDF-Seiten...
  255 Seiten mit Seitenzahlen
  25 MD-Dateien gefunden
    GA088/1: 4/6 Marker (S.13-18)
    GA088/10: 14/14 Marker (S.119-132)
    GA088/11: 14/14 Marker (S.133-146)
    GA088/12: 5/12 Marker (S.147-158)
    GA088/13: 7/98 Marker (S.159-256)
    GA088/14: 6/171 Marker (S.1-171)
    GA088/15: 8/11 Marker (S.172-182)
    GA088/16: 2/2 Marker (S.183-184)
    GA088/17: 4/4 Marker (S.185-188)
    GA088/18: 6/6 Marker (S.189-194)
    GA088/19: 6/6 Marker (S.195-200)
    GA088/2: 15/16 Marker (S.19-34)
    GA088/20: 6/6 Marker (S.201-206)
    GA088/21: 9/9 Marker (S.207-215)
    GA088/22: 8/8 Marker (S.216-223)
    GA088/23: 10/10 Marker (S.224-233)
    GA088/24: 8/23 Marker (S.234-256)
    GA088/3: 13/13 Marker (S.35-47)
    GA088/4: 11/11 Marker (S.48-58)
    GA088/5: 11/11 Marker (S.59-69)
    GA088/6: 9/10 Marker (S.70-79)
    GA088/7: 10/13 Marker (S.80-92)
    GA088/8: 12/13 Marker (S.93-105)
    GA088/9: 12/13 Marker (S.106-118)

  Gesamt: 210 Marker in 24 Dateien
  JSON: 0 Marker
  MD: 0 Marker

============================================================
Verarbeite GA089
============================================================

============================================================
Verarbeite GA089
============================================================
  PDF: Steiner, Rudolf GA 089, 2001 - Bewußtsein, Leben, Form.pdf
  Extrahiere PDF-Seiten...
  334 Seiten mit Seitenzahlen
  41 Vorträge geladen
    GA089/1: 3 Marker (S.13-16) - ZU DIESER AUSGABE
    GA089/2: 1 Marker (S.17-20) - Leitworte
    GA089/3: 46 Marker (S.21-66) - GEISTESWISSENSCHAFTLICHE KOSMOLOGIE
    GA089/4: 4 Marker (S.67-70) - Die Entwicklung der Erde
    GA089/5: 1 Marker (S.71-72) - Das Wesen des Christus als der umgekehrt
    GA089/6: 4 Marker (S.73-78) - Die Namen der Wochentage und die Evoluti
    GA089/7: 12 Marker (S.79-92) - Theosophische Kosmologie
    GA089/8: 14 Marker (S.93-106) - Zweiter Vortrag
    GA089/9: 13 Marker (S.107-122) - Dritter Vortrag
    GA089/10: 4 Marker (S.123-126) - Die planetarische Entwicklung
    GA089/11: 3 Marker (S.127-129) - Zweiter Vortrag
    GA089/12: 1 Marker (S.130-130) - Übersicht über die Unterrassen der fünft
    GA089/13: 11 Marker (S.131-141) - Drittter Vortrag
    GA089/14: 7 Marker (S.142-148) - Fünfter Vortrag
    GA089/15: 5 Marker (S.149-154) - Sechster Vortrag
    GA089/16: 8 Marker (S.155-162) - Siebenter Vortrag
    GA089/17: 6 Marker (S.163-168) - Achter Vortrag
    GA089/18: 7 Marker (S.169-175) - Neunter Vortrag
    GA089/19: 7 Marker (S.176-185) - Zehnter Vortrag
    GA089/20: 8 Marker (S.186-193) - Elfter Vortrag
    GA089/21: 10 Marker (S.194-334) - Zwölfter Vortrag
    GA089/22: 2 Marker (S.1-334) - LOGOSOPHIE - KOSMOSOPHIE
    GA089/23: 3 Marker (S.1-334) - Die erste
    GA089/24: 2 Marker (S.1-222) - Transkription der Handschrift Peelen
    GA089/25: 5 Marker (S.223-334) - Zeichen und Entwicklung der drei Logoi i
    GA089/26: 6 Marker (S.1-235) - Der erste
    GA089/27: 1 Marker (S.236-236) - Die Logot
    GA089/28: 4 Marker (S.237-334) - Der Heilige Geist offenbart sich zurück 
    GA089/29: 4 Marker (S.1-244) - Evolution und Involution
    GA089/30: 5 Marker (S.245-250) - Sein
    GA089/31: 4 Marker (S.251-254) - Sein
    GA089/32: 3 Marker (S.255-258) - Über die Logoi
    GA089/33: 0 Marker (S.259-258) - ANHANG
    GA089/34: 5 Marker (S.259-263) - Aus Vortrag Berlin
    GA089/35: 4 Marker (S.264-267) - Aus Vortrag Stuttgart
    GA089/36: 2 Marker (S.268-272) - Aus Vortrag Berlin
    GA089/37: 3 Marker (S.273-279) - Über die Kabbala
    GA089/38: 6 Marker (S.280-287) - Symbole als Ausdruck der Urweisheit
    GA089/39: 9 Marker (S.288-317) - Über das zehnblättrige Buch
    GA089/40: 4 Marker (S.318-326) - SONDERHINWEIS. Zu den Evolutionsmetamorp
    GA089/41: 2 Marker (S.327-334) - ERKLÄRUNG INDISCH-THEOSOPHISCHER AUSDRÜC

  Gesamt: 249 Marker eingefügt
  Gespeichert in: GA089.json
  Archiviert: GA089.json

============================================================
Verarbeite GA089 (MD)
============================================================
  MD-Ordner: GA089-Bewusstsein Leben Form
  PDF: Steiner, Rudolf GA 089, 2001 - Bewußtsein, Leben, Form.pdf
  Extrahiere PDF-Seiten...
  334 Seiten mit Seitenzahlen
  42 MD-Dateien gefunden
    GA089/1: 3/4 Marker (S.13-16)
    GA089/10: 4/4 Marker (S.123-126)
    GA089/11: 3/3 Marker (S.127-129)
    GA089/12: 1/1 Marker (S.130-130)
    GA089/13: 11/11 Marker (S.131-141)
    GA089/14: 6/7 Marker (S.142-148)
    GA089/15: 5/6 Marker (S.149-154)
    GA089/16: 8/8 Marker (S.155-162)
    GA089/17: 6/6 Marker (S.163-168)
    GA089/18: 7/7 Marker (S.169-175)
    GA089/19: 7/10 Marker (S.176-185)
    GA089/2: 1/4 Marker (S.17-20)
    GA089/20: 8/8 Marker (S.186-193)
    GA089/21: 10/141 Marker (S.194-334)
    GA089/22: 2/334 Marker (S.1-334)
    GA089/23: 3/334 Marker (S.1-334)
    GA089/24: 3/222 Marker (S.1-222)
    GA089/25: 4/112 Marker (S.223-334)
    GA089/26: 6/235 Marker (S.1-235)
    GA089/27: 1/1 Marker (S.236-236)
    GA089/28: 4/98 Marker (S.237-334)
    GA089/29: 4/244 Marker (S.1-244)
    GA089/3: 45/46 Marker (S.21-66)
    GA089/30: 4/6 Marker (S.245-250)
    GA089/31: 4/4 Marker (S.251-254)
    GA089/32: 3/4 Marker (S.255-258)
    GA089/33: 0/0 Marker (S.259-258)
    GA089/34: 5/5 Marker (S.259-263)
    GA089/35: 4/4 Marker (S.264-267)
    GA089/36: 2/5 Marker (S.268-272)
    GA089/37: 3/7 Marker (S.273-279)
    GA089/38: 6/8 Marker (S.280-287)
    GA089/39: 9/30 Marker (S.288-317)
    GA089/4: 4/4 Marker (S.67-70)
    GA089/40: 4/9 Marker (S.318-326)
    GA089/41: 2/8 Marker (S.327-334)
    GA089/5: 1/2 Marker (S.71-72)
    GA089/6: 3/6 Marker (S.73-78)
    GA089/7: 12/14 Marker (S.79-92)
    GA089/8: 14/14 Marker (S.93-106)
    GA089/9: 13/16 Marker (S.107-122)

  Gesamt: 245 Marker in 41 Dateien
  JSON: 0 Marker
  MD: 0 Marker

============================================================
Verarbeite GA090
============================================================

============================================================
Verarbeite GA090
============================================================
  PDF: Steiner, Rudolf GA 090a, 2018 - Selbsterkenntnis und Gotteserkenntnis.pdf
  Extrahiere PDF-Seiten...
  0 Seiten mit Seitenzahlen

============================================================
Verarbeite GA090 (MD)
============================================================
  MD-Ordner: GA090a-Selbsterkenntnis und Gotteserkenntnis I
  PDF: Steiner, Rudolf GA 090a, 2018 - Selbsterkenntnis und Gotteserkenntnis.pdf
  Extrahiere PDF-Seiten...
  0 Seiten mit Seitenzahlen
  JSON: 0 Marker
  MD: 0 Marker

============================================================
Verarbeite GA091
============================================================

============================================================
Verarbeite GA091
============================================================
  PDF: Steiner, Rudolf GA 091, 2018 - Kosmologie und menschliche Evolution.pdf
  Extrahiere PDF-Seiten...
  0 Seiten mit Seitenzahlen

============================================================
Verarbeite GA091 (MD)
============================================================
  MD-Ordner: GA091-Kosmologie und menschliche Evolution
  PDF: Steiner, Rudolf GA 091, 2018 - Kosmologie und menschliche Evolution.pdf
  Extrahiere PDF-Seiten...
  0 Seiten mit Seitenzahlen
  JSON: 0 Marker
  MD: 0 Marker

============================================================
Verarbeite GA092
============================================================

============================================================
Verarbeite GA092
============================================================
  PDF: Steiner, Rudolf GA 092, 1999 - Die okkulten Wahrheiten alter Mythen und Sagen.pdf
  Extrahiere PDF-Seiten...
  198 Seiten mit Seitenzahlen
  16 Vorträge geladen
    GA092/1: 7 Marker (S.15-21) - GRIECHISCHE UND GERMANISCHE MYTHOLOGIE. 
    GA092/2: 7 Marker (S.22-28) - GRIECHISCHE UND GERMANISCHE MYTHOLOGIE. 
    GA092/3: 8 Marker (S.29-36) - GRIECHISCHE UND GERMANISCHE MYTHOLOGIE. 
    GA092/4: 8 Marker (S.37-44) - GRIECHISCHE UND GERMANISCHE MYTHOLOGIE. 
    GA092/5: 8 Marker (S.45-52) - GRIECHISCHE UND GERMANISCHE MYTHOLOGIE. 
    GA092/6: 5 Marker (S.53-58) - GRIECHISCHE UND GERMANISCHE MYTHOLOGIE. 
    GA092/7: 12 Marker (S.59-70) - GRIECHISCHE UND GERMANISCHE MYTHOLOGIE. 
    GA092/8: 12 Marker (S.71-82) - GRIECHISCHE UND GERMANISCHE MYTHOLOGIE. 
    GA092/9: 10 Marker (S.83-93) - GRIECHISCHE UND GERMANISCHE MYTHOLOGIE. 
    GA092/10: 11 Marker (S.94-108) - GRIECHISCHE UND GERMANISCHE MYTHOLOGIE. 
    GA092/11: 7 Marker (S.109-115) - RICHARD WAGNER IM LICHTE DER GEISTESWISS
    GA092/12: 7 Marker (S.116-122) - RICHARD WAGNER IM LICHTE DER GEISTESWISS
    GA092/13: 9 Marker (S.123-131) - RICHARD WAGNER IM LICHTE DER GEISTESWISS
    GA092/14: 15 Marker (S.132-146) - RICHARD WAGNER IM LICHTE DER GEISTESWISS
    GA092/15: 11 Marker (S.147-157) - VORTRAG
    GA092/16: 20 Marker (S.158-198) - ÖFFENTLICHER VORTRAG

  Gesamt: 157 Marker eingefügt
  Gespeichert in: GA092.json
  Archiviert: GA092.json

============================================================
Verarbeite GA092 (MD)
============================================================
  MD-Ordner: GA092-Die okkulten Wahrheiten alter Mythen und Sagen
  PDF: Steiner, Rudolf GA 092, 1999 - Die okkulten Wahrheiten alter Mythen und Sagen.pdf
  Extrahiere PDF-Seiten...
  198 Seiten mit Seitenzahlen
  17 MD-Dateien gefunden
    GA092/1: 7/7 Marker (S.15-21)
    GA092/10: 11/15 Marker (S.94-108)
    GA092/11: 7/7 Marker (S.109-115)
    GA092/12: 7/7 Marker (S.116-122)
    GA092/13: 9/9 Marker (S.123-131)
    GA092/14: 15/15 Marker (S.132-146)
    GA092/15: 11/11 Marker (S.147-157)
    GA092/16: 20/41 Marker (S.158-198)
    GA092/2: 7/7 Marker (S.22-28)
    GA092/3: 8/8 Marker (S.29-36)
    GA092/4: 8/8 Marker (S.37-44)
    GA092/5: 8/8 Marker (S.45-52)
    GA092/6: 5/6 Marker (S.53-58)
    GA092/7: 12/12 Marker (S.59-70)
    GA092/8: 12/12 Marker (S.71-82)
    GA092/9: 10/11 Marker (S.83-93)

  Gesamt: 157 Marker in 16 Dateien
  JSON: 0 Marker
  MD: 0 Marker

============================================================
Verarbeite GA093
============================================================

============================================================
Verarbeite GA093
============================================================
  PDF: Steiner, Rudolf GA 093, 1991 - Die Tempellegende und die goldene Legende.pdf
  Extrahiere PDF-Seiten...
  378 Seiten mit Seitenzahlen
  26 Vorträge geladen
    GA093/1: 4 Marker (S.15-20) - Hinweis
    GA093/2: 12 Marker (S.21-32) - PFINGSTEN
    GA093/3: 9 Marker (S.33-41) - DER GEGENSATZ VON KAIN UND ABEL
    GA093/4: 5 Marker (S.42-46) - DIE MYSTERIEN DER DRUIDEN UND DROTTEN
    GA093/5: 11 Marker (S.47-57) - DIE PROMETHEUSSAGE
    GA093/6: 10 Marker (S.58-67) - DAS MYSTERIUM DER ROSENKREUZER
    GA093/7: 11 Marker (S.68-79) - DER MANICHÄISMUS
    GA093/8: 11 Marker (S.80-90) - WESEN UND AUFGABE DER FREIMAUREREI VOM G
    GA093/9: 11 Marker (S.91-102) - WESEN UND AUFGABE DER FREIMAUREREI VOM G
    GA093/10: 13 Marker (S.103-115) - WESEN UND AUFGABE DER FREIMAUREREI VOM G
    GA093/11: 11 Marker (S.116-128) - DER DEN GEHEIMGESELLSCHAFTEN ZUGRUNDE LI
    GA093/12: 0 Marker (S.129-128) - ÜBER DEN VERLORENEN UND WIEDERZUERRICHTE
    GA093/13: 0 Marker (S.129-128) - ÜBER DEN VERLORENEN UND WIEDERZUERRICHTE
    GA093/14: 0 Marker (S.129-128) - ÜBER DEN VERLORENEN UND WIEDERZUERRICHTE
    GA093/15: 14 Marker (S.129-185) - ÜBER DEN VERLORENEN UND WIEDERZUERRICHTE
    GA093/16: 11 Marker (S.186-198) - DER LOGOS UND DIE ATOME IM LICHTE DES OK
    GA093/17: 16 Marker (S.199-214) - DAS VERHÄLTNIS DES OKKULTISMUS ZUR THEOS
    GA093/18: 13 Marker (S.215-227) - FREIMAUREREI UND MENSCHHEITSENTWICKELUNG
    GA093/19: 15 Marker (S.228-242) - FREIMAUREREI UND MENSCHHEITSENTWICKELUNG
    GA093/20: 15 Marker (S.243-376) - DIE BEZIEHUNG DER OKKULTEN ERKENNTNISSE 
    GA093/21: 6 Marker (S.1-293) - DIE KÖNIGLICHE KUNST IN EINER NEUEN FORM
    GA093/22: 2 Marker (S.294-353) - ÜBER GOETHE UND SEIN VERHÄLTNIS ZUM ROSE
    GA093/23: 4 Marker (S.354-357) - SONDERHINWEIS zu den in diesen Vorträgen
    GA093/24: 3 Marker (S.358-360) - DIE DRUIDEN
    GA093/25: 2 Marker (S.361-362) - SKANDINAVISCHE MYSTERIEN
    GA093/26: 4 Marker (S.363-376) - DIE TEMPELLEGENDE

  Gesamt: 213 Marker eingefügt
  Gespeichert in: GA093.json
  Archiviert: GA093.json

============================================================
Verarbeite GA093 (MD)
============================================================
  MD-Ordner: GA093-Die Tempellegende und die goldene Legende als symbolischer Ausdruck vergangener und zukünftiger Entwickelungsgeheimnisse - alt
  PDF: Steiner, Rudolf GA 093, 1991 - Die Tempellegende und die goldene Legende.pdf
  Extrahiere PDF-Seiten...
  378 Seiten mit Seitenzahlen
  27 MD-Dateien gefunden
    GA093/1: 4/6 Marker (S.15-20)
    GA093/10: 13/13 Marker (S.103-115)
    GA093/11: 11/13 Marker (S.116-128)
    GA093/12: 0/0 Marker (S.129-128)
    GA093/13: 0/0 Marker (S.129-128)
    GA093/14: 0/0 Marker (S.129-128)
    GA093/15: 14/57 Marker (S.129-185)
    GA093/16: 11/13 Marker (S.186-198)
    GA093/17: 16/16 Marker (S.199-214)
    GA093/18: 13/13 Marker (S.215-227)
    GA093/19: 15/15 Marker (S.228-242)
    GA093/2: 12/12 Marker (S.21-32)
    GA093/20: 15/134 Marker (S.243-376)
    GA093/21: 6/293 Marker (S.1-293)
    GA093/22: 2/60 Marker (S.294-353)
    GA093/23: 4/4 Marker (S.354-357)
    GA093/24: 3/3 Marker (S.358-360)
    GA093/25: 2/2 Marker (S.361-362)
    GA093/26: 4/14 Marker (S.363-376)
    GA093/3: 9/9 Marker (S.33-41)
    GA093/4: 5/5 Marker (S.42-46)
    GA093/5: 11/11 Marker (S.47-57)
    GA093/6: 10/10 Marker (S.58-67)
    GA093/7: 11/12 Marker (S.68-79)
    GA093/8: 11/11 Marker (S.80-90)
    GA093/9: 11/12 Marker (S.91-102)

  Gesamt: 213 Marker in 26 Dateien
  JSON: 0 Marker
  MD: 0 Marker

============================================================
Verarbeite GA094
============================================================

============================================================
Verarbeite GA094
============================================================
  PDF: Steiner, Rudolf GA 094, 2001 - Kosmogonie.pdf
  Extrahiere PDF-Seiten...
  316 Seiten mit Seitenzahlen
  43 Vorträge geladen
    GA094/1: 5 Marker (S.17-21) - KOSMOGONIE. Erster Vortrag
    GA094/2: 5 Marker (S.22-26) - KOSMOGONIE. Zweiter Vortrag
    GA094/3: 4 Marker (S.27-30) - KOSMOGONIE. Dritter Vortrag
    GA094/4: 5 Marker (S.31-35) - KOSMOGONIE. Vierter Vortrag
    GA094/5: 6 Marker (S.36-41) - KOSMOGONIE. Fünfter Vortrag
    GA094/6: 6 Marker (S.42-47) - KOSMOGONIE. Sechster Vortrag
    GA094/7: 5 Marker (S.48-52) - KOSMOGONIE. Siebenter Vortrag
    GA094/8: 5 Marker (S.53-58) - KOSMOGONIE. Achter Vortrag
    GA094/9: 7 Marker (S.59-65) - KOSMOGONIE. Neunter Vortrag
    GA094/10: 6 Marker (S.66-71) - KOSMOGONIE. Zehnter Vortrag
    GA094/11: 7 Marker (S.72-319) - KOSMOGONIE. Elfter Vortrag
    GA094/12: 6 Marker (S.1-84) - KOSMOGONIE. Zwölfter Vortrag
    GA094/13: 8 Marker (S.85-92) - KOSMOGONIE. Dreizehnter Vortrag
    GA094/14: 4 Marker (S.93-96) - KOSMOGONIE. Vierzehnter Vortrag
    GA094/15: 8 Marker (S.97-104) - KOSMOGONIE. Fünfzehnter Vortrag
    GA094/16: 6 Marker (S.105-110) - KOSMOGONIE. Sechzehnter Vortrag
    GA094/17: 7 Marker (S.111-117) - KOSMOGONIE. Siebzehnter Vortrag
    GA094/18: 8 Marker (S.118-128) - KOSMOGONIE. Achtzehnter Vortrag
    GA094/19: 4 Marker (S.129-132) - POPULÄRER OKKULTISMUS. Erster Vortrag
    GA094/20: 8 Marker (S.133-140) - POPULÄRER OKKULTISMUS. Zweiter Vortrag
    GA094/21: 4 Marker (S.141-144) - POPULÄRER OKKULTISMUS. Dritter Vortrag
    GA094/22: 2 Marker (S.145-146) - POPULÄRER OKKULTISMUS. Vierter Vortrag
    GA094/23: 2 Marker (S.147-148) - POPULÄRER OKKULTISMUS. Fünfter Vortrag
    GA094/24: 5 Marker (S.149-153) - POPULÄRER OKKULTISMUS. Sechster Vortrag
    GA094/25: 2 Marker (S.154-155) - POPULÄRER OKKULTISMUS. Siebenter Vortrag
    GA094/26: 4 Marker (S.156-159) - POPULÄRER OKKULTISMUS. Achter Vortrag
    GA094/27: 4 Marker (S.160-163) - POPULÄRER OKKULTISMUS. Neunter Vortrag
    GA094/28: 4 Marker (S.164-167) - POPULÄRER OKKULTISMUS. Zehnter Vortrag
    GA094/29: 3 Marker (S.168-170) - POPULÄRER OKKULTISMUS. Elfter Vortrag
    GA094/30: 3 Marker (S.171-319) - POPULÄRER OKKULTISMUS. Zwölfter Vortrag
    GA094/31: 3 Marker (S.1-176) - POPULÄRER OKKULTISMUS. Dreizehnter Vortr
    GA094/32: 8 Marker (S.177-186) - POPULÄRER OKKULTISMUS. Vierzehnter Vortr
    GA094/33: 14 Marker (S.187-200) - DAS JOHANNES-EVANGELIUM. Erster Vortrag
    GA094/34: 5 Marker (S.201-206) - DAS JOHANNES-EVANGELIUM. Zweiter Vortrag
    GA094/35: 17 Marker (S.207-226) - DAS JOHANNES-EVANGELIUM. Dritter Vortrag
    GA094/36: 8 Marker (S.227-235) - DIE THEOSOPHIE AN HAND DES JOHANNES-EVAN
    GA094/37: 10 Marker (S.236-245) - DIE THEOSOPHIE AN HAND DES JOHANNES-EVAN
    GA094/38: 9 Marker (S.246-254) - DIE THEOSOPHIE AN HAND DES JOHANNES-EVAN
    GA094/39: 7 Marker (S.255-262) - DIE THEOSOPHIE AN HAND DES JOHANNES-EVAN
    GA094/40: 10 Marker (S.263-272) - DIE THEOSOPHIE AN HAND DES JOHANNES-EVAN
    GA094/41: 10 Marker (S.273-282) - DIE THEOSOPHIE AN HAND DES JOHANNES-EVAN
    GA094/42: 10 Marker (S.283-292) - DIE THEOSOPHIE AN HAND DES JOHANNES-EVAN
    GA094/43: 8 Marker (S.293-319) - DIE THEOSOPHIE AN HAND DES JOHANNES-EVAN

  Gesamt: 272 Marker eingefügt
  Gespeichert in: GA094.json
  Archiviert: GA094.json

============================================================
Verarbeite GA094 (MD)
============================================================
  MD-Ordner: GA094-Kosmogonie. Populärer Okkultismus. Das Johannes-Evangelium
  PDF: Steiner, Rudolf GA 094, 2001 - Kosmogonie.pdf
  Extrahiere PDF-Seiten...
  316 Seiten mit Seitenzahlen
  44 MD-Dateien gefunden
    GA094/1: 5/5 Marker (S.17-21)
    GA094/10: 6/6 Marker (S.66-71)
    GA094/11: 7/248 Marker (S.72-319)
    GA094/12: 6/84 Marker (S.1-84)
    GA094/13: 8/8 Marker (S.85-92)
    GA094/14: 4/4 Marker (S.93-96)
    GA094/15: 8/8 Marker (S.97-104)
    GA094/16: 6/6 Marker (S.105-110)
    GA094/17: 7/7 Marker (S.111-117)
    GA094/18: 8/11 Marker (S.118-128)
    GA094/19: 4/4 Marker (S.129-132)
    GA094/2: 5/5 Marker (S.22-26)
    GA094/20: 8/8 Marker (S.133-140)
    GA094/21: 4/4 Marker (S.141-144)
    GA094/22: 2/2 Marker (S.145-146)
    GA094/23: 2/2 Marker (S.147-148)
    GA094/24: 5/5 Marker (S.149-153)
    GA094/25: 2/2 Marker (S.154-155)
    GA094/26: 4/4 Marker (S.156-159)
    GA094/27: 4/4 Marker (S.160-163)
    GA094/28: 4/4 Marker (S.164-167)
    GA094/29: 3/3 Marker (S.168-170)
    GA094/3: 4/4 Marker (S.27-30)
    GA094/30: 3/149 Marker (S.171-319)
    GA094/31: 3/176 Marker (S.1-176)
    GA094/32: 8/10 Marker (S.177-186)
    GA094/33: 14/14 Marker (S.187-200)
    GA094/34: 5/6 Marker (S.201-206)
    GA094/35: 17/20 Marker (S.207-226)
    GA094/36: 8/9 Marker (S.227-235)
    GA094/37: 10/10 Marker (S.236-245)
    GA094/38: 9/9 Marker (S.246-254)
    GA094/39: 7/8 Marker (S.255-262)
    GA094/4: 5/5 Marker (S.31-35)
    GA094/40: 10/10 Marker (S.263-272)
    GA094/41: 10/10 Marker (S.273-282)
    GA094/42: 10/10 Marker (S.283-292)
    GA094/43: 8/27 Marker (S.293-319)
    GA094/5: 6/6 Marker (S.36-41)
    GA094/6: 6/6 Marker (S.42-47)
    GA094/7: 5/5 Marker (S.48-52)
    GA094/8: 4/6 Marker (S.53-58)
    GA094/9: 7/7 Marker (S.59-65)

  Gesamt: 271 Marker in 43 Dateien
  JSON: 0 Marker
  MD: 0 Marker

============================================================
Verarbeite GA095
============================================================

============================================================
Verarbeite GA095
============================================================
  PDF: Steiner, Rudolf GA 095, 1990 - Vor dem Tore der Theosophie.pdf
  Extrahiere PDF-Seiten...
  176 Seiten mit Seitenzahlen
  17 Vorträge geladen
    GA095/1: 8 Marker (S.11-18) - ERSTER VORTRAG
    GA095/2: 10 Marker (S.19-28) - ZWEITER VORTRAG
    GA095/3: 9 Marker (S.29-37) - DRITTER VORTRAG
    GA095/4: 9 Marker (S.38-46) - VIERTER VORTRAG
    GA095/5: 7 Marker (S.47-53) - FÜNFTER VORTRAG
    GA095/6: 10 Marker (S.54-63) - SECHSTER VORTRAG
    GA095/7: 9 Marker (S.64-72) - SIEBENTER VORTRAG
    GA095/8: 10 Marker (S.73-82) - ACHTER VORTRAG
    GA095/9: 9 Marker (S.83-91) - NEUNTER VORTRAG
    GA095/10: 10 Marker (S.92-101) - ZEHNTER VORTRAG
    GA095/11: 9 Marker (S.102-110) - ELFTER VORTRAG
    GA095/12: 12 Marker (S.111-122) - ZWÖLFTER VORTRAG
    GA095/13: 13 Marker (S.123-135) - DREIZEHNTER VORTRAG
    GA095/14: 14 Marker (S.136-149) - VIERZEHNTER VORTRAG
    GA095/15: 7 Marker (S.150-156) - FRAGENBEANTWORTUNG
    GA095/16: 7 Marker (S.157-169) - FRAGENBEANTWORTUNG
    GA095/17: 1 Marker (S.170-176) - SCHEMATISCHE ÜBERSICHT DER WELTENTWICKEL

  Gesamt: 154 Marker eingefügt
  Gespeichert in: GA095.json
  Archiviert: GA095.json

============================================================
Verarbeite GA095 (MD)
============================================================
  MD-Ordner: GA095-Vor dem Tore der Theosophie
  PDF: Steiner, Rudolf GA 095, 1990 - Vor dem Tore der Theosophie.pdf
  Extrahiere PDF-Seiten...
  176 Seiten mit Seitenzahlen
  18 MD-Dateien gefunden
    GA095/1: 8/8 Marker (S.11-18)
    GA095/10: 10/10 Marker (S.92-101)
    GA095/11: 9/9 Marker (S.102-110)
    GA095/12: 12/12 Marker (S.111-122)
    GA095/13: 13/13 Marker (S.123-135)
    GA095/14: 14/14 Marker (S.136-149)
    GA095/15: 6/7 Marker (S.150-156)
    GA095/16: 6/13 Marker (S.157-169)
    GA095/17: 1/7 Marker (S.170-176)
    GA095/2: 10/10 Marker (S.19-28)
    GA095/3: 9/9 Marker (S.29-37)
    GA095/4: 9/9 Marker (S.38-46)
    GA095/5: 7/7 Marker (S.47-53)
    GA095/6: 10/10 Marker (S.54-63)
    GA095/7: 9/9 Marker (S.64-72)
    GA095/8: 10/10 Marker (S.73-82)
    GA095/9: 9/9 Marker (S.83-91)

  Gesamt: 152 Marker in 17 Dateien
  JSON: 0 Marker
  MD: 0 Marker

============================================================
Verarbeite GA096
============================================================

============================================================
Verarbeite GA096
============================================================
  PDF: Steiner, Rudolf GA 096, 1989 - Ursprungsimpulse der Geisteswissenschaft.pdf
  Extrahiere PDF-Seiten...
  344 Seiten mit Seitenzahlen
  21 Vorträge geladen
    GA096/1: 15 Marker (S.13-28) - URSPRUNGSIMPULSE DER GEISTESWISSENSCHAFT
    GA096/2: 18 Marker (S.29-46) - ERDINNERES UND VULKANAUSBRÜCHE
    GA096/3: 12 Marker (S.47-59) - VERGANGENE UND KÜNFTIGE GEIST-ERKENNTNIS
    GA096/4: 11 Marker (S.60-70) - ERZIEHUNGSPRAXIS AUF DER GRUNDLAGE SPIRI
    GA096/5: 17 Marker (S.71-87) - DIE GEISTIGE ERKENNTNIS ALS HÖCHSTES BEF
    GA096/6: 17 Marker (S.88-104) - DIE GEISTIGE ERKENNTNIS ALS HÖCHSTES BEF
    GA096/7: 16 Marker (S.105-120) - KARMA UND EINZELHEITEN DER KARIBISCHEN G
    GA096/8: 17 Marker (S.121-344) - DIE BEZIEHUNG DER MENSCHLICHEN SINNE ZUR
    GA096/9: 17 Marker (S.1-155) - DER ERKENNTNISPFAD UND SEINE STUFEN
    GA096/10: 8 Marker (S.156-163) - DER ERKENNTNISPFAD UND SEINE STUFEN
    GA096/11: 13 Marker (S.164-176) - ERNÄHRUNGSFRAGEN UND HEILMETHODEN
    GA096/12: 9 Marker (S.177-185) - DIE TECHNIK DES KARMA
    GA096/13: 15 Marker (S.186-201) - ZEICHEN UND SYMBOLE DES WEIHNACHTSFESTES
    GA096/14: 18 Marker (S.202-220) - DAS VATERUNSER. EINE ESOTERISCHE BETRACH
    GA096/15: 16 Marker (S.221-236) - DAS VATERUNSER
    GA096/16: 13 Marker (S.237-249) - DER LEBENSLAUF DES MENSCHEN IM ZUSAMMENH
    GA096/17: 24 Marker (S.250-273) - DIE WELTGESCHICHTLICHE BEDEUTUNG DES AM 
    GA096/18: 24 Marker (S.274-344) - DIE REINIGUNG DES BLUTES VON DER ICH-SUC
    GA096/19: 1 Marker (S.1-297) - OSTERN
    GA096/20: 19 Marker (S.298-317) - DER ZUGANG ZUM CHRISTENTUM DURCH DIE GEI
    GA096/21: 10 Marker (S.318-344) - DIE DREI ASPEKTE DES PERSÖNLICHEN

  Gesamt: 310 Marker eingefügt
  Gespeichert in: GA096.json
  Archiviert: GA096.json

============================================================
Verarbeite GA096 (MD)
============================================================
  MD-Ordner: GA096-Ursprungsimpulse der Geisteswissenschaft
  PDF: Steiner, Rudolf GA 096, 1989 - Ursprungsimpulse der Geisteswissenschaft.pdf
  Extrahiere PDF-Seiten...
  344 Seiten mit Seitenzahlen
  22 MD-Dateien gefunden
    GA096/1: 15/16 Marker (S.13-28)
    GA096/10: 8/8 Marker (S.156-163)
    GA096/11: 13/13 Marker (S.164-176)
    GA096/12: 9/9 Marker (S.177-185)
    GA096/13: 15/16 Marker (S.186-201)
    GA096/14: 18/19 Marker (S.202-220)
    GA096/15: 16/16 Marker (S.221-236)
    GA096/16: 13/13 Marker (S.237-249)
    GA096/17: 24/24 Marker (S.250-273)
    GA096/18: 24/71 Marker (S.274-344)
    GA096/19: 1/297 Marker (S.1-297)
    GA096/2: 18/18 Marker (S.29-46)
    GA096/20: 19/20 Marker (S.298-317)
    GA096/21: 10/27 Marker (S.318-344)
    GA096/3: 12/13 Marker (S.47-59)
    GA096/4: 11/11 Marker (S.60-70)
    GA096/5: 17/17 Marker (S.71-87)
    GA096/6: 17/17 Marker (S.88-104)
    GA096/7: 16/16 Marker (S.105-120)
    GA096/8: 17/224 Marker (S.121-344)
    GA096/9: 17/155 Marker (S.1-155)

  Gesamt: 310 Marker in 21 Dateien
  JSON: 0 Marker
  MD: 0 Marker

============================================================
Verarbeite GA097
============================================================

============================================================
Verarbeite GA097
============================================================
  PDF: Steiner, Rudolf GA 097, 1998 - Das christliche Mysterium.pdf
  Extrahiere PDF-Seiten...
  344 Seiten mit Seitenzahlen
  31 Vorträge geladen
    GA097/1: 8 Marker (S.19-26) - DIE WAHRHEITSSPRACHE DER EVANGELIEN. DAS
    GA097/2: 10 Marker (S.27-36) - DAS RELIGIÖSE WELTBILD DES MITTELALTERS 
    GA097/3: 7 Marker (S.37-43) - DAS JOHANNES-EVANGELIUM ALS EINWEIHUNGSU
    GA097/4: 6 Marker (S.44-49) - DAS JOHANNES-EVANGELIUM ALS EINWEIHUNGSU
    GA097/5: 14 Marker (S.50-63) - DAS JOHANNES-EVANGELIUM
    GA097/6: 13 Marker (S.64-76) - DAS MYSTERIUM VON GOLGATHA
    GA097/7: 9 Marker (S.77-85) - DIE BEDEUTUNG DES CHRISTFESTES VOM GEIST
    GA097/8: 8 Marker (S.86-93) - DER URSPRUNG DER RELIGIONSBEKENNTNISSE U
    GA097/9: 8 Marker (S.94-101) - DIE BERGPREDIGT
    GA097/10: 16 Marker (S.102-117) - DAS VATERUNSER
    GA097/11: 7 Marker (S.118-124) - DAS VATERUNSER
    GA097/12: 9 Marker (S.125-133) - DIE ADEPTENSCHULE DER VERGANGENHEIT DIE 
    GA097/13: 8 Marker (S.134-141) - DIE VERHEISSUNG DES GEISTES DER WAHRHEIT
    GA097/14: 12 Marker (S.142-156) - FRÜHERE EINWEIHUNG UND ESOTERISCHES CHRI
    GA097/15: 8 Marker (S.157-164) - LUZIFER
    GA097/16: 6 Marker (S.165-170) - DIE KINDER DES LUZIFER DIE ABLÖSUNG DER 
    GA097/17: 6 Marker (S.171-178) - DER VERSTAND ALS GABE LUZIFERS UND SEINE
    GA097/18: 14 Marker (S.179-192) - DIE DREI EINWEIHUNGSPFADE
    GA097/19: 13 Marker (S.193-205) - DER JOGAPFAD
    GA097/20: 9 Marker (S.206-214) - WIE ERLANGT MAN ERKENNTNISSE DER HÖHEREN
    GA097/21: 11 Marker (S.215-225) - WER SIND DIE ROSENKREUZER
    GA097/22: 20 Marker (S.226-248) - DIE CHRISTLICHE EINWEIHUNG UND DIE ROSEN
    GA097/23: 9 Marker (S.249-257) - DAS KARMAGESETZ ALS WIRKUNG DES TATENLEB
    GA097/24: 12 Marker (S.258-344) - DAS GRALSGEHEIMNIS IM WERK RICHARD WAGNE
    GA097/25: 6 Marker (S.1-274) - DIE MUSIK DES «PARSIFAL» ALS AUSDRUCK DE
    GA097/26: 4 Marker (S.275-278) - DIE DREI ASPEKTE DER WELT
    GA097/27: 6 Marker (S.279-284) - DAS INNERE DER ERDE
    GA097/28: 7 Marker (S.285-292) - WELCHES SIND DIE GRÜNDE DAFÜR
    GA097/29: 6 Marker (S.293-299) - EDELSTEINE UND METALLE IN IHREM ZUSAMMEN
    GA097/30: 9 Marker (S.300-308) - GEISTESWISSENSCHAFTLICHE GESICHTSPUNKTE 
    GA097/31: 8 Marker (S.309-344) - TIERSEELE UND MENSCHLICHE INDIVIDUALITÄT

  Gesamt: 289 Marker eingefügt
  Gespeichert in: GA097.json
  Archiviert: GA097.json

============================================================
Verarbeite GA097 (MD)
============================================================
  MD-Ordner: GA097-Das christliche Mysterium
  PDF: Steiner, Rudolf GA 097, 1998 - Das christliche Mysterium.pdf
  Extrahiere PDF-Seiten...
  344 Seiten mit Seitenzahlen
  32 MD-Dateien gefunden
    GA097/1: 8/8 Marker (S.19-26)
    GA097/10: 16/16 Marker (S.102-117)
    GA097/11: 7/7 Marker (S.118-124)
    GA097/12: 9/9 Marker (S.125-133)
    GA097/13: 8/8 Marker (S.134-141)
    GA097/14: 12/15 Marker (S.142-156)
    GA097/15: 8/8 Marker (S.157-164)
    GA097/16: 6/6 Marker (S.165-170)
    GA097/17: 6/8 Marker (S.171-178)
    GA097/18: 14/14 Marker (S.179-192)
    GA097/19: 13/13 Marker (S.193-205)
    GA097/2: 10/10 Marker (S.27-36)
    GA097/20: 9/9 Marker (S.206-214)
    GA097/21: 11/11 Marker (S.215-225)
    GA097/22: 20/23 Marker (S.226-248)
    GA097/23: 9/9 Marker (S.249-257)
    GA097/24: 12/87 Marker (S.258-344)
    GA097/25: 6/274 Marker (S.1-274)
    GA097/26: 4/4 Marker (S.275-278)
    GA097/27: 6/6 Marker (S.279-284)
    GA097/28: 7/8 Marker (S.285-292)
    GA097/29: 6/7 Marker (S.293-299)
    GA097/3: 7/7 Marker (S.37-43)
    GA097/30: 9/9 Marker (S.300-308)
    GA097/31: 8/36 Marker (S.309-344)
    GA097/4: 6/6 Marker (S.44-49)
    GA097/5: 14/14 Marker (S.50-63)
    GA097/6: 13/13 Marker (S.64-76)
    GA097/7: 9/9 Marker (S.77-85)
    GA097/8: 8/8 Marker (S.86-93)
    GA097/9: 8/8 Marker (S.94-101)

  Gesamt: 289 Marker in 31 Dateien
  JSON: 0 Marker
  MD: 0 Marker

============================================================
Verarbeite GA098
============================================================

============================================================
Verarbeite GA098
============================================================
  PDF: Steiner, Rudolf GA 098, 1996 - Natur- und Geistwesen.pdf
  Extrahiere PDF-Seiten...
  272 Seiten mit Seitenzahlen
  18 Vorträge geladen
    GA098/1: 12 Marker (S.15-26) - ÜBER DIE SOGENANNTEN GEFAHREN DER OKKULT
    GA098/2: 13 Marker (S.27-39) - ESOTERISCHE ENTWICKELUNG UND ÜBERSINNLIC
    GA098/3: 17 Marker (S.40-56) - DAS ROSENKREUZERTUM
    GA098/4: 31 Marker (S.57-87) - «DIE GEHEIMNISSE» EIN WEIHNACHTS- UND OS
    GA098/5: 14 Marker (S.88-101) - DAS PFINGSTFEST DES SEELISCHEN ZUSAMMENS
    GA098/6: 11 Marker (S.102-114) - DAS PFINGSTFEST DES SEELISCHEN ZUSAMMENS
    GA098/7: 15 Marker (S.115-129) - ÜBER DIE BEZIEHUNG DES MENSCHEN ZU DER I
    GA098/8: 18 Marker (S.130-147) - DIE ELEMENTARREICHE
    GA098/9: 11 Marker (S.148-158) - DES MENSCHEN VERHÄLTNIS ZUR NATUR
    GA098/10: 12 Marker (S.159-170) - VON DEN WIRKUNGEN EINIGER ÜBERSINNLICHER
    GA098/11: 7 Marker (S.171-177) - ÜBER DIE GRUPPEN-ICHE VON TIEREN
    GA098/12: 9 Marker (S.178-186) - ÜBER DIE GRUPPEN-ICHE VON TIEREN
    GA098/13: 14 Marker (S.187-200) - ÜBER EINIGE ÜBERSINNLICHE TATSACHEN UND 
    GA098/14: 10 Marker (S.201-210) - EINFLÜSSE AUS ANDEREN WELTEN AUF DIE ERD
    GA098/15: 9 Marker (S.211-219) - ERDEN- UND MENSCHENENTWICKELUNG
    GA098/16: 14 Marker (S.220-233) - DIE ZUSAMMENHÄNGE DER WELTEN UND WESEN
    GA098/17: 21 Marker (S.234-254) - ELEMENTARWESENHEITEN UND ANDERE HÖHERE G
    GA098/18: 4 Marker (S.255-272) - ÜBER WESENHEITEN

  Gesamt: 242 Marker eingefügt
  Gespeichert in: GA098.json
  Archiviert: GA098.json

============================================================
Verarbeite GA098 (MD)
============================================================
  MD-Ordner: GA098-Natur- und Geistwesen - ihr Wirken in unserer sichtbaren Welt
  PDF: Steiner, Rudolf GA 098, 1996 - Natur- und Geistwesen.pdf
  Extrahiere PDF-Seiten...
  272 Seiten mit Seitenzahlen
  19 MD-Dateien gefunden
    GA098/1: 12/12 Marker (S.15-26)
    GA098/10: 12/12 Marker (S.159-170)
    GA098/11: 7/7 Marker (S.171-177)
    GA098/12: 9/9 Marker (S.178-186)
    GA098/13: 14/14 Marker (S.187-200)
    GA098/14: 10/10 Marker (S.201-210)
    GA098/15: 9/9 Marker (S.211-219)
    GA098/16: 14/14 Marker (S.220-233)
    GA098/17: 21/21 Marker (S.234-254)
    GA098/18: 4/18 Marker (S.255-272)
    GA098/2: 13/13 Marker (S.27-39)
    GA098/3: 17/17 Marker (S.40-56)
    GA098/4: 31/31 Marker (S.57-87)
    GA098/5: 14/14 Marker (S.88-101)
    GA098/6: 11/13 Marker (S.102-114)
    GA098/7: 15/15 Marker (S.115-129)
    GA098/8: 18/18 Marker (S.130-147)
    GA098/9: 11/11 Marker (S.148-158)

  Gesamt: 242 Marker in 18 Dateien
  JSON: 0 Marker
  MD: 0 Marker

============================================================
Verarbeite GA099
============================================================

============================================================
Verarbeite GA099
============================================================
  PDF: Steiner, Rudolf GA 099, 1985 - Die Theosophie des Rosenkreuzers.pdf
  Extrahiere PDF-Seiten...
  174 Seiten mit Seitenzahlen
  14 Vorträge geladen
    GA099/1: 11 Marker (S.11-21) - ERSTER VORTRAG
    GA099/2: 12 Marker (S.22-33) - ZWEITER VORTRAG
    GA099/3: 9 Marker (S.34-42) - DRITTER VORTRAG
    GA099/4: 9 Marker (S.43-51) - VIERTER VORTRAG
    GA099/5: 10 Marker (S.52-61) - FÜNFTER VORTRAG
    GA099/6: 12 Marker (S.62-73) - SECHSTER VORTRAG
    GA099/7: 10 Marker (S.74-83) - SIEBENTER VORTRAG
    GA099/8: 9 Marker (S.84-92) - ACHTER VORTRAG
    GA099/9: 11 Marker (S.93-103) - NEUNTER VORTRAG
    GA099/10: 10 Marker (S.104-113) - ZEHNTER VORTRAG
    GA099/11: 12 Marker (S.114-125) - ELFTER VORTRAG
    GA099/12: 12 Marker (S.126-137) - ZWÖLFTER VORTRAG
    GA099/13: 14 Marker (S.138-151) - DREIZEHNTER VORTRAG
    GA099/14: 15 Marker (S.152-174) - VIERZEHNTER VORTRAG

  Gesamt: 156 Marker eingefügt
  Gespeichert in: GA099.json
  Archiviert: GA099.json

============================================================
Verarbeite GA099 (MD)
============================================================
  MD-Ordner: GA099-Die Theosophie des Rosenkreuzers
  PDF: Steiner, Rudolf GA 099, 1985 - Die Theosophie des Rosenkreuzers.pdf
  Extrahiere PDF-Seiten...
  174 Seiten mit Seitenzahlen
  15 MD-Dateien gefunden
    GA099/1: 11/11 Marker (S.11-21)
    GA099/10: 10/10 Marker (S.104-113)
    GA099/11: 12/12 Marker (S.114-125)
    GA099/12: 12/12 Marker (S.126-137)
    GA099/13: 14/14 Marker (S.138-151)
    GA099/14: 15/23 Marker (S.152-174)
    GA099/2: 12/12 Marker (S.22-33)
    GA099/3: 9/9 Marker (S.34-42)
    GA099/4: 9/9 Marker (S.43-51)
    GA099/5: 10/10 Marker (S.52-61)
    GA099/6: 12/12 Marker (S.62-73)
    GA099/7: 10/10 Marker (S.74-83)
    GA099/8: 9/9 Marker (S.84-92)
    GA099/9: 11/11 Marker (S.93-103)

  Gesamt: 156 Marker in 14 Dateien
  JSON: 0 Marker
  MD: 0 Marker

============================================================
Verarbeite GA100
============================================================

============================================================
Verarbeite GA100
============================================================
  PDF: Steiner, Rudolf GA 100, 1981 - Menschheitsentwicklung und Christuserkenntnis.pdf
  Extrahiere PDF-Seiten...
  276 Seiten mit Seitenzahlen
  22 Vorträge geladen
    GA100/1: 12 Marker (S.15-26) - THEOSOPHIE UND ROSENKREUZERTUM. ERSTER V
    GA100/2: 13 Marker (S.27-39) - THEOSOPHIE UND ROSENKREUZERTUM. ZWEITER 
    GA100/3: 8 Marker (S.40-47) - THEOSOPHIE UND ROSENKREUZERTUM. DRITTER 
    GA100/4: 8 Marker (S.48-55) - THEOSOPHIE UND ROSENKREUZERTUM. VIERTER 
    GA100/5: 12 Marker (S.56-67) - THEOSOPHIE UND ROSENKREUZERTUM. FÜNFTER 
    GA100/6: 12 Marker (S.68-79) - THEOSOPHIE UND ROSENKREUZERTUM. SECHSTER
    GA100/7: 14 Marker (S.80-93) - THEOSOPHIE UND ROSENKREUZERTUM. SIEBENTE
    GA100/8: 16 Marker (S.94-109) - THEOSOPHIE UND ROSENKREUZERTUM. ACHTER V
    GA100/9: 11 Marker (S.110-121) - THEOSOPHIE UND ROSENKREUZERTUM. NEUNTER 
    GA100/10: 11 Marker (S.122-132) - THEOSOPHIE UND ROSENKREUZERTUM. ZEHNTER 
    GA100/11: 16 Marker (S.133-148) - THEOSOPHIE UND ROSENKREUZERTUM. ELFTER V
    GA100/12: 16 Marker (S.149-164) - THEOSOPHIE UND ROSENKREUZERTUM. ZWÖLFTER
    GA100/13: 14 Marker (S.165-178) - THEOSOPHIE UND ROSENKREUZERTUM. DREIZEHN
    GA100/14: 16 Marker (S.179-196) - THEOSOPHIE UND ROSENKREUZERTUM. VIERZEHN
    GA100/15: 5 Marker (S.197-201) - DAS JOHANNES-EVANGELIUM. ERSTER VORTRAG
    GA100/16: 6 Marker (S.202-207) - DAS JOHANNES-EVANGELIUM. ZWEITER VORTRAG
    GA100/17: 6 Marker (S.208-213) - DAS JOHANNES-EVANGELIUM. DRITTER VORTRAG
    GA100/18: 8 Marker (S.214-221) - DAS JOHANNES-EVANGELIUM. VIERTER VORTRAG
    GA100/19: 10 Marker (S.222-231) - DAS JOHANNES-EVANGELIUM. FÜNFTER VORTRAG
    GA100/20: 10 Marker (S.232-242) - DAS JOHANNES-EVANGELIUM. SECHSTER VORTRA
    GA100/21: 10 Marker (S.243-254) - DAS JOHANNES-EVANGELIUM. SIEBENTER VORTR
    GA100/22: 12 Marker (S.255-276) - DAS JOHANNES-EVANGELIUM. ACHTER VORTRAG

  Gesamt: 246 Marker eingefügt
  Gespeichert in: GA100.json
  Archiviert: GA100.json

============================================================
Verarbeite GA100 (MD)
============================================================
  MD-Ordner: GA100-Menschheitsentwickelung und Christus-Erkenntnis
  PDF: Steiner, Rudolf GA 100, 1981 - Menschheitsentwicklung und Christuserkenntnis.pdf
  Extrahiere PDF-Seiten...
  276 Seiten mit Seitenzahlen
  23 MD-Dateien gefunden
    GA100/1: 12/12 Marker (S.15-26)
    GA100/10: 11/11 Marker (S.122-132)
    GA100/11: 16/16 Marker (S.133-148)
    GA100/12: 16/16 Marker (S.149-164)
    GA100/13: 13/14 Marker (S.165-178)
    GA100/14: 16/18 Marker (S.179-196)
    GA100/15: 5/5 Marker (S.197-201)
    GA100/16: 6/6 Marker (S.202-207)
    GA100/17: 6/6 Marker (S.208-213)
    GA100/18: 8/8 Marker (S.214-221)
    GA100/19: 10/10 Marker (S.222-231)
    GA100/2: 13/13 Marker (S.27-39)
    GA100/20: 10/11 Marker (S.232-242)
    GA100/21: 10/12 Marker (S.243-254)
    GA100/22: 12/22 Marker (S.255-276)
    GA100/3: 8/8 Marker (S.40-47)
    GA100/4: 8/8 Marker (S.48-55)
    GA100/5: 12/12 Marker (S.56-67)
    GA100/6: 12/12 Marker (S.68-79)
    GA100/7: 14/14 Marker (S.80-93)
    GA100/8: 16/16 Marker (S.94-109)
    GA100/9: 11/12 Marker (S.110-121)

  Gesamt: 245 Marker in 22 Dateien
  JSON: 0 Marker
  MD: 0 Marker

============================================================
ZUSAMMENFASSUNG
============================================================
  Verarbeitet: 50 GAs
  JSON Marker: 0
  MD Marker: 0

  Log gespeichert: pagebreaks_ga051-100_20260108_091040.json
