
############################################################
# Verarbeite GA251 bis GA300
# Log: pagebreaks_ga251-300_20260108_091210.json
############################################################

============================================================
Verarbeite GA251
============================================================

============================================================
Verarbeite GA251
============================================================
  FEHLER: Keine PDF gefunden

============================================================
Verarbeite GA251 (MD)
============================================================
  MD-Ordner: GA251-Zur Geschichte der Anthroposophischen Gesellschaft 1913-1922
  FEHLER: Keine PDF gefunden
  JSON: 0 Marker
  MD: 0 Marker

============================================================
Verarbeite GA252
============================================================

============================================================
Verarbeite GA252
============================================================
  FEHLER: Keine PDF gefunden

============================================================
Verarbeite GA252 (MD)
============================================================
  MD-Ordner: GA252-Zur Geschichte des Johannesbau-Vereins und des Goetheanum-Vereins
  FEHLER: Keine PDF gefunden
  JSON: 0 Marker
  MD: 0 Marker

============================================================
Verarbeite GA253
============================================================

============================================================
Verarbeite GA253
============================================================
  PDF: Steiner, Rudolf GA 253 1989 - Probleme des Zusammenlebens in der anthroposophischen Gesellschaft.pdf
  Extrahiere PDF-Seiten...
  206 Seiten mit Seitenzahlen
  7 Vorträge geladen
    GA253/1: 17 Marker (S.1-206) - ERSTER VORTRAG
    GA253/2: 17 Marker (S.1-206) - ZWEITER VORTRAG
    GA253/3: 15 Marker (S.1-206) - DRITTER VORTRAG
    GA253/4: 17 Marker (S.1-206) - VIERTER VORTRAG
    GA253/5: 5 Marker (S.1-206) - FÜNFTER VORTRAG
    GA253/6: 4 Marker (S.1-206) - SECHSTER VORTRAG
    GA253/7: 12 Marker (S.1-206) - SIEBENTER VORTRAG

  Gesamt: 87 Marker eingefügt
  Gespeichert in: GA253.json
  Archiviert: GA253.json

============================================================
Verarbeite GA253 (MD)
============================================================
  MD-Ordner: GA253-Probleme des Zusammenlebens in der Anthroposophischen Gesellschaft
  PDF: Steiner, Rudolf GA 253 1989 - Probleme des Zusammenlebens in der anthroposophischen Gesellschaft.pdf
  Extrahiere PDF-Seiten...
  206 Seiten mit Seitenzahlen
  8 MD-Dateien gefunden
    GA253/1: 17/206 Marker (S.1-206)
    GA253/2: 16/206 Marker (S.1-206)
    GA253/3: 15/206 Marker (S.1-206)
    GA253/4: 17/206 Marker (S.1-206)
    GA253/5: 5/206 Marker (S.1-206)
    GA253/6: 4/206 Marker (S.1-206)
    GA253/7: 12/206 Marker (S.1-206)

  Gesamt: 86 Marker in 7 Dateien
  JSON: 0 Marker
  MD: 0 Marker

============================================================
Verarbeite GA254
============================================================

============================================================
Verarbeite GA254
============================================================
  PDF: Steiner, Rudolf GA 254 1986 - Die okkulte Bewegung im neunzehnten Jahrhundert.pdf
  Extrahiere PDF-Seiten...
  276 Seiten mit Seitenzahlen
  13 Vorträge geladen
    GA254/1: 15 Marker (S.1-280) - ERSTER VORTRAG
    GA254/2: 26 Marker (S.1-280) - ZWEITER VORTRAG
    GA254/3: 5 Marker (S.1-280) - DRITTER VORTRAG
    GA254/4: 21 Marker (S.1-280) - VIERTER VORTRAG
    GA254/5: 22 Marker (S.1-280) - FÜNFTER VORTRAG
    GA254/6: 20 Marker (S.1-280) - SECHSTER VORTRAG
    GA254/7: 14 Marker (S.1-280) - SIEBENTER VORTRAG
    GA254/8: 15 Marker (S.1-280) - ACHTER VORTRAG
    GA254/9: 16 Marker (S.1-280) - NEUNTER VORTRAG
    GA254/10: 20 Marker (S.1-280) - ZEHNTER VORTRAG
    GA254/11: 18 Marker (S.1-280) - ELFTER VORTRAG
    GA254/12: 31 Marker (S.1-280) - ZWÖLFTER VORTRAG
    GA254/13: 17 Marker (S.1-280) - DREIZEHNTER VORTRAG

  Gesamt: 240 Marker eingefügt
  Gespeichert in: GA254.json
  Archiviert: GA254.json

============================================================
Verarbeite GA254 (MD)
============================================================
  MD-Ordner: GA254-Die okkulte Bewegung im 19. Jh
  PDF: Steiner, Rudolf GA 254 1986 - Die okkulte Bewegung im neunzehnten Jahrhundert.pdf
  Extrahiere PDF-Seiten...
  276 Seiten mit Seitenzahlen
  14 MD-Dateien gefunden
    GA254/1: 15/280 Marker (S.1-280)
    GA254/10: 20/280 Marker (S.1-280)
    GA254/11: 18/280 Marker (S.1-280)
    GA254/12: 31/280 Marker (S.1-280)
    GA254/13: 17/280 Marker (S.1-280)
    GA254/2: 26/280 Marker (S.1-280)
    GA254/3: 5/280 Marker (S.1-280)
    GA254/4: 21/280 Marker (S.1-280)
    GA254/5: 22/280 Marker (S.1-280)
    GA254/6: 20/280 Marker (S.1-280)
    GA254/7: 14/280 Marker (S.1-280)
    GA254/8: 15/280 Marker (S.1-280)
    GA254/9: 16/280 Marker (S.1-280)

  Gesamt: 240 Marker in 13 Dateien
  JSON: 0 Marker
  MD: 0 Marker

============================================================
Verarbeite GA255
============================================================

============================================================
Verarbeite GA255
============================================================
  PDF: Steiner, Rudolf GA 255b 2003 - Die Anthroposophie und ihre Gegner.pdf
  Extrahiere PDF-Seiten...
  622 Seiten mit Seitenzahlen

============================================================
Verarbeite GA255 (MD)
============================================================
  MD-Ordner: GA255b-Die Anthroposophie und ihre Gegner 1919 - 1921
  PDF: Steiner, Rudolf GA 255b 2003 - Die Anthroposophie und ihre Gegner.pdf
  Extrahiere PDF-Seiten...
  622 Seiten mit Seitenzahlen
  25 MD-Dateien gefunden
    GA255/1: 26/622 Marker (S.1-622)
    GA255/10: 23/622 Marker (S.1-622)
    GA255/11: 31/622 Marker (S.1-622)
    GA255/12: 4/622 Marker (S.1-622)
    GA255/13: 3/622 Marker (S.1-622)
    GA255/14: 1/622 Marker (S.1-622)
    GA255/15: 4/622 Marker (S.1-622)
    GA255/16: 6/622 Marker (S.1-622)
    GA255/17: 3/622 Marker (S.1-622)
    GA255/18: 19/622 Marker (S.1-622)
    GA255/19: 7/622 Marker (S.1-622)
    GA255/2: 2/622 Marker (S.1-622)
    GA255/20: 2/622 Marker (S.1-622)
    GA255/21: 31/622 Marker (S.1-622)
    GA255/22: 2/622 Marker (S.1-622)
    GA255/23: 2/622 Marker (S.1-622)
    GA255/24: 6/622 Marker (S.1-622)
    GA255/3: 15/622 Marker (S.1-622)
    GA255/4: 6/622 Marker (S.1-622)
    GA255/5: 3/622 Marker (S.1-622)
    GA255/6: 2/622 Marker (S.1-622)
    GA255/7: 14/622 Marker (S.1-622)
    GA255/8: 4/622 Marker (S.1-622)
    GA255/9: 3/622 Marker (S.1-622)

  Gesamt: 219 Marker in 24 Dateien
  JSON: 0 Marker
  MD: 0 Marker

============================================================
Verarbeite GA256
============================================================

============================================================
Verarbeite GA256
============================================================
  FEHLER: Keine PDF gefunden

============================================================
Verarbeite GA256 (MD)
============================================================
  FEHLER: Kein MD-Ordner gefunden
  JSON: 0 Marker
  MD: 0 Marker

============================================================
Verarbeite GA257
============================================================

============================================================
Verarbeite GA257
============================================================
  PDF: Steiner, Rudolf GA 257 1989 - Anthroposophische Gemeinschaftsbildung.pdf
  Extrahiere PDF-Seiten...
  227 Seiten mit Seitenzahlen
  10 Vorträge geladen
    GA257/1: 21 Marker (S.1-230) - ERSTER VORTRAG
    GA257/2: 18 Marker (S.1-230) - ZWEITER VORTRAG
    GA257/3: 13 Marker (S.1-230) - DRITTER VORTRAG
    GA257/4: 4 Marker (S.1-230) - VIERTER VORTRAG
    GA257/5: 2 Marker (S.1-230) - FÜNFTER VORTRAG
    GA257/6: 7 Marker (S.1-230) - SECHSTER VORTRAG
    GA257/7: 9 Marker (S.1-230) - SIEBENTER VORTRAG
    GA257/8: 18 Marker (S.1-230) - ACHTER VORTRAG
    GA257/9: 7 Marker (S.1-230) - NEUNTER VORTRAG
    GA257/10: 13 Marker (S.1-230) - ZEHNTER VORTRAG

  Gesamt: 112 Marker eingefügt
  Gespeichert in: GA257.json
  Archiviert: GA257.json

============================================================
Verarbeite GA257 (MD)
============================================================
  MD-Ordner: GA257-Anthroposophische Gemeinschaftsbildung
  PDF: Steiner, Rudolf GA 257 1989 - Anthroposophische Gemeinschaftsbildung.pdf
  Extrahiere PDF-Seiten...
  227 Seiten mit Seitenzahlen
  11 MD-Dateien gefunden
    GA257/1: 21/230 Marker (S.1-230)
    GA257/10: 13/230 Marker (S.1-230)
    GA257/2: 18/230 Marker (S.1-230)
    GA257/3: 13/230 Marker (S.1-230)
    GA257/4: 4/230 Marker (S.1-230)
    GA257/5: 2/230 Marker (S.1-230)
    GA257/6: 7/230 Marker (S.1-230)
    GA257/7: 9/230 Marker (S.1-230)
    GA257/8: 18/230 Marker (S.1-230)
    GA257/9: 7/230 Marker (S.1-230)

  Gesamt: 112 Marker in 10 Dateien
  JSON: 0 Marker
  MD: 0 Marker

============================================================
Verarbeite GA258
============================================================

============================================================
Verarbeite GA258
============================================================
  PDF: Steiner, Rudolf GA 258 1981 - Die Geschichte und die Bedingungen der anthroposophischen Bewegung.pdf
  Extrahiere PDF-Seiten...
  198 Seiten mit Seitenzahlen
  8 Vorträge geladen
    GA258/1: 18 Marker (S.1-198) - ERSTER VORTRAG
    GA258/2: 24 Marker (S.1-198) - ZWEITER VORTRAG
    GA258/3: 22 Marker (S.1-198) - DRITTER VORTRAG
    GA258/4: 4 Marker (S.1-198) - VIERTER VORTRAG
    GA258/5: 3 Marker (S.1-198) - FÜNFTER VORTRAG
    GA258/6: 7 Marker (S.1-198) - SECHSTER VORTRAG
    GA258/7: 15 Marker (S.1-198) - SIEBENTER VORTRAG
    GA258/8: 14 Marker (S.1-198) - ACHTER VORTRAG

  Gesamt: 107 Marker eingefügt
  Gespeichert in: GA258.json
  Archiviert: GA258.json

============================================================
Verarbeite GA258 (MD)
============================================================
  MD-Ordner: GA258-Die Geschichte und die Bedingungen der anthroposophischen Bewegung im Verhältnis zur Anthroposophischen Gesellschaft
  PDF: Steiner, Rudolf GA 258 1981 - Die Geschichte und die Bedingungen der anthroposophischen Bewegung.pdf
  Extrahiere PDF-Seiten...
  198 Seiten mit Seitenzahlen
  9 MD-Dateien gefunden
    GA258/1: 18/198 Marker (S.1-198)
    GA258/2: 24/198 Marker (S.1-198)
    GA258/3: 22/198 Marker (S.1-198)
    GA258/4: 4/198 Marker (S.1-198)
    GA258/5: 3/198 Marker (S.1-198)
    GA258/6: 7/198 Marker (S.1-198)
    GA258/7: 15/198 Marker (S.1-198)
    GA258/8: 14/198 Marker (S.1-198)

  Gesamt: 107 Marker in 8 Dateien
  JSON: 0 Marker
  MD: 0 Marker

============================================================
Verarbeite GA259
============================================================

============================================================
Verarbeite GA259
============================================================
  PDF: Steiner, Rudolf GA 259 1991 - Das Schicksalsjahr 1923.pdf
  Extrahiere PDF-Seiten...
  952 Seiten mit Seitenzahlen
  38 Vorträge geladen
    GA259/1: 3 Marker (S.1-952) - Aus der Arbeit für den Wiederaufbau des 
    GA259/2: 4 Marker (S.1-952) - INTERVIEW MIT BASLER ZEITUNGSKORRESPONDE
    GA259/3: 6 Marker (S.1-952) - ERSTE WORTE AN DIE MITGLIEDER NACH DEM B
    GA259/4: 2 Marker (S.1-952) - EINLEITENDE WORTE ZU DEM ERSTEN FÜR DIE 
    GA259/5: 1 Marker (S.1-952) - MITTEILUNG der bisher aus aller Welt und
    GA259/6: 11 Marker (S.1-952) - ANSPRACHE in einer vom Zentralvorstand e
    GA259/7: 7 Marker (S.1-952) - MAHNWORTE ZUR ERWECKUNG DES NOTWENDIGEN 
    GA259/8: 4 Marker (S.1-952) - Dornach
    GA259/9: 9 Marker (S.1-952) - Dornach
    GA259/10: 5 Marker (S.1-952) - Dornach
    GA259/11: 4 Marker (S.1-952) - Dornach
    GA259/12: 7 Marker (S.1-952) - Dornach
    GA259/14: 5 Marker (S.1-952) - Dornach
    GA259/15: 4 Marker (S.1-952) - Dornach
    GA259/16: 4 Marker (S.1-952) - ANSPRACHE IN EINER SITZUNG DES «BUNDES F
    GA259/17: 6 Marker (S.1-952) - MEMORANDUM FÜR DAS KOMITEE DER FREIEN AN
    GA259/18: 2 Marker (S.1-952) - Dornach
    GA259/19: 6 Marker (S.1-952) - ÜBER DAS BRANDUNGLÜCK IN ÖFFENTLICHEN VO
    GA259/20: 2 Marker (S.1-952) - BEGRÜSSUNGSWORTE FÜR DIE MITGLIEDER IN P
    GA259/22: 5 Marker (S.1-952) - BITTE AN DIE MITGLIEDER
    GA259/23: 2 Marker (S.1-952) - WORTE ÜBER DAS BRANDUNGLÜCK ZU BEGINN DE
    GA259/24: 3 Marker (S.1-952) - WORTE ZUM BAUBRAND UND ZUR GESELLSCHAFTS
    GA259/26: 4 Marker (S.1-952) - OFFENER BRIEF RUDOLF STEINERS BETREFFEND
    GA259/27: 5 Marker (S.1-952) - ANSPRACHE BEI DER ZEHNTEN ORDENTLICHEN G
    GA259/28: 4 Marker (S.1-952) - AUS DEN GEDENKWORTEN ZUM TODE VON HERMAN
    GA259/29: 4 Marker (S.1-952) - ABSCHIEDSWORTE VOR ANTRITT DER MEHRWÖCHI
    GA259/30: 10 Marker (S.1-952) - ANSPRACHE IN EINER AUSSPRACHE ÜBER DIE Z
    GA259/31: 5 Marker (S.1-952) - ABSCHIEDSWORTE
    GA259/32: 5 Marker (S.1-952) - WORTE BEI DER STUTTGARTER SEPTEMBER-TAGU
    GA259/34: 1 Marker (S.1-952) - BEMERKUNGEN ZUR GOETHEANUM-SPARBÜCHSE
    GA259/36: 3 Marker (S.1-952) - HINWEIS
    GA259/37: 7 Marker (S.1-952) - ANSPRACHE BEI EINER ZUSAMMENKUNFT MIT DE
    GA259/38: 6 Marker (S.1-952) - Erklärung über ein freies Hochschulwesen
    GA259/39: 14 Marker (S.1-952) - Die Begründung der norwegischen Landesge
    GA259/40: 10 Marker (S.1-952) - ANSPRACHE zur Versammlung zur Konstituie
    GA259/42: 9 Marker (S.1-952) - WORTE ÜBER DIE GRÜNDUNGSVERSAMMLUNG DER 
    GA259/43: 10 Marker (S.1-952) - AUSFÜHRUNGEN BEI DER GRÜNDUNGSVERSAMMLUN
    GA259/44: 5 Marker (S.1-952) - RÜCKBLICK AUF DIE GRÜNDUNGSVERSAMMLUNG D

  Gesamt: 204 Marker eingefügt
  Gespeichert in: GA259.json
  Archiviert: GA259.json

============================================================
Verarbeite GA259 (MD)
============================================================
  MD-Ordner: GA259-Das Schicksalsjahr 1923 in der AG
  PDF: Steiner, Rudolf GA 259 1991 - Das Schicksalsjahr 1923.pdf
  Extrahiere PDF-Seiten...
  952 Seiten mit Seitenzahlen
  47 MD-Dateien gefunden
    GA259/1: 3/952 Marker (S.1-952)
    GA259/10: 5/952 Marker (S.1-952)
    GA259/11: 4/952 Marker (S.1-952)
    GA259/12: 7/952 Marker (S.1-952)
    GA259/13: 6/952 Marker (S.1-952)
    GA259/14: 6/952 Marker (S.1-952)
    GA259/15: 4/952 Marker (S.1-952)
    GA259/16: 4/952 Marker (S.1-952)
    GA259/17: 6/952 Marker (S.1-952)
    GA259/18: 2/952 Marker (S.1-952)
    GA259/19: 6/952 Marker (S.1-952)
    GA259/2: 4/952 Marker (S.1-952)
    GA259/20: 2/952 Marker (S.1-952)
    GA259/21: 1/952 Marker (S.1-952)
    GA259/22: 5/952 Marker (S.1-952)
    GA259/23: 2/952 Marker (S.1-952)
    GA259/24: 3/952 Marker (S.1-952)
    GA259/25: 3/952 Marker (S.1-952)
    GA259/26: 4/952 Marker (S.1-952)
    GA259/27: 5/952 Marker (S.1-952)
    GA259/28: 4/952 Marker (S.1-952)
    GA259/29: 4/952 Marker (S.1-952)
    GA259/3: 6/952 Marker (S.1-952)
    GA259/30: 10/952 Marker (S.1-952)
    GA259/31: 5/952 Marker (S.1-952)
    GA259/32: 5/952 Marker (S.1-952)
    GA259/33: 3/952 Marker (S.1-952)
    GA259/34: 1/952 Marker (S.1-952)
    GA259/35: 7/952 Marker (S.1-952)
    GA259/36: 3/952 Marker (S.1-952)
    GA259/37: 7/952 Marker (S.1-952)
    GA259/38: 6/952 Marker (S.1-952)
    GA259/39: 14/952 Marker (S.1-952)
    GA259/4: 2/952 Marker (S.1-952)
    GA259/40: 10/952 Marker (S.1-952)
    GA259/41: 12/952 Marker (S.1-952)
    GA259/42: 9/952 Marker (S.1-952)
    GA259/43: 10/952 Marker (S.1-952)
    GA259/44: 5/952 Marker (S.1-952)
    GA259/45: 5/952 Marker (S.1-952)
    GA259/5: 1/952 Marker (S.1-952)
    GA259/6: 11/952 Marker (S.1-952)
    GA259/7: 7/952 Marker (S.1-952)
    GA259/8: 4/952 Marker (S.1-952)
    GA259/9: 9/952 Marker (S.1-952)

  Gesamt: 242 Marker in 45 Dateien
  JSON: 0 Marker
  MD: 0 Marker

============================================================
Verarbeite GA260
============================================================

============================================================
Verarbeite GA260
============================================================
  PDF: Steiner, Rudolf GA 260 1994 - Die Weihnachtstagung zur Begründung der allgemeinen anthroposophischen Gesellschaft.pdf
  Extrahiere PDF-Seiten...
  326 Seiten mit Seitenzahlen
  20 Vorträge geladen
    GA260/1: 8 Marker (S.1-326) - Ansprache zur Eurythmie-Darbietung am So
    GA260/2: 3 Marker (S.1-326) - ERÖFFNUNG DER WEIHNACHTSTAGUNG durch Rud
    GA260/3: 10 Marker (S.1-326) - RUDOLF STEINERS ERÖFFNUNGSVORTRAG
    GA260/4: 2 Marker (S.1-326) - «Statuten der Anthroposophischen Gesells
    GA260/5: 7 Marker (S.1-326) - GRUNDSTEINLEGUNG DER ALLGEMEINEN ANTHROP
    GA260/6: 8 Marker (S.1-326) - GRÜNDUNGSVERSAMMLUNG DER ALLGEMEINEN ANT
    GA260/7: 14 Marker (S.1-326) - SITZUNG DES VORSTANDES UND DER GENERALSE
    GA260/8: 6 Marker (S.1-326) - FORTSETZUNG DER GRÜNDUNGSVERSAMMLUNG
    GA260/9: 7 Marker (S.1-326) - FORTSETZUNG DER GRÜNDUNGSVERSAMMLUNG
    GA260/10: 5 Marker (S.1-326) - FORTSETZUNG DER GRÜNDUNGSVERSAMMLUNG
    GA260/11: 6 Marker (S.1-326) - SITZUNG DES VORSTANDES DER ALLGEMEINEN A
    GA260/12: 4 Marker (S.1-326) - FORTSETZUNG DER GRÜNDUNGSVERSAMMLUNG
    GA260/13: 7 Marker (S.1-326) - FORTSETZUNG DER GRÜNDUNGSVERSAMMLUNG
    GA260/14: 8 Marker (S.1-326) - FORTSETZUNG DER GRÜNDUNGSVERSAMMLUNG
    GA260/15: 6 Marker (S.1-326) - DER KÜNFTIGE BAUGEDANKE VON DORNACH
    GA260/16: 15 Marker (S.1-326) - FREIE AUSSPRACHE DER SCHWEIZERISCHEN DEL
    GA260/17: 13 Marker (S.1-326) - DER NEID DER GÖTTER - DER NEID DER MENSC
    GA260/18: 14 Marker (S.1-326) - FORTSETZUNG DER GRÜNDUNGSVERSAMMLUNG
    GA260/19: 7 Marker (S.1-326) - DAS RICHTIGE HINEINKOMMEN IN DIE GEISTIG
    GA260/20: 3 Marker (S.1-326) - AUS DEM MITGLIEDERKREISE

  Gesamt: 153 Marker eingefügt
  Gespeichert in: GA260.json
  Archiviert: GA260.json

============================================================
Verarbeite GA260 (MD)
============================================================
  MD-Ordner: GA260-Die Weihnachtstagung zur Begründung der Allgemeinen Anthroposophischen Gesellschaft 1923-24
  PDF: Steiner, Rudolf GA 260 1994 - Die Weihnachtstagung zur Begründung der allgemeinen anthroposophischen Gesellschaft.pdf
  Extrahiere PDF-Seiten...
  326 Seiten mit Seitenzahlen
  21 MD-Dateien gefunden
    GA260/1: 8/326 Marker (S.1-326)
    GA260/10: 5/326 Marker (S.1-326)
    GA260/11: 6/326 Marker (S.1-326)
    GA260/12: 4/326 Marker (S.1-326)
    GA260/13: 6/326 Marker (S.1-326)
    GA260/14: 10/326 Marker (S.1-326)
    GA260/15: 6/326 Marker (S.1-326)
    GA260/16: 15/326 Marker (S.1-326)
    GA260/17: 13/326 Marker (S.1-326)
    GA260/18: 15/326 Marker (S.1-326)
    GA260/19: 7/326 Marker (S.1-326)
    GA260/2: 3/326 Marker (S.1-326)
    GA260/20: 3/326 Marker (S.1-326)
    GA260/3: 10/326 Marker (S.1-326)
    GA260/4: 2/326 Marker (S.1-326)
    GA260/5: 6/326 Marker (S.1-326)
    GA260/6: 8/326 Marker (S.1-326)
    GA260/7: 14/326 Marker (S.1-326)
    GA260/8: 6/326 Marker (S.1-326)
    GA260/9: 7/326 Marker (S.1-326)

  Gesamt: 154 Marker in 20 Dateien
  JSON: 0 Marker
  MD: 0 Marker

============================================================
Verarbeite GA261
============================================================

============================================================
Verarbeite GA261
============================================================
  PDF: Steiner, Rudolf GA 261 1984 - Unsere Toten.pdf
  Extrahiere PDF-Seiten...
  366 Seiten mit Seitenzahlen
  51 Vorträge geladen
    GA261/1: 17 Marker (S.1-366) - DAS HEREINRAGEN DER GEISTIGEN WELT IN DI
    GA261/2: 5 Marker (S.1-366) - DAS HEREINRAGEN DER GEISTIGEN WELT IN DI
    GA261/3: 4 Marker (S.1-366) - GEDENKWORTE FÜR GRÄFIN VON BROCKDORFF
    GA261/4: 23 Marker (S.1-366) - GEDENKWORTE
    GA261/5: 3 Marker (S.1-366) - GEDENKWORTE FÜR CAROLINE VON SIVERS-BAUM
    GA261/6: 8 Marker (S.1-366) - GEDÄCHTNISWORTE FÜR CHRISTIAN MORGENSTER
    GA261/7: 6 Marker (S.1-366) - GEDÄCHTNISFEIER FÜR CHRISTIAN MORGENSTER
    GA261/8: 1 Marker (S.1-366) - ANSPRACHE FÜR DIE IM FELDE STEHENDEN
    GA261/9: 2 Marker (S.1-366) - GEDENKWORTE FÜR THEO FAISS
    GA261/10: 5 Marker (S.1-366) - ANSPRACHE AM GRABE VON ALBERT FAISS
    GA261/11: 8 Marker (S.1-366) - Basel
    GA261/12: 6 Marker (S.1-366) - ANSPRACHE BEI DER KREMATION VON SIBYL CO
    GA261/13: 8 Marker (S.1-366) - ANSPRACHE BEI DER KREMATION VON FRITZ MI
    GA261/14: 4 Marker (S.1-366) - GEDENKWORTE FÜR RICHARD KRAMER
    GA261/15: 18 Marker (S.1-366) - GEDENKWORTE FÜR GERTRUD NOSS
    GA261/16: 3 Marker (S.1-366) - ANSPRACHE BEIM TODE VON SOPHIE STINDE
    GA261/17: 5 Marker (S.1-366) - ANSPRACHE BEI DER KREMATION VON SOPHIE S
    GA261/18: 10 Marker (S.1-366) - GEDENKWORTE FÜR SOPHIE STINDE
    GA261/19: 9 Marker (S.1-366) - GEDENKWORTE FÜR SOPHIE STINDE
    GA261/20: 3 Marker (S.1-366) - GEDENKWORTE FÜR ANNA RIEBENSAHM
    GA261/21: 5 Marker (S.1-366) - Dormach
    GA261/22: 11 Marker (S.1-366) - Dormach
    GA261/23: 2 Marker (S.1-366) - IN MEMORIAM JACQUES DE JAAGER
    GA261/24: 7 Marker (S.1-366) - ZUM JAHRESTAG DES TODES VON SOPHIE STIND
    GA261/25: 3 Marker (S.1-366) - GEDENKWORTE FÜR GERTRUD MOTZKUS
    GA261/26: 4 Marker (S.1-366) - ANSPRACHE BEI DER KREMATION VON PAULINE 
    GA261/27: 4 Marker (S.1-366) - GEDENKWORTE
    GA261/28: 4 Marker (S.1-366) - Dormach
    GA261/29: 2 Marker (S.1-366) - GEDENKWORTE FÜR MARIE HAHN
    GA261/30: 4 Marker (S.1-366) - ANSPRACHE AM GRABE VON MARIE HAHN
    GA261/31: 4 Marker (S.1-366) - ANSPRACHE AM GRABE VON MARIE LEYH
    GA261/32: 4 Marker (S.1-366) - GEDENKWORTE FÜR ANNA ZIEGLER
    GA261/33: 5 Marker (S.1-366) - GEDENKWORTE AM GRABE VON JOHANNA PEELEN
    GA261/34: 3 Marker (S.1-366) - GEDENKWORTE FÜR HARALD LILLE
    GA261/35: 5 Marker (S.1-366) - ANSPRACHE BEI DER KREMATION VON HARALD L
    GA261/36: 2 Marker (S.1-366) - GEDENKWORTE FÜR CAROLINE WILHELM
    GA261/37: 8 Marker (S.1-366) - ANSPRACHE BEI DER KREMATION VON CAROLINE
    GA261/38: 2 Marker (S.1-366) - GEDENKWORTE FÜR LINA SCHLEUTERMANN
    GA261/39: 2 Marker (S.1-366) - GEDENKWORTE FÜR NELLY LICHTENBERG
    GA261/40: 4 Marker (S.1-366) - ANSPRACHE BEI DER KREMATION VON ELISABET
    GA261/41: 6 Marker (S.1-366) - ANSPRACHE BEI DER KREMATION VON HERMANN 
    GA261/42: 8 Marker (S.1-366) - GEDENKWORTE FÜR HERMANN LINDE
    GA261/43: 2 Marker (S.1-366) - GEDÄCHTNISWORTE FÜR GEORGA WIESE
    GA261/44: 13 Marker (S.1-366) - ANSPRACHE BEI DER KREMATION VON GEORGA W
    GA261/45: 6 Marker (S.1-366) - GEDENKWORTE FÜR CHARLOTTE FERRERI UND ED
    GA261/46: 3 Marker (S.1-366) - ANSPRACHE BEI DER KREMATION VON EDITH MA
    GA261/47: 5 Marker (S.1-366) - GEDENKWORTE FÜR ADMIRAL GRAFTON
    GA261/48: 3 Marker (S.1-366) - GEDENKWORTE FÜR HERRN TERWIEL UND BARON 
    GA261/49: 3 Marker (S.1-366) - GEDENKWORTE FÜR HELMUTH GRAF VON MOLTKE
    GA261/50: 5 Marker (S.1-366) - GEDENKWORTE FÜR HERMAN JOACHIM
    GA261/51: 12 Marker (S.1-366) - GEBETE UND MEDITATIONSSPRÜCHE

  Gesamt: 299 Marker eingefügt
  Gespeichert in: GA261.json
  Archiviert: GA261.json

============================================================
Verarbeite GA261 (MD)
============================================================
  MD-Ordner: GA261-Unsere Toten
  PDF: Steiner, Rudolf GA 261 1984 - Unsere Toten.pdf
  Extrahiere PDF-Seiten...
  366 Seiten mit Seitenzahlen
  53 MD-Dateien gefunden
    GA261/1: 17/366 Marker (S.1-366)
    GA261/10: 5/366 Marker (S.1-366)
    GA261/11: 8/366 Marker (S.1-366)
    GA261/12: 6/366 Marker (S.1-366)
    GA261/13: 8/366 Marker (S.1-366)
    GA261/14: 4/366 Marker (S.1-366)
    GA261/15: 18/366 Marker (S.1-366)
    GA261/16: 3/366 Marker (S.1-366)
    GA261/17: 5/366 Marker (S.1-366)
    GA261/18: 10/366 Marker (S.1-366)
    GA261/19: 9/366 Marker (S.1-366)
    GA261/2: 5/366 Marker (S.1-366)
    GA261/20: 3/366 Marker (S.1-366)
    GA261/21: 5/366 Marker (S.1-366)
    GA261/22: 11/366 Marker (S.1-366)
    GA261/23: 2/366 Marker (S.1-366)
    GA261/24: 7/366 Marker (S.1-366)
    GA261/25: 3/366 Marker (S.1-366)
    GA261/26: 4/366 Marker (S.1-366)
    GA261/27: 4/366 Marker (S.1-366)
    GA261/28: 4/366 Marker (S.1-366)
    GA261/29: 2/366 Marker (S.1-366)
    GA261/3: 4/366 Marker (S.1-366)
    GA261/30: 4/366 Marker (S.1-366)
    GA261/31: 4/366 Marker (S.1-366)
    GA261/32: 4/366 Marker (S.1-366)
    GA261/33: 5/366 Marker (S.1-366)
    GA261/34: 3/366 Marker (S.1-366)
    GA261/35: 5/366 Marker (S.1-366)
    GA261/36: 2/366 Marker (S.1-366)
    GA261/37: 8/366 Marker (S.1-366)
    GA261/38: 2/366 Marker (S.1-366)
    GA261/39: 2/366 Marker (S.1-366)
    GA261/4: 24/366 Marker (S.1-366)
    GA261/40: 4/366 Marker (S.1-366)
    GA261/41: 6/366 Marker (S.1-366)
    GA261/42: 8/366 Marker (S.1-366)
    GA261/43: 2/366 Marker (S.1-366)
    GA261/44: 4/366 Marker (S.1-366)
    GA261/45: 6/366 Marker (S.1-366)
    GA261/46: 3/366 Marker (S.1-366)
    GA261/47: 5/366 Marker (S.1-366)
    GA261/48: 3/366 Marker (S.1-366)
    GA261/49: 3/366 Marker (S.1-366)
    GA261/5: 3/366 Marker (S.1-366)
    GA261/50: 5/366 Marker (S.1-366)
    GA261/51: 6/366 Marker (S.1-366)
    GA261/6: 8/366 Marker (S.1-366)
    GA261/7: 6/366 Marker (S.1-366)
    GA261/8: 1/366 Marker (S.1-366)
    GA261/9: 2/366 Marker (S.1-366)

  Gesamt: 285 Marker in 51 Dateien
  JSON: 0 Marker
  MD: 0 Marker

============================================================
Verarbeite GA262
============================================================

============================================================
Verarbeite GA262
============================================================
  PDF: Steiner, Rudolf GA 262 2002 - Rudolf Steiner Marie von Sivers Briefwechsel und Dokumente.pdf
  Extrahiere PDF-Seiten...
  507 Seiten mit Seitenzahlen
  5 Vorträge geladen
    GA262/1: 14 Marker (S.1-512) - AUFZEICHNUNGEN RUDOLF STEINERS geschrieb
    GA262/2: 119 Marker (S.1-512) - Briefe und Dokumente 1901–1914
    GA262/3: 3 Marker (S.1-512) - Telegramme
    GA262/4: 8 Marker (S.1-512) - Briefe und Dokumente 1915–1924
    GA262/5: 9 Marker (S.1-512) - Briefe aus der Zeit der Krankheit Rudolf

  Gesamt: 153 Marker eingefügt
  Gespeichert in: GA262.json
  Archiviert: GA262.json

============================================================
Verarbeite GA262 (MD)
============================================================
  MD-Ordner: GA262-Rudolf Steiner - Marie Steiner-von Sivers - Briefwechsel und Dokumente 1901–1925
  PDF: Steiner, Rudolf GA 262 2002 - Rudolf Steiner Marie von Sivers Briefwechsel und Dokumente.pdf
  Extrahiere PDF-Seiten...
  507 Seiten mit Seitenzahlen
  6 MD-Dateien gefunden
    GA262/1: 14/512 Marker (S.1-512)
    GA262/2: 119/512 Marker (S.1-512)
    GA262/3: 3/512 Marker (S.1-512)
    GA262/4: 8/512 Marker (S.1-512)
    GA262/5: 9/512 Marker (S.1-512)

  Gesamt: 153 Marker in 5 Dateien
  JSON: 0 Marker
  MD: 0 Marker

============================================================
Verarbeite GA263
============================================================

============================================================
Verarbeite GA263
============================================================
  PDF: Steiner, Rudolf GA 263a 1990 - Rudolf Steiner Edith Maryon Briefwechsel.pdf
  Extrahiere PDF-Seiten...
  299 Seiten mit Seitenzahlen

============================================================
Verarbeite GA263 (MD)
============================================================
  MD-Ordner: GA263a-Rudolf Steiner  Edith Maryon Briefwechsel
  PDF: Steiner, Rudolf GA 263a 1990 - Rudolf Steiner Edith Maryon Briefwechsel.pdf
  Extrahiere PDF-Seiten...
  299 Seiten mit Seitenzahlen
  7 MD-Dateien gefunden
    GA263/1: 93/300 Marker (S.1-300)
    GA263/2: 7/300 Marker (S.1-300)
    GA263/3: 8/300 Marker (S.1-300)
    GA263/4: 10/300 Marker (S.1-300)
    GA263/5: 3/300 Marker (S.1-300)
    GA263/6: 24/300 Marker (S.1-300)

  Gesamt: 145 Marker in 6 Dateien
  JSON: 0 Marker
  MD: 0 Marker

============================================================
Verarbeite GA264
============================================================

============================================================
Verarbeite GA264
============================================================
  PDF: Steiner, Rudolf GA 264 1996 - Zur Geschichte und aus den Inhalten der ersten Abteilung der esoterischen Schule.pdf
  Extrahiere PDF-Seiten...
  506 Seiten mit Seitenzahlen
  31 Vorträge geladen
    GA264/1: 86 Marker (S.1-508) - Briefe an esoterische Schüler mit Übunge
    GA264/2: 7 Marker (S.1-508) - Allgemeine Regeln der Schule
    GA264/3: 1 Marker (S.1-508) - Das Gelöbnis der Esoteric School of Theo
    GA264/4: 5 Marker (S.1-508) - Erste von Rudolf Steiner gegebene Regeln
    GA264/5: 2 Marker (S.1-508) - Die esoterische Schule der Theosophie
    GA264/6: 1 Marker (S.1-508) - Zweiter Regel–Rundbrief an alle esoteris
    GA264/7: 5 Marker (S.1-508) - ANHANG
    GA264/8: 22 Marker (S.1-508) - Einige Beispiele von individuell gegeben
    GA264/9: 2 Marker (S.1-508) - ANHANG
    GA264/10: 8 Marker (S.1-508) - Gedächtnisnotizen von den esoterischen S
    GA264/11: 24 Marker (S.1-508) - Aus dem Lehrgut über die Meister der Wei
    GA264/12: 11 Marker (S.1-508) - Über Meisterpersönlichkeiten im Zusammen
    GA264/13: 3 Marker (S.1-508) - Überliefertes aus persönlichen Gespräche
    GA264/14: 11 Marker (S.1-508) - II ZUR GESCHICHTE DER GLIEDERUNG DER ESO
    GA264/15: 27 Marker (S.1-508) - Elf Briefe und ein Aufsatz im Zusammenha
    GA264/16: 3 Marker (S.1-508) - Aufsatz aus der Zeitschrift «Lucifer-Gno
    GA264/17: 5 Marker (S.1-508) - Aus esoterischen Stunden über östlichen 
    GA264/18: 8 Marker (S.1-508) - Weitere Ausführungen über östlichen und 
    GA264/19: 2 Marker (S.1-508) - Einleitungsworte zu zwei Esoterischen St
    GA264/20: 1 Marker (S.1-508) - III DAS VERHÄLTNIS VON BEWEGUNG
    GA264/21: 3 Marker (S.1-508) - DIE MEISTER — IMPULSATOREN DER THEOSOPHI
    GA264/22: 18 Marker (S.1-508) - DAS WESEN DER THEOSOPHISCHEN BEWEGUNG UN
    GA264/23: 4 Marker (S.1-508) - URSPRUNGSIMPULSE DER THEOSOPHISCHEN BEWE
    GA264/24: 2 Marker (S.1-508) - WELCHES SIND DIE GRÜNDE DAFÜR
    GA264/25: 6 Marker (S.1-508) - DIE ADEPTENSCHULE DER VERGANGENHEIT DIE 
    GA264/26: 4 Marker (S.1-508) - DIE MISSION DER THEOSOPHISCHEN BEWEGUNG
    GA264/27: 6 Marker (S.1-508) - WARUM WURDE BISHER DAS
    GA264/28: 3 Marker (S.1-508) - EIN ESOTERISCH-SOZIALER ZUKUNFTSIMPULS V
    GA264/29: 10 Marker (S.1-508) - Anhang A. Erläuterungen zu einzelnen Sät
    GA264/30: 9 Marker (S.1-508) - Anhang B. Erläuterungen zu «Die Stimme d
    GA264/31: 5 Marker (S.1-508) - Anhang C. Aus «Die Stimme der Stille» vo

  Gesamt: 304 Marker eingefügt
  Gespeichert in: GA264.json
  Archiviert: GA264.json

============================================================
Verarbeite GA264 (MD)
============================================================
  MD-Ordner: GA264-Zur Geschichte und aus den Inhalten der ersten Abteilung der Esoterischen Schule 1904-1914
  PDF: Steiner, Rudolf GA 264 1996 - Zur Geschichte und aus den Inhalten der ersten Abteilung der esoterischen Schule.pdf
  Extrahiere PDF-Seiten...
  506 Seiten mit Seitenzahlen
  32 MD-Dateien gefunden
    GA264/1: 84/508 Marker (S.1-508)
    GA264/10: 8/508 Marker (S.1-508)
    GA264/11: 23/508 Marker (S.1-508)
    GA264/12: 11/508 Marker (S.1-508)
    GA264/13: 3/508 Marker (S.1-508)
    GA264/14: 11/508 Marker (S.1-508)
    GA264/15: 27/508 Marker (S.1-508)
    GA264/16: 3/508 Marker (S.1-508)
    GA264/17: 5/508 Marker (S.1-508)
    GA264/18: 8/508 Marker (S.1-508)
    GA264/19: 3/508 Marker (S.1-508)
    GA264/2: 7/508 Marker (S.1-508)
    GA264/20: 1/508 Marker (S.1-508)
    GA264/21: 3/508 Marker (S.1-508)
    GA264/22: 18/508 Marker (S.1-508)
    GA264/23: 4/508 Marker (S.1-508)
    GA264/24: 2/508 Marker (S.1-508)
    GA264/25: 6/508 Marker (S.1-508)
    GA264/26: 4/508 Marker (S.1-508)
    GA264/27: 6/508 Marker (S.1-508)
    GA264/28: 3/508 Marker (S.1-508)
    GA264/29: 11/508 Marker (S.1-508)
    GA264/3: 1/508 Marker (S.1-508)
    GA264/30: 9/508 Marker (S.1-508)
    GA264/31: 5/508 Marker (S.1-508)
    GA264/4: 5/508 Marker (S.1-508)
    GA264/5: 2/508 Marker (S.1-508)
    GA264/6: 1/508 Marker (S.1-508)
    GA264/7: 4/508 Marker (S.1-508)
    GA264/8: 21/508 Marker (S.1-508)
    GA264/9: 2/508 Marker (S.1-508)

  Gesamt: 301 Marker in 31 Dateien
  JSON: 0 Marker
  MD: 0 Marker

============================================================
Verarbeite GA265
============================================================

============================================================
Verarbeite GA265
============================================================
  PDF: Steiner, Rudolf GA 265 1987 - Zur Geschichte und aus den Inhalten der erkenntniskultischen Abteilung der esoterischen Schule.pdf
  Extrahiere PDF-Seiten...
  524 Seiten mit Seitenzahlen

============================================================
Verarbeite GA265 (MD)
============================================================
  FEHLER: Kein MD-Ordner gefunden
  JSON: 0 Marker
  MD: 0 Marker

============================================================
Verarbeite GA266
============================================================

============================================================
Verarbeite GA266
============================================================
  PDF: Steiner, Rudolf GA 266a 1995 - Aus den Inhalten der esoterischen Stunden.pdf
  Extrahiere PDF-Seiten...
  622 Seiten mit Seitenzahlen

============================================================
Verarbeite GA266 (MD)
============================================================
  MD-Ordner: GA266a-Band I 1904-1909 Gedächtnisaufzeichnungen von Teilnehmern
  PDF: Steiner, Rudolf GA 266a 1995 - Aus den Inhalten der esoterischen Stunden.pdf
  Extrahiere PDF-Seiten...
  622 Seiten mit Seitenzahlen
  98 MD-Dateien gefunden
    GA266/1: 7/624 Marker (S.1-624)
    GA266/10: 3/624 Marker (S.1-624)
    GA266/11: 1/624 Marker (S.1-624)
    GA266/12: 3/624 Marker (S.1-624)
    GA266/13: 2/624 Marker (S.1-624)
    GA266/14: 2/624 Marker (S.1-624)
    GA266/15: 2/624 Marker (S.1-624)
    GA266/16: 2/624 Marker (S.1-624)
    GA266/17: 5/624 Marker (S.1-624)
    GA266/18: 5/624 Marker (S.1-624)
    GA266/19: 8/624 Marker (S.1-624)
    GA266/2: 9/624 Marker (S.1-624)
    GA266/20: 4/624 Marker (S.1-624)
    GA266/21: 1/624 Marker (S.1-624)
    GA266/22: 5/624 Marker (S.1-624)
    GA266/23: 3/624 Marker (S.1-624)
    GA266/24: 2/624 Marker (S.1-624)
    GA266/25: 2/624 Marker (S.1-624)
    GA266/26: 2/624 Marker (S.1-624)
    GA266/27: 3/624 Marker (S.1-624)
    GA266/28: 1/624 Marker (S.1-624)
    GA266/29: 4/624 Marker (S.1-624)
    GA266/3: 6/624 Marker (S.1-624)
    GA266/30: 6/624 Marker (S.1-624)
    GA266/31: 2/624 Marker (S.1-624)
    GA266/32: 10/624 Marker (S.1-624)
    GA266/33: 6/624 Marker (S.1-624)
    GA266/34: 7/624 Marker (S.1-624)
    GA266/35: 2/624 Marker (S.1-624)
    GA266/36: 11/624 Marker (S.1-624)
    GA266/37: 2/624 Marker (S.1-624)
    GA266/38: 7/624 Marker (S.1-624)
    GA266/39: 1/624 Marker (S.1-624)
    GA266/4: 8/624 Marker (S.1-624)
    GA266/40: 4/624 Marker (S.1-624)
    GA266/41: 5/624 Marker (S.1-624)
    GA266/42: 2/624 Marker (S.1-624)
    GA266/43: 2/624 Marker (S.1-624)
    GA266/44: 8/624 Marker (S.1-624)
    GA266/45: 2/624 Marker (S.1-624)
    GA266/46: 4/624 Marker (S.1-624)
    GA266/47: 5/624 Marker (S.1-624)
    GA266/48: 5/624 Marker (S.1-624)
    GA266/49: 8/624 Marker (S.1-624)
    GA266/5: 1/624 Marker (S.1-624)
    GA266/50: 6/624 Marker (S.1-624)
    GA266/51: 13/624 Marker (S.1-624)
    GA266/52: 15/624 Marker (S.1-624)
    GA266/53: 8/624 Marker (S.1-624)
    GA266/54: 2/624 Marker (S.1-624)
    GA266/55: 4/624 Marker (S.1-624)
    GA266/56: 3/624 Marker (S.1-624)
    GA266/57: 7/624 Marker (S.1-624)
    GA266/58: 3/624 Marker (S.1-624)
    GA266/59: 4/624 Marker (S.1-624)
    GA266/6: 4/624 Marker (S.1-624)
    GA266/60: 3/624 Marker (S.1-624)
    GA266/61: 4/624 Marker (S.1-624)
    GA266/62: 4/624 Marker (S.1-624)
    GA266/63: 2/624 Marker (S.1-624)
    GA266/64: 1/624 Marker (S.1-624)
    GA266/65: 5/624 Marker (S.1-624)
    GA266/66: 2/624 Marker (S.1-624)
    GA266/67: 5/624 Marker (S.1-624)
    GA266/68: 2/624 Marker (S.1-624)
    GA266/69: 2/624 Marker (S.1-624)
    GA266/7: 3/624 Marker (S.1-624)
    GA266/70: 2/624 Marker (S.1-624)
    GA266/71: 3/624 Marker (S.1-624)
    GA266/72: 4/624 Marker (S.1-624)
    GA266/73: 2/624 Marker (S.1-624)
    GA266/74: 2/624 Marker (S.1-624)
    GA266/75: 1/624 Marker (S.1-624)
    GA266/76: 1/624 Marker (S.1-624)
    GA266/77: 6/624 Marker (S.1-624)
    GA266/78: 2/624 Marker (S.1-624)
    GA266/79: 3/624 Marker (S.1-624)
    GA266/8: 5/624 Marker (S.1-624)
    GA266/80: 5/624 Marker (S.1-624)
    GA266/81: 6/624 Marker (S.1-624)
    GA266/82: 3/624 Marker (S.1-624)
    GA266/83: 3/624 Marker (S.1-624)
    GA266/84: 5/624 Marker (S.1-624)
    GA266/85: 6/624 Marker (S.1-624)
    GA266/86: 4/624 Marker (S.1-624)
    GA266/87: 2/624 Marker (S.1-624)
    GA266/88: 5/624 Marker (S.1-624)
    GA266/89: 4/624 Marker (S.1-624)
    GA266/9: 4/624 Marker (S.1-624)
    GA266/90: 19/624 Marker (S.1-624)
    GA266/91: 4/624 Marker (S.1-624)
    GA266/92: 4/624 Marker (S.1-624)
    GA266/93: 4/624 Marker (S.1-624)
    GA266/94: 2/624 Marker (S.1-624)
    GA266/95: 5/624 Marker (S.1-624)
    GA266/96: 1/624 Marker (S.1-624)
    GA266/97: 11/624 Marker (S.1-624)

  Gesamt: 420 Marker in 97 Dateien
  JSON: 0 Marker
  MD: 0 Marker

============================================================
Verarbeite GA267
============================================================

============================================================
Verarbeite GA267
============================================================
  PDF: Steiner, Rudolf GA 267 2001 - Seelenübungen (I).pdf
  Extrahiere PDF-Seiten...
  564 Seiten mit Seitenzahlen
  7 Vorträge geladen
    GA267/1: 5 Marker (S.1-566) - ZUR EINFÜHRUNG - ZU DEN DARSTELLUNGEN DE
    GA267/2: 17 Marker (S.1-566) - ERSTER TEIL ALLGEMEINE REGELN
    GA267/3: 3 Marker (S.1-566) - ZWEITER TEIL
    GA267/4: 32 Marker (S.1-566) - A
    GA267/5: 26 Marker (S.1-566) - B
    GA267/6: 20 Marker (S.1-566) - C
    GA267/7: 7 Marker (S.1-566) - DRITTER TEIL ERLÄUTERUNGEN ZU DEN ÜBUNGE

  Gesamt: 110 Marker eingefügt
  Gespeichert in: GA267.json
  Archiviert: GA267.json

============================================================
Verarbeite GA267 (MD)
============================================================
  MD-Ordner: GA267-Seelenübungen I
  PDF: Steiner, Rudolf GA 267 2001 - Seelenübungen (I).pdf
  Extrahiere PDF-Seiten...
  564 Seiten mit Seitenzahlen
  9 MD-Dateien gefunden
    GA267/1: 5/566 Marker (S.1-566)
    GA267/2: 17/566 Marker (S.1-566)
    GA267/3: 3/566 Marker (S.1-566)
    GA267/4: 14/566 Marker (S.1-566)
    GA267/5: 20/566 Marker (S.1-566)
    GA267/6: 12/566 Marker (S.1-566)
    GA267/7: 7/566 Marker (S.1-566)

  Gesamt: 78 Marker in 7 Dateien
  JSON: 0 Marker
  MD: 0 Marker

============================================================
Verarbeite GA268
============================================================

============================================================
Verarbeite GA268
============================================================
  PDF: Steiner, Rudolf GA 268 1999 - Mantrische Sprüche Seelenübungen (II).pdf
  Extrahiere PDF-Seiten...
  415 Seiten mit Seitenzahlen
  11 Vorträge geladen
    GA268/1: 105 Marker (S.1-416) - MANTRISCHE UND MEDITATIONSSÄTZE
    GA268/2: 16 Marker (S.1-416) - MEDITATIONEN FÜR DIE TAGE DER WOCHE
    GA268/3: 30 Marker (S.1-416) - ZUR STÄRKUNG DER LEBENSKRÄFTE
    GA268/4: 4 Marker (S.1-416) - ZUR HILFE FÜR ANDERE
    GA268/5: 8 Marker (S.1-416) - MEDITATIONEN GEGEBEN WÄHREND DES ERSTEN 
    GA268/6: 22 Marker (S.1-416) - ZUM GEDENKEN AN VERSTORBENE
    GA268/7: 5 Marker (S.1-416) - AUS DEM NACHTODLICHEN ERLEBEN
    GA268/8: 3 Marker (S.1-416) - IN MEMORIAM
    GA268/9: 21 Marker (S.1-416) - II MANTRISCHE SPRÜCHE FÜR ANTHROPOSOPHIS
    GA268/10: 16 Marker (S.1-416) - III FREIE ÜBERTRAGUNGEN BIBLISCHER TEXTE
    GA268/11: 8 Marker (S.1-416) - Das makrokosmische Vaterunser - Ansprach

  Gesamt: 238 Marker eingefügt
  Gespeichert in: GA268.json
  Archiviert: GA268.json

============================================================
Verarbeite GA268 (MD)
============================================================
  MD-Ordner: GA268-Mantrische Sprüche Seelenübungen II
  PDF: Steiner, Rudolf GA 268 1999 - Mantrische Sprüche Seelenübungen (II).pdf
  Extrahiere PDF-Seiten...
  415 Seiten mit Seitenzahlen
  12 MD-Dateien gefunden
    GA268/1: 71/416 Marker (S.1-416)
    GA268/10: 16/416 Marker (S.1-416)
    GA268/11: 7/416 Marker (S.1-416)
    GA268/2: 12/416 Marker (S.1-416)
    GA268/3: 21/416 Marker (S.1-416)
    GA268/4: 4/416 Marker (S.1-416)
    GA268/5: 4/416 Marker (S.1-416)
    GA268/6: 16/416 Marker (S.1-416)
    GA268/7: 5/416 Marker (S.1-416)
    GA268/8: 2/416 Marker (S.1-416)
    GA268/9: 11/416 Marker (S.1-416)

  Gesamt: 169 Marker in 11 Dateien
  JSON: 0 Marker
  MD: 0 Marker

============================================================
Verarbeite GA269
============================================================

============================================================
Verarbeite GA269
============================================================
  PDF: Steiner, Rudolf GA 269 1997 - Ritualtexte für die Feiern des freien christlichen Religionsunterrichts.pdf
  Extrahiere PDF-Seiten...
  1 Seiten mit Seitenzahlen

============================================================
Verarbeite GA269 (MD)
============================================================
  FEHLER: Kein MD-Ordner gefunden
  JSON: 0 Marker
  MD: 0 Marker

============================================================
Verarbeite GA270
============================================================

============================================================
Verarbeite GA270
============================================================
  PDF: Steiner, Rudolf GA 270a - Esoterische Unterweisungen für die erste Klasse der freien Hochschule für Geisteswissenschaft.pdf
  Extrahiere PDF-Seiten...
  227 Seiten mit Seitenzahlen

============================================================
Verarbeite GA270 (MD)
============================================================
  FEHLER: Kein MD-Ordner gefunden
  JSON: 0 Marker
  MD: 0 Marker

============================================================
Verarbeite GA271
============================================================

============================================================
Verarbeite GA271
============================================================
  PDF: Steiner, Rudolf GA 271 1985 - Kunst und Kunsterkenntnis.pdf
  Extrahiere PDF-Seiten...
  240 Seiten mit Seitenzahlen
  9 Vorträge geladen
    GA271/1: 23 Marker (S.1-240) - GOETHE ALS VATER EINER NEUEN ÄSTHETIK
    GA271/2: 17 Marker (S.1-240) - DAS WESEN DER KÜNSTE
    GA271/3: 3 Marker (S.1-240) - DAS SINNLICH-ÜBERSINNLICHE IN SEINER VER
    GA271/4: 15 Marker (S.1-240) - DAS SINNLICH-ÜBERSINNLICHE IN SEINER VER
    GA271/5: 10 Marker (S.1-240) - DIE QUELLEN DER KÜNSTLERISCHEN PHANTASIE
    GA271/6: 4 Marker (S.1-240) - DIE QUELLEN DER KÜNSTLERISCHEN PHANTASIE
    GA271/7: 5 Marker (S.1-240) - DAS SINNLICH-ÜBERSINNLICHE GEISTIGE ERKE
    GA271/8: 4 Marker (S.1-240) - DER ÜBERSINNLICHE URSPRUNG DES KÜNSTLERI
    GA271/9: 5 Marker (S.1-240) - DIE PSYCHOLOGIE DER KÜNSTE

  Gesamt: 86 Marker eingefügt
  Gespeichert in: GA271.json
  Archiviert: GA271.json

============================================================
Verarbeite GA271 (MD)
============================================================
  MD-Ordner: GA271-Kunst und Kunsterkenntnis
  PDF: Steiner, Rudolf GA 271 1985 - Kunst und Kunsterkenntnis.pdf
  Extrahiere PDF-Seiten...
  240 Seiten mit Seitenzahlen
  10 MD-Dateien gefunden
    GA271/1: 23/240 Marker (S.1-240)
    GA271/2: 17/240 Marker (S.1-240)
    GA271/3: 3/240 Marker (S.1-240)
    GA271/4: 15/240 Marker (S.1-240)
    GA271/5: 10/240 Marker (S.1-240)
    GA271/6: 4/240 Marker (S.1-240)
    GA271/7: 5/240 Marker (S.1-240)
    GA271/8: 4/240 Marker (S.1-240)
    GA271/9: 5/240 Marker (S.1-240)

  Gesamt: 86 Marker in 9 Dateien
  JSON: 0 Marker
  MD: 0 Marker

============================================================
Verarbeite GA272
============================================================

============================================================
Verarbeite GA272
============================================================
  PDF: Steiner, Rudolf GA 272 1981 - Faust, der strebende Mensch.pdf
  Extrahiere PDF-Seiten...
  336 Seiten mit Seitenzahlen
  16 Vorträge geladen
    GA272/1: 24 Marker (S.1-336) - Goethes Faust vom geisteswissenschaftlic
    GA272/2: 15 Marker (S.1-336) - Das Ringen Fausts nach dem christdurchtr
    GA272/3: 6 Marker (S.1-336) - Das Eindringen Fausts in die geistige We
    GA272/4: 5 Marker (S.1-336) - Pfingststimmung Die Umwandlung der Schul
    GA272/5: 2 Marker (S.1-336) - Die Fauststimmung
    GA272/6: 4 Marker (S.1-336) - Faust
    GA272/7: 3 Marker (S.1-336) - Fausts Himmelfahrt
    GA272/8: 3 Marker (S.1-336) - Mystische Erkenntnis und geistige Offenb
    GA272/9: 4 Marker (S.1-336) - Das Reich der Mütter. Die Mater gloriosa
    GA272/10: 1 Marker (S.1-336) - Die Frage der Notwendigkeit und des Zufa
    GA272/11: 13 Marker (S.1-336) - Weisheit - Schönheit - Güte Michael - Ga
    GA272/12: 4 Marker (S.1-336) - Die historische Bedeutung des Faust
    GA272/13: 22 Marker (S.1-336) - Die Grablegung Das Wesen der Lemuren
    GA272/14: 17 Marker (S.1-336) - Goethes Einblicke in die Geheimnisse des
    GA272/15: 19 Marker (S.1-336) - Ausblicke in die von Goethe gesuchten wa
    GA272/16: 7 Marker (S.1-336) - Goethes Aufsuchen der Tiefen des Werdens

  Gesamt: 149 Marker eingefügt
  Gespeichert in: GA272.json
  Archiviert: GA272.json

============================================================
Verarbeite GA272 (MD)
============================================================
  MD-Ordner: GA272-Geisteswissenschaftliche Erläuterungen zu Goethes Faust Band I Faust der strebende Mensch
  PDF: Steiner, Rudolf GA 272 1981 - Faust, der strebende Mensch.pdf
  Extrahiere PDF-Seiten...
  336 Seiten mit Seitenzahlen
  17 MD-Dateien gefunden
    GA272/1: 24/336 Marker (S.1-336)
    GA272/10: 1/336 Marker (S.1-336)
    GA272/11: 13/336 Marker (S.1-336)
    GA272/12: 4/336 Marker (S.1-336)
    GA272/13: 21/336 Marker (S.1-336)
    GA272/14: 15/336 Marker (S.1-336)
    GA272/15: 19/336 Marker (S.1-336)
    GA272/16: 7/336 Marker (S.1-336)
    GA272/2: 15/336 Marker (S.1-336)
    GA272/3: 6/336 Marker (S.1-336)
    GA272/4: 5/336 Marker (S.1-336)
    GA272/5: 2/336 Marker (S.1-336)
    GA272/6: 4/336 Marker (S.1-336)
    GA272/7: 2/336 Marker (S.1-336)
    GA272/8: 11/336 Marker (S.1-336)
    GA272/9: 4/336 Marker (S.1-336)

  Gesamt: 153 Marker in 16 Dateien
  JSON: 0 Marker
  MD: 0 Marker

============================================================
Verarbeite GA273
============================================================

============================================================
Verarbeite GA273
============================================================
  PDF: Steiner, Rudolf GA 273 1981 - Das Faust Problem.pdf
  Extrahiere PDF-Seiten...
  285 Seiten mit Seitenzahlen
  13 Vorträge geladen
    GA273/1: 28 Marker (S.1-286) - Das Faust-Problem
    GA273/2: 20 Marker (S.1-286) - Die romantische Walpurgisnacht
    GA273/3: 21 Marker (S.1-286) - Goethes Ahnungen nach dem Konkreten hin 
    GA273/4: 13 Marker (S.1-286) - Faust und die Mütter
    GA273/5: 14 Marker (S.1-286) - Faust und das Problem des Bösen
    GA273/6: 14 Marker (S.1-286) - Die Helena-Sage und das Freiheitsrätsel
    GA273/7: 10 Marker (S.1-286) - Geisteswissenschaftliche Ausführungen in
    GA273/8: 4 Marker (S.1-286) - Geisteswissenschaftliche Ausführungen in
    GA273/9: 22 Marker (S.1-286) - Das Seelenleben Goethes vom geisteswisse
    GA273/10: 12 Marker (S.1-286) - Die samothrakischen Kabiren-Mysterien Da
    GA273/11: 10 Marker (S.1-286) - Das Wirklichkeitsschauen in den griechis
    GA273/12: 8 Marker (S.1-286) - Statt Homunkulismus und Mephistophelismu
    GA273/13: 1 Marker (S.1-286) - Ansprache vor der öffentlichen dramatisc

  Gesamt: 177 Marker eingefügt
  Gespeichert in: GA273.json
  Archiviert: GA273.json

============================================================
Verarbeite GA273 (MD)
============================================================
  MD-Ordner: GA273-Geisteswissenschaftliche Erläuterungen zu Goethes Faust
  PDF: Steiner, Rudolf GA 273 1981 - Das Faust Problem.pdf
  Extrahiere PDF-Seiten...
  285 Seiten mit Seitenzahlen
  14 MD-Dateien gefunden
    GA273/1: 28/286 Marker (S.1-286)
    GA273/10: 12/286 Marker (S.1-286)
    GA273/11: 10/286 Marker (S.1-286)
    GA273/12: 8/286 Marker (S.1-286)
    GA273/13: 1/286 Marker (S.1-286)
    GA273/2: 19/286 Marker (S.1-286)
    GA273/3: 21/286 Marker (S.1-286)
    GA273/4: 13/286 Marker (S.1-286)
    GA273/5: 14/286 Marker (S.1-286)
    GA273/6: 14/286 Marker (S.1-286)
    GA273/7: 10/286 Marker (S.1-286)
    GA273/8: 4/286 Marker (S.1-286)
    GA273/9: 22/286 Marker (S.1-286)

  Gesamt: 176 Marker in 13 Dateien
  JSON: 0 Marker
  MD: 0 Marker

============================================================
Verarbeite GA274
============================================================

============================================================
Verarbeite GA274
============================================================
  PDF: Steiner, Rudolf GA 274 1986 - Ansprachen zu den Weihnachtsspielen aus altem Volkstum.pdf
  Extrahiere PDF-Seiten...
  118 Seiten mit Seitenzahlen
  19 Vorträge geladen
    GA274/1: 5 Marker (S.1-118) - VON DEN VOLKSTÜMLICHEN WEIHNACHTSPIELEN.
    GA274/2: 10 Marker (S.1-118) - I Dornach
    GA274/3: 4 Marker (S.1-118) - II Dornach
    GA274/4: 7 Marker (S.1-118) - III Dornach
    GA274/5: 10 Marker (S.1-118) - IV Dornach
    GA274/6: 9 Marker (S.1-118) - V Dornach
    GA274/7: 6 Marker (S.1-118) - VI Dornach
    GA274/8: 6 Marker (S.1-118) - VII Dornach
    GA274/9: 4 Marker (S.1-118) - VIII Dornach
    GA274/10: 5 Marker (S.1-118) - IX Dornach
    GA274/11: 3 Marker (S.1-118) - X Dornach
    GA274/12: 3 Marker (S.1-118) - XI Dornach
    GA274/13: 5 Marker (S.1-118) - XII Dornach
    GA274/14: 5 Marker (S.1-118) - XIII Dornach
    GA274/15: 5 Marker (S.1-118) - XIV Dornach
    GA274/16: 4 Marker (S.1-118) - XV Dornach
    GA274/17: 4 Marker (S.1-118) - XVI Dornach
    GA274/18: 5 Marker (S.1-118) - XVII Dornach
    GA274/19: 5 Marker (S.1-118) - XVIII Dornach

  Gesamt: 105 Marker eingefügt
  Gespeichert in: GA274.json
  Archiviert: GA274.json

============================================================
Verarbeite GA274 (MD)
============================================================
  MD-Ordner: GA274-Ansprachen zu den Weihnachtsspielen aus altem Volkstum
  PDF: Steiner, Rudolf GA 274 1986 - Ansprachen zu den Weihnachtsspielen aus altem Volkstum.pdf
  Extrahiere PDF-Seiten...
  118 Seiten mit Seitenzahlen
  20 MD-Dateien gefunden
    GA274/1: 5/118 Marker (S.1-118)
    GA274/10: 5/118 Marker (S.1-118)
    GA274/11: 3/118 Marker (S.1-118)
    GA274/12: 3/118 Marker (S.1-118)
    GA274/13: 5/118 Marker (S.1-118)
    GA274/14: 5/118 Marker (S.1-118)
    GA274/15: 5/118 Marker (S.1-118)
    GA274/16: 4/118 Marker (S.1-118)
    GA274/17: 4/118 Marker (S.1-118)
    GA274/18: 5/118 Marker (S.1-118)
    GA274/19: 5/118 Marker (S.1-118)
    GA274/2: 10/118 Marker (S.1-118)
    GA274/3: 4/118 Marker (S.1-118)
    GA274/4: 7/118 Marker (S.1-118)
    GA274/5: 10/118 Marker (S.1-118)
    GA274/6: 9/118 Marker (S.1-118)
    GA274/7: 6/118 Marker (S.1-118)
    GA274/8: 6/118 Marker (S.1-118)
    GA274/9: 4/118 Marker (S.1-118)

  Gesamt: 105 Marker in 19 Dateien
  JSON: 0 Marker
  MD: 0 Marker

============================================================
Verarbeite GA275
============================================================

============================================================
Verarbeite GA275
============================================================
  PDF: Steiner, Rudolf GA 275 1990 - Kunst im Lichte der Mysterienweisheit.pdf
  Extrahiere PDF-Seiten...
  188 Seiten mit Seitenzahlen
  8 Vorträge geladen
    GA275/1: 21 Marker (S.1-188) - ERSTER VORTRAG
    GA275/2: 16 Marker (S.1-188) - ZWEITER VORTRAG
    GA275/3: 17 Marker (S.1-188) - DRITTER VORTRAG
    GA275/4: 25 Marker (S.1-188) - VIERTER VORTRAG
    GA275/5: 16 Marker (S.1-188) - FÜNFTER VORTRAG
    GA275/6: 16 Marker (S.1-188) - SECHSTER VORTRAG
    GA275/7: 18 Marker (S.1-188) - SIEBENTER VORTRAG
    GA275/8: 25 Marker (S.1-188) - ACHTER VORTRAG

  Gesamt: 154 Marker eingefügt
  Gespeichert in: GA275.json
  Archiviert: GA275.json

============================================================
Verarbeite GA275 (MD)
============================================================
  MD-Ordner: GA275-Kunst im Lichte der Mysterienweisheit
  PDF: Steiner, Rudolf GA 275 1990 - Kunst im Lichte der Mysterienweisheit.pdf
  Extrahiere PDF-Seiten...
  188 Seiten mit Seitenzahlen
  9 MD-Dateien gefunden
    GA275/1: 21/188 Marker (S.1-188)
    GA275/2: 16/188 Marker (S.1-188)
    GA275/3: 17/188 Marker (S.1-188)
    GA275/4: 25/188 Marker (S.1-188)
    GA275/5: 16/188 Marker (S.1-188)
    GA275/6: 16/188 Marker (S.1-188)
    GA275/7: 18/188 Marker (S.1-188)
    GA275/8: 25/188 Marker (S.1-188)

  Gesamt: 154 Marker in 8 Dateien
  JSON: 0 Marker
  MD: 0 Marker

============================================================
Verarbeite GA276
============================================================

============================================================
Verarbeite GA276
============================================================
  PDF: Steiner, Rudolf GA 276 2002 - Das Künstlerische in seiner Weltmission.pdf
  Extrahiere PDF-Seiten...
  172 Seiten mit Seitenzahlen
  8 Vorträge geladen
    GA276/1: 17 Marker (S.1-172) - ERSTER VORTRAG
    GA276/2: 16 Marker (S.1-172) - ZWEITER VORTRAG
    GA276/3: 12 Marker (S.1-172) - DRITTER VORTRAG
    GA276/4: 17 Marker (S.1-172) - VIERTER VORTRAG
    GA276/5: 6 Marker (S.1-172) - FÜNFTER VORTRAG
    GA276/6: 18 Marker (S.1-172) - SECHSTER VORTRAG
    GA276/7: 3 Marker (S.1-172) - SIEBENTER VORTRAG
    GA276/8: 10 Marker (S.1-172) - ACHTER VORTRAG

  Gesamt: 99 Marker eingefügt
  Gespeichert in: GA276.json
  Archiviert: GA276.json

============================================================
Verarbeite GA276 (MD)
============================================================
  MD-Ordner: GA276-Das Künstlerische in seiner Weltmission
  PDF: Steiner, Rudolf GA 276 2002 - Das Künstlerische in seiner Weltmission.pdf
  Extrahiere PDF-Seiten...
  172 Seiten mit Seitenzahlen
  9 MD-Dateien gefunden
    GA276/1: 17/172 Marker (S.1-172)
    GA276/2: 16/172 Marker (S.1-172)
    GA276/3: 12/172 Marker (S.1-172)
    GA276/4: 17/172 Marker (S.1-172)
    GA276/5: 6/172 Marker (S.1-172)
    GA276/6: 18/172 Marker (S.1-172)
    GA276/7: 3/172 Marker (S.1-172)
    GA276/8: 10/172 Marker (S.1-172)

  Gesamt: 99 Marker in 8 Dateien
  JSON: 0 Marker
  MD: 0 Marker

============================================================
Verarbeite GA277
============================================================

============================================================
Verarbeite GA277
============================================================
  PDF: Steiner, Rudolf GA 277 1999 - Eurythmie, die Offenbarung der sprechenden Seele.pdf
  Extrahiere PDF-Seiten...
  617 Seiten mit Seitenzahlen
  103 Vorträge geladen
    GA277/1: 1 Marker (S.1-620) - NOTIZ
    GA277/2: 4 Marker (S.1-620) - DER UNIVERSELLE CHARAKTER DER GEISTESWIS
    GA277/3: 4 Marker (S.1-620) - DAS PRINZIP DER EURYTHMIE
    GA277/4: 4 Marker (S.1-620) - DER URCHARAKTER DES KÜNSTLERISCHEN
    GA277/5: 5 Marker (S.1-620) - DIE ERNEUERUNG DER ALTEN TEMPEL-TANZKUNS
    GA277/6: 1 Marker (S.1-620) - Dornach
    GA277/7: 3 Marker (S.1-620) - MENSCHLICHES ERKENNTNISSTREBEN UND ECHTE
    GA277/8: 5 Marker (S.1-620) - WAS IST UND WILL DIE NEUE BEWEGUNGSKUNST
    GA277/9: 6 Marker (S.1-620) - DER GRUNDGEDANKE DER EURYTHMISCHEN KUNST
    GA277/10: 4 Marker (S.1-620) - DIE NEUE
    GA277/11: 4 Marker (S.1-620) - Eintragungen in ein Notizbuch
    GA277/12: 6 Marker (S.1-620) - DAS SICHTBARWERDEN DER SPRACHE DURCH DEN
    GA277/13: 8 Marker (S.1-620) - GOETHESCHE WELTANSCHAUUNG UND GOETHES KU
    GA277/14: 7 Marker (S.1-620) - ÜBER DAS WESEN DER EURYTHMIE
    GA277/15: 1 Marker (S.1-620) - Aufzeichnungen auf einem Notizblatt
    GA277/16: 3 Marker (S.1-620) - GOETHES ANSCHAUUNG VON DER IDEE
    GA277/17: 4 Marker (S.1-620) - ZUR DARSTELLUNG VON FAUST-SZENEN
    GA277/18: 9 Marker (S.1-620) - DER WEG ZU EINER WIRKLICHEN GEISTESKULTU
    GA277/19: 3 Marker (S.1-620) - ÜBER DAS WESEN DER REZITATIONSKUNST
    GA277/20: 9 Marker (S.1-620) - DIE SEELENKUNDE DER GOETHESCHEN WELTANSC
    GA277/21: 7 Marker (S.1-620) - DIE INAUGURIERUNG EINER WIRKLICH NEUEN K
    GA277/22: 3 Marker (S.1-620) - NATUR-IMPRESSIONEN. Zu den Programmen vo
    GA277/23: 5 Marker (S.1-620) - EURYTHMIE
    GA277/24: 9 Marker (S.1-620) - ÜBER DEN CHARAKTER DER EURYTHMISCHEN KUN
    GA277/25: 1 Marker (S.1-620) - Eintragungen in ein Notizbuch
    GA277/26: 8 Marker (S.1-620) - DIE SUCHE NACH DEM NEUEN QUELL DES KÜNST
    GA277/27: 2 Marker (S.1-620) - DIE PÄDAGOGISCH-HYGIENISCHE BEDEUTUNG DE
    GA277/28: 4 Marker (S.1-620) - DAS SINNLICH-ÜBERSINNLICHE IN DER KUNST
    GA277/29: 7 Marker (S.1-620) - DIE QUELLE DES KÜNSTLERISCHEN WIRKENS IN
    GA277/30: 2 Marker (S.1-620) - ÜBER GOETHES PROSAHYMNUS «DIE NATUR»
    GA277/31: 5 Marker (S.1-620) - ZUR INSZENIERUNG DER ARIELSZENE AUS GOET
    GA277/32: 1 Marker (S.1-620) - WIE SOLLTE EURYTHMIE AUFGENOMMEN WERDEN
    GA277/33: 2 Marker (S.1-620) - DIE DREI GESICHTSPUNKTE DER EURYTHMIE
    GA277/34: 2 Marker (S.1-620) - Dornach
    GA277/35: 7 Marker (S.1-620) - DIE FORMENSPRACHE IN DER EURYTHMIE UND I
    GA277/36: 1 Marker (S.1-620) - Eintragungen in ein Notizbuch
    GA277/37: 10 Marker (S.1-620) - BILDERSCHRIFT - SCHRIFT - EURYTHMIE
    GA277/38: 2 Marker (S.1-620) - VOR- UND NACHTAKTE DRAMATISCHE EURYTHMIE
    GA277/39: 2 Marker (S.1-620) - WAHRNEHMUNG VON SEELISCH UND GEISTIG ERL
    GA277/40: 8 Marker (S.1-620) - URRHYTHMUS
    GA277/41: 3 Marker (S.1-620) - EURYTHMIE ALS DRAMATISCHES AUSDRUCKSMITT
    GA277/42: 10 Marker (S.1-620) - ZU DEN VORGÄNGEN IM ZWEITEN BILD VON «DE
    GA277/43: 4 Marker (S.1-620) - TANZ
    GA277/44: 2 Marker (S.1-620) - DREI ANSPRACHEN BEIM SUMMER ART COURSE
    GA277/45: 3 Marker (S.1-620) - Einführende Worte vor der Eurythmie-Vors
    GA277/46: 2 Marker (S.1-620) - Einführende Worte zur Eurythmie-Vorstell
    GA277/47: 4 Marker (S.1-620) - DAS ENTSTEHEN DER EURYTHMISCHEN GEBÄRDE 
    GA277/48: 3 Marker (S.1-620) - EURYTHMIE ALS ERZIEHUNGSMITTEL
    GA277/49: 5 Marker (S.1-620) - EURYTHMISCH-DRAMATISCHE SZENE AUS «DER S
    GA277/50: 4 Marker (S.1-620) - MUSIKALISCHES
    GA277/51: 3 Marker (S.1-620) - FERCHER VON STEINWANDS KOSMISCHE DICHTUN
    GA277/52: 2 Marker (S.1-620) - ÜBER «DIE STERBENDE MEDUSE» VON C. F. ME
    GA277/53: 1 Marker (S.1-620) - EURYTHMIE AUSDRUCK DES SPRACHCHARAKTERS
    GA277/54: 6 Marker (S.1-620) - ÜBER DIE KÜNSTLERISCHE FORMENSPRACHE DER
    GA277/55: 4 Marker (S.1-620) - DAS PÄDAGOGISCHE ELEMENT DER EURYTHMIE
    GA277/56: 3 Marker (S.1-620) - DER ÜBERGANG DES DICHTERISCHEN UND MUSIK
    GA277/57: 3 Marker (S.1-620) - Zu einer Darstellung aus «Faust» I von G
    GA277/58: 3 Marker (S.1-620) - KÜNSTLERISCHE SPRACHBEHANDLUNG
    GA277/59: 3 Marker (S.1-620) - DAS SEELENLEBEN IN SEINER ÄUBERUNG IN SP
    GA277/60: 2 Marker (S.1-620) - EURYTHMIE - TANZ - MIMIK
    GA277/61: 7 Marker (S.1-620) - GESTEN UND EURYTHMISCHE GEBÄRDENSPRACHE
    GA277/62: 7 Marker (S.1-620) - GEBÄRDE IN PANTOMIME
    GA277/63: 2 Marker (S.1-620) - ÜBER DIE ANDEUTENDE GEBÄRDE
    GA277/64: 2 Marker (S.1-620) - ÜBER DEN SPRACHGENIUS DER BILDEKRÄFTELEI
    GA277/65: 8 Marker (S.1-620) - JOHANNISTIMMUNG. DAS MITERLEBEN DER JAHR
    GA277/66: 5 Marker (S.1-620) - DER URSPRUNG DER SPRACHFÄHIGKEIT UND DIE
    GA277/67: 6 Marker (S.1-620) - DIE ÜBERWINDUNG DER SCHWERKRAFT DURCH DI
    GA277/68: 2 Marker (S.1-620) - ÜBER DAS WESEN DER GEBÄRDE
    GA277/69: 3 Marker (S.1-620) - Zwei Ansprachen anläßlich der internatio
    GA277/70: 4 Marker (S.1-620) - Dornach
    GA277/71: 1 Marker (S.1-620) - Aus dem Vortrag Dornach
    GA277/72: 6 Marker (S.1-620) - EURYTHMIE ALS BEWEGTE PLASTIK
    GA277/73: 3 Marker (S.1-620) - DIE STELLUNG DER EURYTHMIE INNERHALB DER
    GA277/74: 3 Marker (S.1-620) - EURYTHMIE
    GA277/75: 6 Marker (S.1-620) - DIE BEDEUTUNG DER KUNSTPFLEGE INNERHALB 
    GA277/76: 2 Marker (S.1-620) - DIE BEZIEHUNG ZWISCHEN LAUTSPRACHE UND B
    GA277/77: 4 Marker (S.1-620) - BILDHAUERKUNST UND EURYTHMIE
    GA277/78: 3 Marker (S.1-620) - PÄDAGOGISCHE EURYTHMIE
    GA277/79: 1 Marker (S.1-620) - DIE WEISHEITS-WORTE DER GRUNDSTEINLEGUNG
    GA277/80: 5 Marker (S.1-620) - DIE BEWEGUNG ALS SPRACHE DER SEELE
    GA277/81: 2 Marker (S.1-620) - DIE ERWEITERUNG DER KUNSTMITTEL
    GA277/82: 4 Marker (S.1-620) - LAUT-EURYTHMIE-KURS
    GA277/83: 10 Marker (S.1-620) - ÜBER DIE SPRACHENTWICKELUNG
    GA277/84: 2 Marker (S.1-620) - ÜBER DIE HUMORESKEN VON CHRISTIAN MORGEN
    GA277/85: 1 Marker (S.1-620) - Dornach
    GA277/86: 3 Marker (S.1-620) - ÜBER DIE NEUE REZITATIONSKUNST
    GA277/87: 2 Marker (S.1-620) - Dornach
    GA277/88: 1 Marker (S.1-620) - ÜBER DIE OLYMPISCHEN SPIELE
    GA277/89: 2 Marker (S.1-620) - DAS MUSIKALISCHE
    GA277/90: 4 Marker (S.1-620) - THERAPEUTISCHE EURYTHMIE
    GA277/91: 1 Marker (S.1-620) - EURYTHMIE UND PHYSIOGNOMISCHER AUSDRUCK
    GA277/92: 2 Marker (S.1-620) - DIE ERWEITERUNG DES DICHTERISCHEN UND MU
    GA277/93: 2 Marker (S.1-620) - Dornach
    GA277/94: 1 Marker (S.1-620) - BELEUCHTUNGS-EURYTHMIE
    GA277/95: 2 Marker (S.1-620) - Dornach
    GA277/96: 1 Marker (S.1-620) - Dornach
    GA277/97: 2 Marker (S.1-620) - Dornach
    GA277/98: 1 Marker (S.1-620) - Dornach
    GA277/99: 1 Marker (S.1-620) - Den Haag
    GA277/100: 1 Marker (S.1-620) - Dornach
    GA277/101: 2 Marker (S.1-620) - Dornach
    GA277/102: 1 Marker (S.1-620) - Dornach
    GA277/103: 2 Marker (S.1-620) - Dornach

  Gesamt: 379 Marker eingefügt
  Gespeichert in: GA277.json
  Archiviert: GA277.json

============================================================
Verarbeite GA277 (MD)
============================================================
  MD-Ordner: GA277-Eurythmie
  PDF: Steiner, Rudolf GA 277 1999 - Eurythmie, die Offenbarung der sprechenden Seele.pdf
  Extrahiere PDF-Seiten...
  617 Seiten mit Seitenzahlen
  105 MD-Dateien gefunden
    GA277/1: 1/620 Marker (S.1-620)
    GA277/10: 4/620 Marker (S.1-620)
    GA277/100: 1/620 Marker (S.1-620)
    GA277/101: 2/620 Marker (S.1-620)
    GA277/102: 1/620 Marker (S.1-620)
    GA277/103: 2/620 Marker (S.1-620)
    GA277/104: 3/620 Marker (S.1-620)
    GA277/11: 3/620 Marker (S.1-620)
    GA277/12: 6/620 Marker (S.1-620)
    GA277/13: 8/620 Marker (S.1-620)
    GA277/14: 7/620 Marker (S.1-620)
    GA277/15: 1/620 Marker (S.1-620)
    GA277/16: 3/620 Marker (S.1-620)
    GA277/17: 4/620 Marker (S.1-620)
    GA277/18: 9/620 Marker (S.1-620)
    GA277/19: 3/620 Marker (S.1-620)
    GA277/2: 4/620 Marker (S.1-620)
    GA277/20: 9/620 Marker (S.1-620)
    GA277/21: 7/620 Marker (S.1-620)
    GA277/22: 3/620 Marker (S.1-620)
    GA277/23: 5/620 Marker (S.1-620)
    GA277/24: 9/620 Marker (S.1-620)
    GA277/25: 1/620 Marker (S.1-620)
    GA277/26: 8/620 Marker (S.1-620)
    GA277/27: 2/620 Marker (S.1-620)
    GA277/28: 3/620 Marker (S.1-620)
    GA277/29: 7/620 Marker (S.1-620)
    GA277/3: 4/620 Marker (S.1-620)
    GA277/30: 2/620 Marker (S.1-620)
    GA277/31: 5/620 Marker (S.1-620)
    GA277/32: 1/620 Marker (S.1-620)
    GA277/33: 2/620 Marker (S.1-620)
    GA277/34: 2/620 Marker (S.1-620)
    GA277/35: 7/620 Marker (S.1-620)
    GA277/36: 1/620 Marker (S.1-620)
    GA277/37: 10/620 Marker (S.1-620)
    GA277/38: 2/620 Marker (S.1-620)
    GA277/39: 2/620 Marker (S.1-620)
    GA277/4: 4/620 Marker (S.1-620)
    GA277/40: 8/620 Marker (S.1-620)
    GA277/41: 3/620 Marker (S.1-620)
    GA277/42: 10/620 Marker (S.1-620)
    GA277/43: 4/620 Marker (S.1-620)
    GA277/44: 2/620 Marker (S.1-620)
    GA277/45: 3/620 Marker (S.1-620)
    GA277/46: 2/620 Marker (S.1-620)
    GA277/47: 2/620 Marker (S.1-620)
    GA277/48: 3/620 Marker (S.1-620)
    GA277/49: 5/620 Marker (S.1-620)
    GA277/5: 5/620 Marker (S.1-620)
    GA277/50: 4/620 Marker (S.1-620)
    GA277/51: 3/620 Marker (S.1-620)
    GA277/52: 2/620 Marker (S.1-620)
    GA277/53: 1/620 Marker (S.1-620)
    GA277/54: 6/620 Marker (S.1-620)
    GA277/55: 4/620 Marker (S.1-620)
    GA277/56: 2/620 Marker (S.1-620)
    GA277/57: 2/620 Marker (S.1-620)
    GA277/58: 2/620 Marker (S.1-620)
    GA277/59: 3/620 Marker (S.1-620)
    GA277/6: 1/620 Marker (S.1-620)
    GA277/60: 2/620 Marker (S.1-620)
    GA277/61: 7/620 Marker (S.1-620)
    GA277/62: 7/620 Marker (S.1-620)
    GA277/63: 2/620 Marker (S.1-620)
    GA277/64: 2/620 Marker (S.1-620)
    GA277/65: 8/620 Marker (S.1-620)
    GA277/66: 5/620 Marker (S.1-620)
    GA277/67: 6/620 Marker (S.1-620)
    GA277/68: 2/620 Marker (S.1-620)
    GA277/69: 3/620 Marker (S.1-620)
    GA277/7: 3/620 Marker (S.1-620)
    GA277/70: 3/620 Marker (S.1-620)
    GA277/71: 1/620 Marker (S.1-620)
    GA277/72: 6/620 Marker (S.1-620)
    GA277/73: 3/620 Marker (S.1-620)
    GA277/74: 3/620 Marker (S.1-620)
    GA277/75: 6/620 Marker (S.1-620)
    GA277/76: 2/620 Marker (S.1-620)
    GA277/77: 4/620 Marker (S.1-620)
    GA277/78: 3/620 Marker (S.1-620)
    GA277/79: 1/620 Marker (S.1-620)
    GA277/8: 5/620 Marker (S.1-620)
    GA277/80: 5/620 Marker (S.1-620)
    GA277/81: 2/620 Marker (S.1-620)
    GA277/82: 4/620 Marker (S.1-620)
    GA277/83: 10/620 Marker (S.1-620)
    GA277/84: 2/620 Marker (S.1-620)
    GA277/85: 1/620 Marker (S.1-620)
    GA277/86: 3/620 Marker (S.1-620)
    GA277/87: 2/620 Marker (S.1-620)
    GA277/88: 1/620 Marker (S.1-620)
    GA277/89: 2/620 Marker (S.1-620)
    GA277/9: 6/620 Marker (S.1-620)
    GA277/90: 4/620 Marker (S.1-620)
    GA277/91: 1/620 Marker (S.1-620)
    GA277/92: 2/620 Marker (S.1-620)
    GA277/93: 2/620 Marker (S.1-620)
    GA277/94: 1/620 Marker (S.1-620)
    GA277/95: 2/620 Marker (S.1-620)
    GA277/96: 1/620 Marker (S.1-620)
    GA277/97: 2/620 Marker (S.1-620)
    GA277/98: 1/620 Marker (S.1-620)
    GA277/99: 1/620 Marker (S.1-620)

  Gesamt: 374 Marker in 104 Dateien
  JSON: 0 Marker
  MD: 0 Marker

============================================================
Verarbeite GA278
============================================================

============================================================
Verarbeite GA278
============================================================
  PDF: Steiner, Rudolf GA 278 2001 - Eurythmie als sichtbarer Gesang.pdf
  Extrahiere PDF-Seiten...
  150 Seiten mit Seitenzahlen
  9 Vorträge geladen
    GA278/1: 2 Marker (S.1-150) - RUDOLF STEINER ÜBER DEN TONEURYTHMIE-KUR
    GA278/2: 15 Marker (S.1-150) - ERSTER VORTRAG
    GA278/3: 9 Marker (S.1-150) - ZWEITER VORTRAG
    GA278/4: 12 Marker (S.1-150) - DRITTER VORTRAG
    GA278/5: 12 Marker (S.1-150) - VIERTER VORTRAG
    GA278/6: 11 Marker (S.1-150) - FÜNFTER VORTRAG
    GA278/7: 15 Marker (S.1-150) - SECHSTER VORTRAG
    GA278/8: 10 Marker (S.1-150) - SIEBENTER VORTRAG
    GA278/9: 3 Marker (S.1-150) - ACHTER VORTRAG

  Gesamt: 89 Marker eingefügt
  Gespeichert in: GA278.json
  Archiviert: GA278.json

============================================================
Verarbeite GA278 (MD)
============================================================
  MD-Ordner: GA278-Eurythmie als sichtbarer Gesang
  PDF: Steiner, Rudolf GA 278 2001 - Eurythmie als sichtbarer Gesang.pdf
  Extrahiere PDF-Seiten...
  150 Seiten mit Seitenzahlen
  10 MD-Dateien gefunden
    GA278/1: 2/150 Marker (S.1-150)
    GA278/2: 15/150 Marker (S.1-150)
    GA278/3: 9/150 Marker (S.1-150)
    GA278/4: 12/150 Marker (S.1-150)
    GA278/5: 12/150 Marker (S.1-150)
    GA278/6: 11/150 Marker (S.1-150)
    GA278/7: 15/150 Marker (S.1-150)
    GA278/8: 10/150 Marker (S.1-150)
    GA278/9: 3/150 Marker (S.1-150)

  Gesamt: 89 Marker in 9 Dateien
  JSON: 0 Marker
  MD: 0 Marker

============================================================
Verarbeite GA279
============================================================

============================================================
Verarbeite GA279
============================================================
  PDF: Steiner, Rudolf GA 279 1990 - Eurythmie als sichtbare Sprache.pdf
  Extrahiere PDF-Seiten...
  291 Seiten mit Seitenzahlen
  18 Vorträge geladen
    GA279/1: 1 Marker (S.1-291) - DIE STELLUNG DER EURYTHMIE IN DER REIHE 
    GA279/2: 11 Marker (S.1-291) - ÜBER DIE EURYTHMISCHE KUNST
    GA279/3: 21 Marker (S.1-291) - EURYTHMIE
    GA279/4: 4 Marker (S.1-291) - ERSTER VORTRAG
    GA279/5: 7 Marker (S.1-291) - ZWEITER VORTRAG
    GA279/6: 14 Marker (S.1-291) - DRITTER VORTRAG
    GA279/7: 4 Marker (S.1-291) - VIERTER VORTRAG
    GA279/8: 9 Marker (S.1-291) - FÜNFTER VORTRAG
    GA279/9: 10 Marker (S.1-291) - SECHSTER VORTRAG
    GA279/10: 3 Marker (S.1-291) - SIEBENTER VORTRAG
    GA279/11: 4 Marker (S.1-291) - ACHTER VORTRAG
    GA279/12: 7 Marker (S.1-291) - NEUNTER VORTRAG; Dornach
    GA279/13: 13 Marker (S.1-291) - ZEHNTER VORTRAG
    GA279/14: 11 Marker (S.1-291) - ELFTER VORTRAG
    GA279/15: 4 Marker (S.1-291) - ZWÖLFTER VORTRAG
    GA279/16: 9 Marker (S.1-291) - DREIZEHNTER VORTRAG; Dornach
    GA279/17: 6 Marker (S.1-291) - VIERZEHNTER VORTRAG
    GA279/18: 6 Marker (S.1-291) - FÜNFZEHNTER VORTRAG

  Gesamt: 144 Marker eingefügt
  Gespeichert in: GA279.json
  Archiviert: GA279.json

============================================================
Verarbeite GA279 (MD)
============================================================
  MD-Ordner: GA279-Eurythmie als sichtbare Sprache
  PDF: Steiner, Rudolf GA 279 1990 - Eurythmie als sichtbare Sprache.pdf
  Extrahiere PDF-Seiten...
  291 Seiten mit Seitenzahlen
  19 MD-Dateien gefunden
    GA279/1: 1/291 Marker (S.1-291)
    GA279/10: 3/291 Marker (S.1-291)
    GA279/11: 4/291 Marker (S.1-291)
    GA279/12: 7/291 Marker (S.1-291)
    GA279/13: 13/291 Marker (S.1-291)
    GA279/14: 11/291 Marker (S.1-291)
    GA279/15: 4/291 Marker (S.1-291)
    GA279/16: 9/291 Marker (S.1-291)
    GA279/17: 6/291 Marker (S.1-291)
    GA279/18: 6/291 Marker (S.1-291)
    GA279/2: 11/291 Marker (S.1-291)
    GA279/3: 21/291 Marker (S.1-291)
    GA279/4: 4/291 Marker (S.1-291)
    GA279/5: 7/291 Marker (S.1-291)
    GA279/6: 14/291 Marker (S.1-291)
    GA279/7: 4/291 Marker (S.1-291)
    GA279/8: 9/291 Marker (S.1-291)
    GA279/9: 10/291 Marker (S.1-291)

  Gesamt: 144 Marker in 18 Dateien
  JSON: 0 Marker
  MD: 0 Marker

============================================================
Verarbeite GA280
============================================================

============================================================
Verarbeite GA280
============================================================
  PDF: Steiner, Rudolf GA 280 1983 - Methodik und Wesen der Sprachgestaltung.pdf
  Extrahiere PDF-Seiten...
  251 Seiten mit Seitenzahlen
  13 Vorträge geladen
    GA280/1: 3 Marker (S.1-232) - GRUNDBEDINGUNGEN ANTHROPOSOPHISCHEN WIRK
    GA280/2: 2 Marker (S.1-232) - MARIE STEINER DIE WEGE ZUR KÜNSTLERISCHE
    GA280/3: 12 Marker (S.1-232) - SPRECH-ÜBUNGEN MIT ERKLÄRUNGEN
    GA280/4: 6 Marker (S.1-232) - PÄDAGOGISCHER KURS 1919 SPRECH-ÜBUNGEN M
    GA280/5: 27 Marker (S.1-232) - KURSUS ÜBER KÜNSTLERISCHE SPRACHGESTALTU
    GA280/6: 7 Marker (S.1-232) - KURSUS ÜBER KÜNSTLERISCHE SPRACHGESTALTU
    GA280/7: 4 Marker (S.1-232) - SPRACHE UND SPRACHGEIST
    GA280/8: 30 Marker (S.1-232) - RICHTLINIEN IN DER ERZIEHUNGSKUNST FÜR D
    GA280/9: 3 Marker (S.1-232) - EINLEITENDE WORTE VON MARIE STEINER
    GA280/10: 14 Marker (S.1-232) - AUS DEM ORIENTIERUNGSKURS FÜR DIE ANTHRO
    GA280/11: 13 Marker (S.1-232) - ÜBER SPRACHSTÖRUNGEN
    GA280/12: 7 Marker (S.1-232) - APHORISTISCHE SPRACHGESTALTUNG UND DRAMA
    GA280/13: 4 Marker (S.1-232) - DAS BÜHNENBILD UND DIE REGIEKUNST

  Gesamt: 132 Marker eingefügt
  Gespeichert in: GA280.json
  Archiviert: GA280.json

============================================================
Verarbeite GA280 (MD)
============================================================
  MD-Ordner: GA280-Methodik und Wesen der Sprachgestaltung
  PDF: Steiner, Rudolf GA 280 1983 - Methodik und Wesen der Sprachgestaltung.pdf
  Extrahiere PDF-Seiten...
  251 Seiten mit Seitenzahlen
  14 MD-Dateien gefunden
    GA280/1: 3/232 Marker (S.1-232)
    GA280/10: 15/232 Marker (S.1-232)
    GA280/11: 13/232 Marker (S.1-232)
    GA280/12: 7/232 Marker (S.1-232)
    GA280/13: 4/232 Marker (S.1-232)
    GA280/2: 2/232 Marker (S.1-232)
    GA280/3: 11/232 Marker (S.1-232)
    GA280/4: 13/232 Marker (S.1-232)
    GA280/5: 27/232 Marker (S.1-232)
    GA280/6: 7/232 Marker (S.1-232)
    GA280/7: 4/232 Marker (S.1-232)
    GA280/8: 30/232 Marker (S.1-232)
    GA280/9: 3/232 Marker (S.1-232)

  Gesamt: 139 Marker in 13 Dateien
  JSON: 0 Marker
  MD: 0 Marker

============================================================
Verarbeite GA281
============================================================

============================================================
Verarbeite GA281
============================================================
  PDF: Steiner, Rudolf GA 281 1987 - Die Kunst der Rezitation und Deklamation.pdf
  Extrahiere PDF-Seiten...
  256 Seiten mit Seitenzahlen
  4 Vorträge geladen
    GA281/1: 15 Marker (S.1-256) - DIE KUNST DER REZITATION UND DEKLAMATION
    GA281/2: 16 Marker (S.1-256) - Zweiter Vortrag
    GA281/3: 17 Marker (S.1-256) - Dritter Vortrag
    GA281/4: 29 Marker (S.1-256) - DIE KUNST DES MÜNDLICHEN VORTRAGES

  Gesamt: 77 Marker eingefügt
  Gespeichert in: GA281.json
  Archiviert: GA281.json

============================================================
Verarbeite GA281 (MD)
============================================================
  MD-Ordner: GA281-Die Kunst der Rezitation und Deklamation
  PDF: Steiner, Rudolf GA 281 1987 - Die Kunst der Rezitation und Deklamation.pdf
  Extrahiere PDF-Seiten...
  256 Seiten mit Seitenzahlen
  5 MD-Dateien gefunden
    GA281/1: 15/256 Marker (S.1-256)
    GA281/2: 16/256 Marker (S.1-256)
    GA281/3: 15/256 Marker (S.1-256)
    GA281/4: 26/256 Marker (S.1-256)

  Gesamt: 72 Marker in 4 Dateien
  JSON: 0 Marker
  MD: 0 Marker

============================================================
Verarbeite GA282
============================================================

============================================================
Verarbeite GA282
============================================================
  PDF: Steiner, Rudolf GA 282 1981 - Sprachgestaltung und dramatische Kunst.pdf
  Extrahiere PDF-Seiten...
  414 Seiten mit Seitenzahlen
  20 Vorträge geladen
    GA282/1: 22 Marker (S.1-414) - APHORISTISCHES ÜBER SCHAUSPIELKUNST
    GA282/2: 21 Marker (S.1-414) - SPRACHGESTALTUNG UND DRAMATISCHE KUNST E
    GA282/3: 19 Marker (S.1-414) - ZWEITER VORTRAG
    GA282/4: 12 Marker (S.1-414) - DRITTER VORTRAG
    GA282/5: 15 Marker (S.1-414) - VIERTER VORTRAG
    GA282/6: 13 Marker (S.1-414) - FÜNFTER VORTRAG
    GA282/7: 14 Marker (S.1-414) - SECHSTER VORTRAG
    GA282/8: 19 Marker (S.1-414) - SIEBENTER VORTRAG
    GA282/9: 5 Marker (S.1-414) - ACHTER VORTRAG
    GA282/10: 9 Marker (S.1-414) - NEUNTER VORTRAG
    GA282/11: 9 Marker (S.1-414) - ZEHNTER VORTRAG
    GA282/12: 9 Marker (S.1-414) - ELFTER VORTRAG
    GA282/13: 7 Marker (S.1-414) - ZWÖLFTER VORTRAG
    GA282/14: 4 Marker (S.1-414) - DREIZEHNTER VORTRAG
    GA282/15: 14 Marker (S.1-414) - VIERZEHNTER VORTRAG
    GA282/16: 6 Marker (S.1-414) - FÜNFZEHNTER VORTRAG
    GA282/17: 2 Marker (S.1-414) - SECHZEHNTER VORTRAG
    GA282/18: 8 Marker (S.1-414) - SIEBZEHNTER VORTRAG
    GA282/19: 14 Marker (S.1-414) - ACHTZEHNTER VORTRAG
    GA282/20: 17 Marker (S.1-414) - NEUNZEHNTER VORTRAG

  Gesamt: 239 Marker eingefügt
  Gespeichert in: GA282.json
  Archiviert: GA282.json

============================================================
Verarbeite GA282 (MD)
============================================================
  MD-Ordner: GA282-Sprachgestaltung und Dramatische Kunst
  PDF: Steiner, Rudolf GA 282 1981 - Sprachgestaltung und dramatische Kunst.pdf
  Extrahiere PDF-Seiten...
  414 Seiten mit Seitenzahlen
  22 MD-Dateien gefunden
    GA282/1: 22/414 Marker (S.1-414)
    GA282/10: 9/414 Marker (S.1-414)
    GA282/11: 9/414 Marker (S.1-414)
    GA282/12: 9/414 Marker (S.1-414)
    GA282/13: 7/414 Marker (S.1-414)
    GA282/14: 4/414 Marker (S.1-414)
    GA282/15: 14/414 Marker (S.1-414)
    GA282/16: 6/414 Marker (S.1-414)
    GA282/17: 2/414 Marker (S.1-414)
    GA282/18: 8/414 Marker (S.1-414)
    GA282/19: 14/414 Marker (S.1-414)
    GA282/2: 21/414 Marker (S.1-414)
    GA282/20: 16/414 Marker (S.1-414)
    GA282/3: 19/414 Marker (S.1-414)
    GA282/4: 12/414 Marker (S.1-414)
    GA282/5: 14/414 Marker (S.1-414)
    GA282/6: 13/414 Marker (S.1-414)
    GA282/7: 14/414 Marker (S.1-414)
    GA282/8: 17/414 Marker (S.1-414)
    GA282/9: 5/414 Marker (S.1-414)

  Gesamt: 235 Marker in 20 Dateien
  JSON: 0 Marker
  MD: 0 Marker

============================================================
Verarbeite GA283
============================================================

============================================================
Verarbeite GA283
============================================================
  PDF: Steiner, Rudolf GA 283 1989 - Das Wesen des Musikalischen und das Tonerlebnis im Menschen.pdf
  Extrahiere PDF-Seiten...
  192 Seiten mit Seitenzahlen
  12 Vorträge geladen
    GA283/1: 8 Marker (S.1-192) - ERSTER VORTRAG Köln
    GA283/2: 11 Marker (S.1-192) - ZWEITER VORTRAG Berlin
    GA283/3: 7 Marker (S.1-192) - DRITTER VORTRAG Berlin
    GA283/4: 7 Marker (S.1-192) - VIERTER VORTRAG Leipzig
    GA283/5: 13 Marker (S.1-192) - FRAGENBEANTWORTUNG Dornach
    GA283/6: 18 Marker (S.1-192) - FRAGENBEANTWORTUNG Dornach
    GA283/7: 8 Marker (S.1-192) - ERSTES SCHLUSSWORT Dornach
    GA283/8: 4 Marker (S.1-192) - ZWEITES SCHLUSSWORT Dornach
    GA283/9: 13 Marker (S.1-192) - DES MENSCHEN ÄUSSERUNG DURCH TON UND WOR
    GA283/10: 12 Marker (S.1-192) - ERSTER VORTRAG Stuttgart
    GA283/11: 11 Marker (S.1-192) - ZWEITER VORTRAG Stuttgart
    GA283/12: 13 Marker (S.1-192) - DRITTER VORTRAG Dornach

  Gesamt: 125 Marker eingefügt
  Gespeichert in: GA283.json
  Archiviert: GA283.json

============================================================
Verarbeite GA283 (MD)
============================================================
  MD-Ordner: GA283-Das Wesen des Musikalischen und das Tonerlebnis im Menschen
  PDF: Steiner, Rudolf GA 283 1989 - Das Wesen des Musikalischen und das Tonerlebnis im Menschen.pdf
  Extrahiere PDF-Seiten...
  192 Seiten mit Seitenzahlen
  13 MD-Dateien gefunden
    GA283/1: 8/192 Marker (S.1-192)
    GA283/10: 12/192 Marker (S.1-192)
    GA283/11: 11/192 Marker (S.1-192)
    GA283/12: 13/192 Marker (S.1-192)
    GA283/2: 11/192 Marker (S.1-192)
    GA283/3: 7/192 Marker (S.1-192)
    GA283/4: 7/192 Marker (S.1-192)
    GA283/5: 13/192 Marker (S.1-192)
    GA283/6: 18/192 Marker (S.1-192)
    GA283/7: 8/192 Marker (S.1-192)
    GA283/8: 4/192 Marker (S.1-192)
    GA283/9: 13/192 Marker (S.1-192)

  Gesamt: 125 Marker in 12 Dateien
  JSON: 0 Marker
  MD: 0 Marker

============================================================
Verarbeite GA284
============================================================

============================================================
Verarbeite GA284
============================================================
  PDF: Steiner, Rudolf GA 284 1993 - Bilder okkulter Siegel und Säulen.pdf
  Extrahiere PDF-Seiten...
  254 Seiten mit Seitenzahlen
  16 Vorträge geladen
    GA284/1: 4 Marker (S.1-255) - DIE KUNST UND IHRE ZUKÜNFTIGE AUFGABE; P
    GA284/2: 2 Marker (S.1-255) - DER MÜNCHNER KONGRESS PFINGSTEN 1907
    GA284/3: 8 Marker (S.1-255) - DER THEOSOPHISCHE KONGRESS VON 1907
    GA284/4: 10 Marker (S.1-255) - DIE EINWEIHUNG DES ROSENKREUZERS
    GA284/5: 10 Marker (S.1-255) - PLANETENENTWICKELUNG UND MENSCHHEITSENTW
    GA284/6: 3 Marker (S.1-255) - ERLÄUTERUNGEN ZUR EINRICHTUNG UND AUSGES
    GA284/8: 6 Marker (S.1-255) - DIE APOKALYPTISCHEN SIEGEL
    GA284/9: 11 Marker (S.1-255) - SYMBOLE UND ZEICHEN ALS WIRKUNGEN DES CH
    GA284/11: 4 Marker (S.1-255) - BILDER OKKULTER SIEGEL UND SÄULEN
    GA284/12: 2 Marker (S.1-255) - AUS DER GESCHICHTE UNSERER GESELLSCHAFT 
    GA284/13: 2 Marker (S.1-255) - ANSPRACHE ZUR GRUNDSTEINLEGUNG DES MODEL
    GA284/14: 7 Marker (S.1-255) - DIE EINWEIHUNG DES NEUEN ZWEIGRAUMES Ber
    GA284/15: 2 Marker (S.1-255) - DIE GRUNDSTEINLEGUNG DES STUTTGARTER HAU
    GA284/16: 6 Marker (S.1-255) - DIE EINWEIHUNG DES STUTTGARTER HAUSES St
    GA284/17: 6 Marker (S.1-255) - DIE OKKULTEN GESICHTSPUNKTE DES STUTTGAR
    GA284/18: 3 Marker (S.1-255) - IN WELCHEM SINNE SIND WIR THEOSOPHEN UND

  Gesamt: 86 Marker eingefügt
  Gespeichert in: GA284.json
  Archiviert: GA284.json

============================================================
Verarbeite GA284 (MD)
============================================================
  MD-Ordner: GA284-Bilder okkulter Siegel und Säulen
  PDF: Steiner, Rudolf GA 284 1993 - Bilder okkulter Siegel und Säulen.pdf
  Extrahiere PDF-Seiten...
  254 Seiten mit Seitenzahlen
  19 MD-Dateien gefunden
    GA284/1: 4/255 Marker (S.1-255)
    GA284/10: 2/255 Marker (S.1-255)
    GA284/11: 4/255 Marker (S.1-255)
    GA284/12: 2/255 Marker (S.1-255)
    GA284/13: 2/255 Marker (S.1-255)
    GA284/14: 7/255 Marker (S.1-255)
    GA284/15: 2/255 Marker (S.1-255)
    GA284/16: 6/255 Marker (S.1-255)
    GA284/17: 6/255 Marker (S.1-255)
    GA284/18: 3/255 Marker (S.1-255)
    GA284/2: 2/255 Marker (S.1-255)
    GA284/3: 8/255 Marker (S.1-255)
    GA284/4: 10/255 Marker (S.1-255)
    GA284/5: 10/255 Marker (S.1-255)
    GA284/6: 3/255 Marker (S.1-255)
    GA284/7: 4/255 Marker (S.1-255)
    GA284/8: 6/255 Marker (S.1-255)
    GA284/9: 10/255 Marker (S.1-255)

  Gesamt: 91 Marker in 18 Dateien
  JSON: 0 Marker
  MD: 0 Marker

============================================================
Verarbeite GA285
============================================================

============================================================
Verarbeite GA285
============================================================
  FEHLER: Keine PDF gefunden

============================================================
Verarbeite GA285 (MD)
============================================================
  FEHLER: Kein MD-Ordner gefunden
  JSON: 0 Marker
  MD: 0 Marker

============================================================
Verarbeite GA286
============================================================

============================================================
Verarbeite GA286
============================================================
  PDF: Steiner, Rudolf GA 286 1982 - Wege zu einem neuen Baustil.pdf
  Extrahiere PDF-Seiten...
  160 Seiten mit Seitenzahlen
  14 Vorträge geladen
    GA286/1: 11 Marker (S.1-136) - DER URSPRUNG DER ARCHITEKTUR AUS DEM SEE
    GA286/2: 8 Marker (S.1-136) - DER URSPRUNG DER ARCHITEKTUR AUS DEM SEE
    GA286/3: 7 Marker (S.1-136) - GESICHTSPUNKTE ZUR BAULICHEN GESTALTUNG 
    GA286/4: 13 Marker (S.1-136) - II WEGE ZU EINEM NEUEN BAUSTIL DER GEMEI
    GA286/5: 10 Marker (S.1-136) - DER DORNACHER BAU - EIN HAUS DER SPRACHE
    GA286/6: 4 Marker (S.1-136) - DER NEUE BAUKÜNSTLERISCHE GEDANKE
    GA286/7: 11 Marker (S.1-136) - DIE WAHREN ÄSTHETISCHEN FORMGESETZE
    GA286/8: 7 Marker (S.1-136) - DIE SCHÖPFERISCHE WELT DER FARBE
    GA286/9: 3 Marker (S.1-136) - ANHANG DIE ENTWICKELUNG DER BAUKUNST IM 
    GA286/10: 3 Marker (S.1-136) - II München
    GA286/11: 4 Marker (S.1-136) - DER KÜNFTIGE BAUGEDANKE VON DORNACH Zum 
    GA286/12: 3 Marker (S.1-136) - II Aus dem Vortrag in Dornach
    GA286/13: 2 Marker (S.1-136) - III DER WIEDERAUFBAU DES GOETHEANUMS Auf
    GA286/14: 2 Marker (S.1-136) - IV DAS ZWEITE GOETHEANUM Aufsatz für die

  Gesamt: 88 Marker eingefügt
  Gespeichert in: GA286.json
  Archiviert: GA286.json

============================================================
Verarbeite GA286 (MD)
============================================================
  MD-Ordner: GA286-Wege zu einem neuen Baustil
  PDF: Steiner, Rudolf GA 286 1982 - Wege zu einem neuen Baustil.pdf
  Extrahiere PDF-Seiten...
  160 Seiten mit Seitenzahlen
  15 MD-Dateien gefunden
    GA286/1: 11/136 Marker (S.1-136)
    GA286/10: 3/136 Marker (S.1-136)
    GA286/11: 4/136 Marker (S.1-136)
    GA286/12: 3/136 Marker (S.1-136)
    GA286/13: 2/136 Marker (S.1-136)
    GA286/14: 2/136 Marker (S.1-136)
    GA286/2: 8/136 Marker (S.1-136)
    GA286/3: 7/136 Marker (S.1-136)
    GA286/4: 13/136 Marker (S.1-136)
    GA286/5: 10/136 Marker (S.1-136)
    GA286/6: 4/136 Marker (S.1-136)
    GA286/7: 11/136 Marker (S.1-136)
    GA286/8: 7/136 Marker (S.1-136)
    GA286/9: 3/136 Marker (S.1-136)

  Gesamt: 88 Marker in 14 Dateien
  JSON: 0 Marker
  MD: 0 Marker

============================================================
Verarbeite GA287
============================================================

============================================================
Verarbeite GA287
============================================================
  PDF: Steiner, Rudolf GA 287 1985 - Der Dornacher Bau als Wahrzeichen geschichtlichen Werdens.pdf
  Extrahiere PDF-Seiten...
  104 Seiten mit Seitenzahlen
  6 Vorträge geladen
    GA287/1: 11 Marker (S.1-92) - ERSTER VORTRAG Dornach
    GA287/2: 13 Marker (S.1-92) - ZWEITER VORTRAG Dornach
    GA287/3: 16 Marker (S.1-92) - DRITTER VORTRAG Dornach
    GA287/4: 11 Marker (S.1-92) - VIERTER VORTRAG Dornach
    GA287/5: 14 Marker (S.1-92) - FÜNFTER VORTRAG Dornach
    GA287/6: 5 Marker (S.1-92) - Besprechung der Schnitzarbeiten an den A

  Gesamt: 70 Marker eingefügt
  Gespeichert in: GA287.json
  Archiviert: GA287.json

============================================================
Verarbeite GA287 (MD)
============================================================
  MD-Ordner: GA287-Der Dornacher Bau
  PDF: Steiner, Rudolf GA 287 1985 - Der Dornacher Bau als Wahrzeichen geschichtlichen Werdens.pdf
  Extrahiere PDF-Seiten...
  104 Seiten mit Seitenzahlen
  7 MD-Dateien gefunden
    GA287/1: 11/92 Marker (S.1-92)
    GA287/2: 13/92 Marker (S.1-92)
    GA287/3: 16/92 Marker (S.1-92)
    GA287/4: 11/92 Marker (S.1-92)
    GA287/5: 14/92 Marker (S.1-92)
    GA287/6: 5/92 Marker (S.1-92)

  Gesamt: 70 Marker in 6 Dateien
  JSON: 0 Marker
  MD: 0 Marker

============================================================
Verarbeite GA288
============================================================

============================================================
Verarbeite GA288
============================================================
  FEHLER: Keine PDF gefunden

============================================================
Verarbeite GA288 (MD)
============================================================
  MD-Ordner: GA288-Architektur, Plastik und Malerei
  FEHLER: Keine PDF gefunden
  JSON: 0 Marker
  MD: 0 Marker

============================================================
Verarbeite GA289
============================================================

============================================================
Verarbeite GA289
============================================================
  PDF: Steiner, Rudolf GA 289, 2017 - Der Baugedanke des Goetheanum.pdf
  Extrahiere PDF-Seiten...
  0 Seiten mit Seitenzahlen

============================================================
Verarbeite GA289 (MD)
============================================================
  MD-Ordner: GA289-Der Baugedanke des Goetheanum
  PDF: Steiner, Rudolf GA 289, 2017 - Der Baugedanke des Goetheanum.pdf
  Extrahiere PDF-Seiten...
  0 Seiten mit Seitenzahlen
  JSON: 0 Marker
  MD: 0 Marker

============================================================
Verarbeite GA290
============================================================

============================================================
Verarbeite GA290
============================================================
  FEHLER: Keine PDF gefunden

============================================================
Verarbeite GA290 (MD)
============================================================
  FEHLER: Kein MD-Ordner gefunden
  JSON: 0 Marker
  MD: 0 Marker

============================================================
Verarbeite GA291
============================================================

============================================================
Verarbeite GA291
============================================================
  PDF: Steiner, Rudolf GA 291 1991 - Das Wesen der Farben.pdf
  Extrahiere PDF-Seiten...
  247 Seiten mit Seitenzahlen
  12 Vorträge geladen
    GA291/1: 15 Marker (S.1-248) - DAS WESEN DER FARBEN. Erster Vortrag
    GA291/2: 15 Marker (S.1-248) - Zweiter Vortrag
    GA291/3: 20 Marker (S.1-248) - Dritter Vortrag
    GA291/4: 19 Marker (S.1-248) - DIE SCHÖPFERISCHE WELT DER FARBE
    GA291/5: 16 Marker (S.1-248) - DAS MORALISCHE ERLEBEN DER FARBEN- UND T
    GA291/6: 13 Marker (S.1-248) - LICHT UND FINSTERNIS ALS ZWEI WELT-ENTIT
    GA291/7: 2 Marker (S.1-248) - DAS LEBEN IM LICHT UND IN DER SCHWERE
    GA291/8: 16 Marker (S.1-248) - DIE ZWEI GRUNDGESETZE DER FARBENLEHRE IN
    GA291/9: 15 Marker (S.1-248) - VON DER RAUMPERSPEKTIVE ZUR FARBENPERSPE
    GA291/10: 17 Marker (S.1-248) - GEIST UND UNGEIST IN DER MALEREI TIZIANS
    GA291/11: 18 Marker (S.1-248) - MASS
    GA291/12: 15 Marker (S.1-248) - DIE HIERARCHIEN UND DAS WESEN DES REGENB

  Gesamt: 181 Marker eingefügt
  Gespeichert in: GA291.json
  Archiviert: GA291.json

============================================================
Verarbeite GA291 (MD)
============================================================
  MD-Ordner: GA291-Das Wesen der Farben
  PDF: Steiner, Rudolf GA 291 1991 - Das Wesen der Farben.pdf
  Extrahiere PDF-Seiten...
  247 Seiten mit Seitenzahlen
  13 MD-Dateien gefunden
    GA291/1: 15/248 Marker (S.1-248)
    GA291/10: 17/248 Marker (S.1-248)
    GA291/11: 18/248 Marker (S.1-248)
    GA291/12: 15/248 Marker (S.1-248)
    GA291/2: 15/248 Marker (S.1-248)
    GA291/3: 20/248 Marker (S.1-248)
    GA291/4: 19/248 Marker (S.1-248)
    GA291/5: 16/248 Marker (S.1-248)
    GA291/6: 13/248 Marker (S.1-248)
    GA291/7: 2/248 Marker (S.1-248)
    GA291/8: 16/248 Marker (S.1-248)
    GA291/9: 15/248 Marker (S.1-248)

  Gesamt: 181 Marker in 12 Dateien
  JSON: 0 Marker
  MD: 0 Marker

============================================================
Verarbeite GA292
============================================================

============================================================
Verarbeite GA292
============================================================
  PDF: Steiner, Rudolf GA 292 2000 - Kunstgeschichte als Abbild innerer geistiger Impulse.pdf
  Extrahiere PDF-Seiten...
  360 Seiten mit Seitenzahlen
  13 Vorträge geladen
    GA292/1: 34 Marker (S.19-52) - CIMABUE GIOTTO UND ANDERE ITALIENISCHE M
    GA292/2: 38 Marker (S.53-90) - LIONARDO MICHELANGELO RAFFAEL Dornach
    GA292/3: 27 Marker (S.91-118) - DEUTSCHE PLASTIK UND MALEREI BIS ZU DÜRE
    GA292/4: 20 Marker (S.119-139) - DEUTSCHE UND NIEDERLÄNDISCHE PLASTIK MIC
    GA292/5: 21 Marker (S.140-160) - REMBRANDT Dornach
    GA292/6: 22 Marker (S.161-182) - NIEDERLÄNDISCHE MALEREI vornehmlich des 
    GA292/7: 14 Marker (S.183-196) - MOSAIKE MINIATUREN ITALIENISCHE
    GA292/8: 20 Marker (S.197-222) - RAFFAEL DÜRER UND ANDERE DEUTSCHE MEISTE
    GA292/9: 11 Marker (S.223-246) - GRIECHISCHE UND RÖMISCHE PLASTIK RENAISS
    GA292/10: 12 Marker (S.247-272) - RAFFAEL «DISPUTA» — «SCHULE VON ATHEN» D
    GA292/11: 3 Marker (S.273-293) - IKONEN MINIATUREN DEUTSCHE MEISTER Dorna
    GA292/12: 1 Marker (S.294-315) - ALTCHRISTLICHE PLASTIK
    GA292/13: 1 Marker (S.316-363) - ALTCHRISTLICHE MALEREI UND MOSAIKE ITALI

  Gesamt: 224 Marker eingefügt
  Gespeichert in: GA292.json
  Archiviert: GA292.json

============================================================
Verarbeite GA292 (MD)
============================================================
  MD-Ordner: GA292-Kunstgeschichte als Abbild innerer geistiger Impulse 1
  PDF: Steiner, Rudolf GA 292 2000 - Kunstgeschichte als Abbild innerer geistiger Impulse.pdf
  Extrahiere PDF-Seiten...
  360 Seiten mit Seitenzahlen
  14 MD-Dateien gefunden
    GA292/1: 34/34 Marker (S.19-52)
    GA292/10: 12/26 Marker (S.247-272)
    GA292/11: 3/21 Marker (S.273-293)
    GA292/12: 1/22 Marker (S.294-315)
    GA292/13: 1/48 Marker (S.316-363)
    GA292/2: 38/38 Marker (S.53-90)
    GA292/3: 27/28 Marker (S.91-118)
    GA292/4: 19/21 Marker (S.119-139)
    GA292/5: 21/21 Marker (S.140-160)
    GA292/6: 22/22 Marker (S.161-182)
    GA292/7: 14/14 Marker (S.183-196)
    GA292/8: 20/26 Marker (S.197-222)
    GA292/9: 11/24 Marker (S.223-246)

  Gesamt: 223 Marker in 13 Dateien
  JSON: 0 Marker
  MD: 0 Marker

============================================================
Verarbeite GA293
============================================================

============================================================
Verarbeite GA293
============================================================
  PDF: Steiner, Rudolf GA 293, 1992 - Allgemeine Menschenkunde als Grundlage.pdf
  Extrahiere PDF-Seiten...
  254 Seiten mit Seitenzahlen
  16 Vorträge geladen
    GA293/1: 13 Marker (S.1-256) - ERSTER VORTRAG
    GA293/2: 14 Marker (S.1-256) - ZWEITER VORTRAG
    GA293/3: 16 Marker (S.1-256) - DRITTER VORTRAG
    GA293/4: 16 Marker (S.1-256) - VIERTER VORTRAG
    GA293/5: 13 Marker (S.1-256) - FÜNFTER VORTRAG
    GA293/6: 14 Marker (S.1-256) - SECHSTER VORTRAG
    GA293/7: 14 Marker (S.1-256) - SIEBENTER VORTRAG
    GA293/8: 13 Marker (S.1-256) - ACHTER VORTRAG
    GA293/9: 13 Marker (S.1-256) - NEUNTER VORTRAG
    GA293/10: 14 Marker (S.1-256) - ZEHNTER VORTRAG
    GA293/11: 12 Marker (S.1-256) - ELFTER VORTRAG
    GA293/12: 6 Marker (S.1-256) - ZWÖLFTER VORTRAG
    GA293/13: 11 Marker (S.1-256) - DREIZEHNTER VORTRAG
    GA293/14: 10 Marker (S.1-256) - VIERZEHNTER VORTRAG
    GA293/15: 3 Marker (S.1-256) - ANSPRACHE gehalten am Vorabend des Kurse
    GA293/16: 9 Marker (S.1-256) - Aus der Ansprache zur Eröffnungsfeier de

  Gesamt: 191 Marker eingefügt
  Gespeichert in: GA293.json
  Archiviert: GA293.json

============================================================
Verarbeite GA293 (MD)
============================================================
  MD-Ordner: GA293-Allgemeine Menschenkunde als Grundlage der Pädagogik
  PDF: Steiner, Rudolf GA 293, 1992 - Allgemeine Menschenkunde als Grundlage.pdf
  Extrahiere PDF-Seiten...
  254 Seiten mit Seitenzahlen
  17 MD-Dateien gefunden
    GA293/1: 13/256 Marker (S.1-256)
    GA293/10: 14/256 Marker (S.1-256)
    GA293/11: 12/256 Marker (S.1-256)
    GA293/12: 6/256 Marker (S.1-256)
    GA293/13: 11/256 Marker (S.1-256)
    GA293/14: 10/256 Marker (S.1-256)
    GA293/15: 3/256 Marker (S.1-256)
    GA293/16: 9/256 Marker (S.1-256)
    GA293/2: 14/256 Marker (S.1-256)
    GA293/3: 16/256 Marker (S.1-256)
    GA293/4: 16/256 Marker (S.1-256)
    GA293/5: 13/256 Marker (S.1-256)
    GA293/6: 14/256 Marker (S.1-256)
    GA293/7: 14/256 Marker (S.1-256)
    GA293/8: 13/256 Marker (S.1-256)
    GA293/9: 13/256 Marker (S.1-256)

  Gesamt: 191 Marker in 16 Dateien
  JSON: 0 Marker
  MD: 0 Marker

============================================================
Verarbeite GA294
============================================================

============================================================
Verarbeite GA294
============================================================
  PDF: Steiner, Rudolf GA 294, 1990 - Erziehungskunst - Methodisch-Didaktisches.pdf
  Extrahiere PDF-Seiten...
  214 Seiten mit Seitenzahlen
  15 Vorträge geladen
    GA294/1: 16 Marker (S.1-216) - ERSTER VORTRAG
    GA294/2: 14 Marker (S.1-216) - ZWEITER VORTRAG
    GA294/3: 15 Marker (S.1-216) - DRITTER VORTRAG
    GA294/4: 15 Marker (S.1-216) - VIERTER VORTRAG
    GA294/5: 12 Marker (S.1-216) - FÜNFTER VORTRAG
    GA294/6: 14 Marker (S.1-216) - SECHSTER VORTRAG
    GA294/7: 16 Marker (S.1-216) - SIEBENTER VORTRAG
    GA294/8: 13 Marker (S.1-216) - ACHTER VORTRAG
    GA294/9: 12 Marker (S.1-216) - NEUNTER VORTRAG
    GA294/10: 12 Marker (S.1-216) - ZEHNTER VORTRAG
    GA294/11: 10 Marker (S.1-216) - ELFTER VORTRAG
    GA294/12: 11 Marker (S.1-216) - ZWÖLFTER VORTRAG
    GA294/13: 11 Marker (S.1-216) - DREIZEHNTER VORTRAG
    GA294/14: 11 Marker (S.1-216) - VIERZEHNTER VORTRAG
    GA294/15: 3 Marker (S.1-216) - SCHLUSSWORTE

  Gesamt: 185 Marker eingefügt
  Gespeichert in: GA294.json
  Archiviert: GA294.json

============================================================
Verarbeite GA294 (MD)
============================================================
  MD-Ordner: GA294-Erziehungskunst. Methodisch-Didaktisches
  PDF: Steiner, Rudolf GA 294, 1990 - Erziehungskunst - Methodisch-Didaktisches.pdf
  Extrahiere PDF-Seiten...
  214 Seiten mit Seitenzahlen
  16 MD-Dateien gefunden
    GA294/1: 16/216 Marker (S.1-216)
    GA294/10: 12/216 Marker (S.1-216)
    GA294/11: 10/216 Marker (S.1-216)
    GA294/12: 11/216 Marker (S.1-216)
    GA294/13: 10/216 Marker (S.1-216)
    GA294/14: 11/216 Marker (S.1-216)
    GA294/15: 3/216 Marker (S.1-216)
    GA294/2: 14/216 Marker (S.1-216)
    GA294/3: 15/216 Marker (S.1-216)
    GA294/4: 15/216 Marker (S.1-216)
    GA294/5: 12/216 Marker (S.1-216)
    GA294/6: 14/216 Marker (S.1-216)
    GA294/7: 16/216 Marker (S.1-216)
    GA294/8: 13/216 Marker (S.1-216)
    GA294/9: 12/216 Marker (S.1-216)

  Gesamt: 184 Marker in 15 Dateien
  JSON: 0 Marker
  MD: 0 Marker

============================================================
Verarbeite GA295
============================================================

============================================================
Verarbeite GA295
============================================================
  PDF: Steiner, Rudolf GA 295, 1984 - Erziehungskunst - Seminarbesprechungen und Lehrplanvorträge.pdf
  Extrahiere PDF-Seiten...
  197 Seiten mit Seitenzahlen
  19 Vorträge geladen
    GA295/1: 11 Marker (S.1-198) - ERSTE SEMINARBESPRECHUNG
    GA295/2: 11 Marker (S.1-198) - ZWEITE SEMINARBESPRECHUNG
    GA295/3: 3 Marker (S.1-198) - DRITTTE SEMINARBESPRECHUNG
    GA295/4: 10 Marker (S.1-198) - VIERTE SEMINARBESPRECHUNG
    GA295/5: 9 Marker (S.1-198) - FÜNFTE SEMINARBESPRECHUNG
    GA295/6: 5 Marker (S.1-198) - SECHSTE SEMINARBESPRECHUNG
    GA295/7: 16 Marker (S.1-198) - SIEBENTE SEMINARBESPRECHUNG
    GA295/8: 9 Marker (S.1-198) - ACHTE SEMINARBESPRECHUNG
    GA295/9: 4 Marker (S.1-198) - NEUNTE SEMINARBESPRECHUNG
    GA295/10: 8 Marker (S.1-198) - ZEHNTE SEMINARBESPRECHUNG
    GA295/11: 10 Marker (S.1-198) - ELFTE SEMINARBESPRECHUNG
    GA295/12: 5 Marker (S.1-198) - ZWÖLFTE SEMINARBESPRECHUNG
    GA295/13: 6 Marker (S.1-198) - DREIZEHNTE SEMINARBESPRECHUNG
    GA295/14: 10 Marker (S.1-198) - VIERZEHNTE SEMINARBESPRECHUNG
    GA295/15: 11 Marker (S.1-198) - ERSTER LEHRPLANVORTRAG
    GA295/16: 9 Marker (S.1-198) - ZWEITER LEHRPLANVORTRAG
    GA295/17: 11 Marker (S.1-198) - FÜNFZEHNTE SEMINARBESPRECHUNG und DRITTE
    GA295/18: 3 Marker (S.1-198) - SCHLUSSWORTE
    GA295/19: 2 Marker (S.1-198) - Bemerkungen zur ersten Buchausgabe der S

  Gesamt: 153 Marker eingefügt
  Gespeichert in: GA295.json
  Archiviert: GA295.json

============================================================
Verarbeite GA295 (MD)
============================================================
  MD-Ordner: GA295-Erziehungskunst. Seminarbesprechungen und Lehrplanvorträge
  PDF: Steiner, Rudolf GA 295, 1984 - Erziehungskunst - Seminarbesprechungen und Lehrplanvorträge.pdf
  Extrahiere PDF-Seiten...
  197 Seiten mit Seitenzahlen
  20 MD-Dateien gefunden
    GA295/1: 11/198 Marker (S.1-198)
    GA295/10: 8/198 Marker (S.1-198)
    GA295/11: 10/198 Marker (S.1-198)
    GA295/12: 5/198 Marker (S.1-198)
    GA295/13: 5/198 Marker (S.1-198)
    GA295/14: 10/198 Marker (S.1-198)
    GA295/15: 11/198 Marker (S.1-198)
    GA295/16: 9/198 Marker (S.1-198)
    GA295/17: 11/198 Marker (S.1-198)
    GA295/18: 3/198 Marker (S.1-198)
    GA295/19: 2/198 Marker (S.1-198)
    GA295/2: 11/198 Marker (S.1-198)
    GA295/3: 3/198 Marker (S.1-198)
    GA295/4: 10/198 Marker (S.1-198)
    GA295/5: 9/198 Marker (S.1-198)
    GA295/6: 5/198 Marker (S.1-198)
    GA295/7: 16/198 Marker (S.1-198)
    GA295/8: 9/198 Marker (S.1-198)
    GA295/9: 4/198 Marker (S.1-198)

  Gesamt: 152 Marker in 19 Dateien
  JSON: 0 Marker
  MD: 0 Marker

============================================================
Verarbeite GA296
============================================================

============================================================
Verarbeite GA296
============================================================
  PDF: Steiner, Rudolf GA 296, 1991 - Die Erziehungsfrage als soziale Frage.pdf
  Extrahiere PDF-Seiten...
  128 Seiten mit Seitenzahlen
  6 Vorträge geladen
    GA296/1: 25 Marker (S.1-128) - ERSTER VORTRAG
    GA296/2: 20 Marker (S.1-128) - ZWEITER VORTRAG
    GA296/3: 13 Marker (S.1-128) - DRITTER VORTRAG
    GA296/4: 17 Marker (S.1-128) - VIERTER VORTRAG
    GA296/5: 13 Marker (S.1-128) - FÜNFTER VORTRAG
    GA296/6: 6 Marker (S.1-128) - SECHSTER VORTRAG

  Gesamt: 94 Marker eingefügt
  Gespeichert in: GA296.json
  Archiviert: GA296.json

============================================================
Verarbeite GA296 (MD)
============================================================
  MD-Ordner: GA296-Die Erziehungsfrage als soziale Frage
  PDF: Steiner, Rudolf GA 296, 1991 - Die Erziehungsfrage als soziale Frage.pdf
  Extrahiere PDF-Seiten...
  128 Seiten mit Seitenzahlen
  7 MD-Dateien gefunden
    GA296/1: 25/128 Marker (S.1-128)
    GA296/2: 20/128 Marker (S.1-128)
    GA296/3: 13/128 Marker (S.1-128)
    GA296/4: 17/128 Marker (S.1-128)
    GA296/5: 13/128 Marker (S.1-128)
    GA296/6: 6/128 Marker (S.1-128)

  Gesamt: 94 Marker in 6 Dateien
  JSON: 0 Marker
  MD: 0 Marker

============================================================
Verarbeite GA297
============================================================

============================================================
Verarbeite GA297
============================================================
  PDF: Steiner, Rudolf GA 297, 1998 - Idee und Praxis der Waldorfschule.pdf
  Extrahiere PDF-Seiten...
  333 Seiten mit Seitenzahlen
  11 Vorträge geladen
    GA297/1: 27 Marker (S.1-333) - WELCHE GESICHTSPUNKTE LIEGEN DER ERRICHT
    GA297/2: 22 Marker (S.1-333) - AUS WELCHEM GEISTE KANN SICH EINE ERZIEH
    GA297/3: 25 Marker (S.1-333) - VORTRAG FÜR DIE ELTERN DER WALDORFSCHULK
    GA297/4: 22 Marker (S.1-333) - ÜBERSINNLICHE ERKENNTNIS UND SOZIAL-PÄDA
    GA297/5: 5 Marker (S.1-333) - DIE SOZIAL-PÄDAGOGISCHE BEDEUTUNG DER AN
    GA297/6: 12 Marker (S.1-333) - GEISTESWISSENSCHAFT UND PÄDAGOGIK
    GA297/7: 7 Marker (S.1-333) - ERZIEHUNG UND SOZIALE GEMEINSCHAFT VOM G
    GA297/8: 24 Marker (S.1-333) - PÄDAGOGISCH-DIDAKTISCHE KUNST UND DIE WA
    GA297/9: 4 Marker (S.1-333) - BESPRECHUNG PÄDAGOGISCHER UND PSYCHOLOGI
    GA297/10: 15 Marker (S.1-333) - Frage Wie kann man auf die Temperamente 
    GA297/11: 6 Marker (S.1-333) - ANTHROPOSOPHIE UND PÄDAGOGISCHE KUNST

  Gesamt: 169 Marker eingefügt
  Gespeichert in: GA297.json
  Archiviert: GA297.json

============================================================
Verarbeite GA297 (MD)
============================================================
  MD-Ordner: GA297-Idee und Praxis der Waldorfschule
  PDF: Steiner, Rudolf GA 297, 1998 - Idee und Praxis der Waldorfschule.pdf
  Extrahiere PDF-Seiten...
  333 Seiten mit Seitenzahlen
  13 MD-Dateien gefunden
    GA297/1: 27/333 Marker (S.1-333)
    GA297/10: 2/333 Marker (S.1-333)
    GA297/11: 6/333 Marker (S.1-333)
    GA297/12: 5/333 Marker (S.1-333)
    GA297/2: 22/333 Marker (S.1-333)
    GA297/3: 25/333 Marker (S.1-333)
    GA297/4: 22/333 Marker (S.1-333)
    GA297/5: 5/333 Marker (S.1-333)
    GA297/6: 12/333 Marker (S.1-333)
    GA297/7: 7/333 Marker (S.1-333)
    GA297/8: 24/333 Marker (S.1-333)
    GA297/9: 4/333 Marker (S.1-333)

  Gesamt: 161 Marker in 12 Dateien
  JSON: 0 Marker
  MD: 0 Marker

============================================================
Verarbeite GA298
============================================================

============================================================
Verarbeite GA298
============================================================
  PDF: Steiner, Rudolf GA 298, 1980 - Rudolf Steiner in der Waldorfschule.pdf
  Extrahiere PDF-Seiten...
  227 Seiten mit Seitenzahlen
  26 Vorträge geladen
    GA298/1: 9 Marker (S.1-228) - DIE PÄDAGOGISCHE GRUNDLAGE DER WALDORFSC
    GA298/2: 4 Marker (S.1-228) - ERÖFFNUNG DER FREIEN WALDORFSCHULE IM ST
    GA298/3: 13 Marker (S.1-228) - ANSPRACHE RUDOLF STEINERS BEI DER ERÖFFN
    GA298/4: 5 Marker (S.1-228) - ANSPRACHE BEI DER WEIHNACHTSFEIER
    GA298/5: 4 Marker (S.1-228) - ANSPRACHE BEI EINER MONATSFEIER
    GA298/6: 2 Marker (S.1-228) - DIE SCHULGEWOHNHEITEN DER NIEDERGEHENDEN
    GA298/7: 8 Marker (S.1-228) - ANSPRACHE BEI DER FEIER ZUM ABSCHLUSS DE
    GA298/8: 3 Marker (S.1-228) - ANSPRACHE BEI EINER MONATSFEIER
    GA298/9: 9 Marker (S.1-228) - ANSPRACHE AM ELTERNABEND
    GA298/10: 5 Marker (S.1-228) - ANSPRACHE BEI DER FEIER ZUM ABSCHLUB DES
    GA298/11: 8 Marker (S.1-228) - ANSPRACHE AN DER ERSTEN MITGLIEDERVERSAM
    GA298/12: 7 Marker (S.1-228) - ANSPRACHE BEI DER FEIER ZUM BEGINN DES D
    GA298/13: 6 Marker (S.1-228) - ANSPRACHE BEI DER GRUNDSTEINLEGUNG FÜR D
    GA298/14: 17 Marker (S.1-228) - ANSPRACHE AM ELTERNABEND
    GA298/15: 7 Marker (S.1-228) - Aus der Aussprache am Elternabend vom 9.
    GA298/16: 6 Marker (S.1-228) - ANSPRACHE BEI DER FEIER ZUM BEGINN DES V
    GA298/17: 10 Marker (S.1-228) - ANSPRACHE AN DER ZWEITEN ORDENTLICHEN MI
    GA298/18: 2 Marker (S.1-228) - Aussprache im Anschluß an die Mitglieder
    GA298/19: 4 Marker (S.1-228) - ANSPRACHE BEI DER MONATSFEIER NACH DEM B
    GA298/20: 3 Marker (S.1-228) - ANSPRACHE BEI DER FEIER ZUM BEGINN DES F
    GA298/21: 3 Marker (S.1-228) - ANSPRACHE BEI EINER MONATSFEIER
    GA298/22: 13 Marker (S.1-228) - ANSPRACHE AN DER DRITTEN ORDENTLICHEN MI
    GA298/23: 11 Marker (S.1-228) - FRAGEN VON SCHULE UND HAUS ANSPRACHE AM 
    GA298/24: 4 Marker (S.1-228) - ANSPRACHE BEI EINER MONATSFEIER
    GA298/25: 4 Marker (S.1-228) - ANSPRACHE BEI DER FEIER ZU BEGINN DES SE
    GA298/26: 3 Marker (S.1-228) - DER VERKEHR DES LEHRERS MIT DEM ELTERNHA

  Gesamt: 170 Marker eingefügt
  Gespeichert in: GA298.json
  Archiviert: GA298.json

============================================================
Verarbeite GA298 (MD)
============================================================
  MD-Ordner: GA298-Rudolf Steiner in der Waldorfschule
  PDF: Steiner, Rudolf GA 298, 1980 - Rudolf Steiner in der Waldorfschule.pdf
  Extrahiere PDF-Seiten...
  227 Seiten mit Seitenzahlen
  27 MD-Dateien gefunden
    GA298/1: 9/228 Marker (S.1-228)
    GA298/10: 5/228 Marker (S.1-228)
    GA298/11: 9/228 Marker (S.1-228)
    GA298/12: 7/228 Marker (S.1-228)
    GA298/13: 6/228 Marker (S.1-228)
    GA298/14: 18/228 Marker (S.1-228)
    GA298/15: 7/228 Marker (S.1-228)
    GA298/16: 6/228 Marker (S.1-228)
    GA298/17: 10/228 Marker (S.1-228)
    GA298/18: 2/228 Marker (S.1-228)
    GA298/19: 4/228 Marker (S.1-228)
    GA298/2: 4/228 Marker (S.1-228)
    GA298/20: 3/228 Marker (S.1-228)
    GA298/21: 3/228 Marker (S.1-228)
    GA298/22: 3/228 Marker (S.1-228)
    GA298/23: 11/228 Marker (S.1-228)
    GA298/24: 4/228 Marker (S.1-228)
    GA298/25: 4/228 Marker (S.1-228)
    GA298/26: 3/228 Marker (S.1-228)
    GA298/3: 13/228 Marker (S.1-228)
    GA298/4: 5/228 Marker (S.1-228)
    GA298/5: 4/228 Marker (S.1-228)
    GA298/6: 2/228 Marker (S.1-228)
    GA298/7: 8/228 Marker (S.1-228)
    GA298/8: 3/228 Marker (S.1-228)
    GA298/9: 9/228 Marker (S.1-228)

  Gesamt: 162 Marker in 26 Dateien
  JSON: 0 Marker
  MD: 0 Marker

============================================================
Verarbeite GA299
============================================================

============================================================
Verarbeite GA299
============================================================
  PDF: Steiner, Rudolf GA 299, 1981 - Geisteswissenschaftliche Sprachbetrachtungen.pdf
  Extrahiere PDF-Seiten...
  90 Seiten mit Seitenzahlen
  6 Vorträge geladen
    GA299/1: 10 Marker (S.1-90) - ERSTER VORTRAG
    GA299/2: 11 Marker (S.1-90) - ZWEITER VORTRAG
    GA299/3: 14 Marker (S.1-90) - DRITTER VORTRAG
    GA299/4: 14 Marker (S.1-90) - VIERTER VORTRAG
    GA299/5: 13 Marker (S.1-90) - FÜNFTER VORTRAG
    GA299/6: 14 Marker (S.1-90) - SECHSTER VORTRAG

  Gesamt: 76 Marker eingefügt
  Gespeichert in: GA299.json
  Archiviert: GA299.json

============================================================
Verarbeite GA299 (MD)
============================================================
  MD-Ordner: GA299-Geisteswissenschaftliche Sprachbetrachtungen
  PDF: Steiner, Rudolf GA 299, 1981 - Geisteswissenschaftliche Sprachbetrachtungen.pdf
  Extrahiere PDF-Seiten...
  90 Seiten mit Seitenzahlen
  7 MD-Dateien gefunden
    GA299/1: 10/90 Marker (S.1-90)
    GA299/2: 11/90 Marker (S.1-90)
    GA299/3: 14/90 Marker (S.1-90)
    GA299/4: 14/90 Marker (S.1-90)
    GA299/5: 13/90 Marker (S.1-90)
    GA299/6: 14/90 Marker (S.1-90)

  Gesamt: 76 Marker in 6 Dateien
  JSON: 0 Marker
  MD: 0 Marker

============================================================
Verarbeite GA300
============================================================

============================================================
Verarbeite GA300
============================================================
  PDF: Steiner, Rudolf GA 300a 1975 - Konferenzen mit den Lehrern der Freien Waldorfschule.pdf
  Extrahiere PDF-Seiten...
  313 Seiten mit Seitenzahlen

============================================================
Verarbeite GA300 (MD)
============================================================
  MD-Ordner: GA300a-Konferenzen mit den Lehrern der freien Waldorfschule
  PDF: Steiner, Rudolf GA 300a 1975 - Konferenzen mit den Lehrern der Freien Waldorfschule.pdf
  Extrahiere PDF-Seiten...
  313 Seiten mit Seitenzahlen
  23 MD-Dateien gefunden
    GA300/1: 1/316 Marker (S.1-316)
    GA300/10: 1/316 Marker (S.1-316)
    GA300/11: 1/316 Marker (S.1-316)
    GA300/12: 1/316 Marker (S.1-316)
    GA300/13: 1/316 Marker (S.1-316)
    GA300/14: 1/316 Marker (S.1-316)
    GA300/15: 1/316 Marker (S.1-316)
    GA300/16: 1/316 Marker (S.1-316)
    GA300/17: 1/316 Marker (S.1-316)
    GA300/18: 1/316 Marker (S.1-316)
    GA300/19: 1/316 Marker (S.1-316)
    GA300/2: 1/316 Marker (S.1-316)
    GA300/20: 1/316 Marker (S.1-316)
    GA300/21: 1/316 Marker (S.1-316)
    GA300/22: 2/316 Marker (S.1-316)
    GA300/3: 1/316 Marker (S.1-316)
    GA300/4: 1/316 Marker (S.1-316)
    GA300/5: 1/316 Marker (S.1-316)
    GA300/6: 1/316 Marker (S.1-316)
    GA300/7: 1/316 Marker (S.1-316)
    GA300/8: 1/316 Marker (S.1-316)
    GA300/9: 1/316 Marker (S.1-316)

  Gesamt: 23 Marker in 22 Dateien
  JSON: 0 Marker
  MD: 0 Marker

============================================================
ZUSAMMENFASSUNG
============================================================
  Verarbeitet: 50 GAs
  JSON Marker: 0
  MD Marker: 0

  Log gespeichert: pagebreaks_ga251-300_20260108_091210.json
