
############################################################
# Verarbeite GA101 bis GA150
# Log: pagebreaks_ga101-150_20260108_091039.json
############################################################

============================================================
Verarbeite GA101
============================================================

============================================================
Verarbeite GA101
============================================================
  PDF: Steiner, Rudolf GA 101, 1992 - Mythen und Sagen, okkulte Zeichen und Symbole.pdf
  Extrahiere PDF-Seiten...
  294 Seiten mit Seitenzahlen
  16 Vorträge geladen
    GA101/1: 13 Marker (S.15-27) - ERSTER VORTRAG
    GA101/2: 17 Marker (S.28-44) - ZWEITER VORTRAG
    GA101/3: 19 Marker (S.45-63) - DRITTER VORTRAG
    GA101/4: 19 Marker (S.64-82) - VIERTER VORTRAG
    GA101/5: 18 Marker (S.83-100) - FÜNFTER VORTRAG
    GA101/6: 15 Marker (S.101-116) - SECHSTER VORTRAG
    GA101/7: 25 Marker (S.117-142) - WEISSE UND SCHWARZE MAGIE
    GA101/8: 14 Marker (S.143-156) - ERSTER VORTRAG
    GA101/9: 12 Marker (S.157-168) - ZWEITER VORTRAG
    GA101/10: 13 Marker (S.169-181) - DRITTER VORTRAG
    GA101/11: 11 Marker (S.182-192) - VIERTER VORTRAG
    GA101/12: 16 Marker (S.193-208) - FÜNFTER VORTRAG
    GA101/13: 17 Marker (S.209-225) - SECHSTER VORTRAG
    GA101/14: 16 Marker (S.226-241) - SIEBENTER VORTRAG
    GA101/15: 21 Marker (S.242-262) - ACHTER VORTRAG
    GA101/16: 16 Marker (S.263-294) - WEIHNACHT. EINE BETRACHTUNG AUS DER LEBE

  Gesamt: 262 Marker eingefügt
  Gespeichert in: GA101.json
  Archiviert: GA101.json

============================================================
Verarbeite GA101 (MD)
============================================================
  MD-Ordner: GA101-Mythen und Sagen. Okkulte Zeichen und Symbole
  PDF: Steiner, Rudolf GA 101, 1992 - Mythen und Sagen, okkulte Zeichen und Symbole.pdf
  Extrahiere PDF-Seiten...
  294 Seiten mit Seitenzahlen
  17 MD-Dateien gefunden
    GA101/1: 13/13 Marker (S.15-27)
    GA101/10: 13/13 Marker (S.169-181)
    GA101/11: 11/11 Marker (S.182-192)
    GA101/12: 16/16 Marker (S.193-208)
    GA101/13: 17/17 Marker (S.209-225)
    GA101/14: 16/16 Marker (S.226-241)
    GA101/15: 21/21 Marker (S.242-262)
    GA101/16: 16/32 Marker (S.263-294)
    GA101/2: 17/17 Marker (S.28-44)
    GA101/3: 19/19 Marker (S.45-63)
    GA101/4: 19/19 Marker (S.64-82)
    GA101/5: 18/18 Marker (S.83-100)
    GA101/6: 15/16 Marker (S.101-116)
    GA101/7: 25/26 Marker (S.117-142)
    GA101/8: 14/14 Marker (S.143-156)
    GA101/9: 12/12 Marker (S.157-168)

  Gesamt: 262 Marker in 16 Dateien
  JSON: 0 Marker
  MD: 0 Marker

============================================================
Verarbeite GA102
============================================================

============================================================
Verarbeite GA102
============================================================
  PDF: Steiner, Rudolf GA 102, 2001 - Das Hereinwirken geistiger Wesenheiten in den Menschen.pdf
  Extrahiere PDF-Seiten...
  244 Seiten mit Seitenzahlen
  13 Vorträge geladen
    GA102/1: 17 Marker (S.13-29) - ERSTER VORTRAG
    GA102/2: 14 Marker (S.30-43) - ZWEITER VORTRAG
    GA102/3: 18 Marker (S.44-62) - DRITTER VORTRAG
    GA102/4: 19 Marker (S.63-81) - VIERTER VORTRAG
    GA102/5: 14 Marker (S.82-95) - FÜNFTER VORTRAG
    GA102/6: 21 Marker (S.96-116) - SECHSTER VORTRAG
    GA102/7: 20 Marker (S.117-136) - SIEBENTER VORTRAG
    GA102/8: 14 Marker (S.137-150) - ACHTER VORTRAG
    GA102/9: 11 Marker (S.151-161) - NEUNTER VORTRAG
    GA102/10: 21 Marker (S.162-182) - ZEHNTER VORTRAG
    GA102/11: 16 Marker (S.183-198) - ELFTER VORTRAG
    GA102/12: 15 Marker (S.199-213) - ZWÖLFTER VORTRAG
    GA102/13: 16 Marker (S.214-244) - DREIZEHNTER VORTRAG

  Gesamt: 216 Marker eingefügt
  Gespeichert in: GA102.json
  Archiviert: GA102.json

============================================================
Verarbeite GA102 (MD)
============================================================
  MD-Ordner: GA102-Das Hereinwirken geistiger Wesenheiten in den Menschen
  PDF: Steiner, Rudolf GA 102, 2001 - Das Hereinwirken geistiger Wesenheiten in den Menschen.pdf
  Extrahiere PDF-Seiten...
  244 Seiten mit Seitenzahlen
  14 MD-Dateien gefunden
    GA102/1: 17/17 Marker (S.13-29)
    GA102/10: 21/21 Marker (S.162-182)
    GA102/11: 16/16 Marker (S.183-198)
    GA102/12: 15/15 Marker (S.199-213)
    GA102/13: 16/31 Marker (S.214-244)
    GA102/2: 14/14 Marker (S.30-43)
    GA102/3: 18/19 Marker (S.44-62)
    GA102/4: 19/19 Marker (S.63-81)
    GA102/5: 14/14 Marker (S.82-95)
    GA102/6: 21/21 Marker (S.96-116)
    GA102/7: 20/20 Marker (S.117-136)
    GA102/8: 14/14 Marker (S.137-150)
    GA102/9: 11/11 Marker (S.151-161)

  Gesamt: 216 Marker in 13 Dateien
  JSON: 0 Marker
  MD: 0 Marker

============================================================
Verarbeite GA103
============================================================

============================================================
Verarbeite GA103
============================================================
  PDF: Steiner, Rudolf GA 103, 1995 - Das Johannes Evangelium.pdf
  Extrahiere PDF-Seiten...
  224 Seiten mit Seitenzahlen
  12 Vorträge geladen
    GA103/1: 16 Marker (S.9-40) - ERSTER VORTRAG
    GA103/2: 2 Marker (S.41-42) - ZWEITER VORTRAG
    GA103/3: 19 Marker (S.43-61) - DRITTER VORTRAG
    GA103/4: 21 Marker (S.62-82) - VIERTER VORTRAG
    GA103/5: 21 Marker (S.83-103) - FÜNFTER VORTRAG
    GA103/6: 17 Marker (S.104-120) - SECHSTER VORTRAG
    GA103/7: 15 Marker (S.121-135) - SIEBENTER VORTRAG
    GA103/8: 16 Marker (S.136-151) - ACHTER VORTRAG
    GA103/9: 16 Marker (S.152-167) - NEUNTER VORTRAG
    GA103/10: 15 Marker (S.168-182) - ZEHNTER VORTRAG
    GA103/11: 12 Marker (S.183-194) - ELFTER VORTRAG
    GA103/12: 23 Marker (S.195-224) - ZWÖLFTER VORTRAG

  Gesamt: 193 Marker eingefügt
  Gespeichert in: GA103.json
  Archiviert: GA103.json

============================================================
Verarbeite GA103 (MD)
============================================================
  MD-Ordner: GA103-Das Johannes-Evangelium
  PDF: Steiner, Rudolf GA 103, 1995 - Das Johannes Evangelium.pdf
  Extrahiere PDF-Seiten...
  224 Seiten mit Seitenzahlen
  13 MD-Dateien gefunden
    GA103/1: 16/32 Marker (S.9-40)
    GA103/10: 15/15 Marker (S.168-182)
    GA103/11: 12/12 Marker (S.183-194)
    GA103/12: 23/30 Marker (S.195-224)
    GA103/2: 2/2 Marker (S.41-42)
    GA103/3: 19/19 Marker (S.43-61)
    GA103/4: 21/21 Marker (S.62-82)
    GA103/5: 21/21 Marker (S.83-103)
    GA103/6: 17/17 Marker (S.104-120)
    GA103/7: 15/15 Marker (S.121-135)
    GA103/8: 16/16 Marker (S.136-151)
    GA103/9: 16/16 Marker (S.152-167)

  Gesamt: 193 Marker in 12 Dateien
  JSON: 0 Marker
  MD: 0 Marker

============================================================
Verarbeite GA104
============================================================

============================================================
Verarbeite GA104
============================================================
  PDF: Steiner, Rudolf GA 104, 1985 - Die Apokalypse des Johannes.pdf
  Extrahiere PDF-Seiten...
  291 Seiten mit Seitenzahlen
  13 Vorträge geladen
    GA104/1: 23 Marker (S.11-33) - GEISTESWISSENSCHAFT
    GA104/2: 17 Marker (S.34-50) - ERSTER VORTRAG
    GA104/3: 15 Marker (S.51-65) - ZWEITER VORTRAG
    GA104/4: 20 Marker (S.66-86) - DRITTER VORTRAG
    GA104/5: 16 Marker (S.87-103) - VIERTER VORTRAG
    GA104/6: 14 Marker (S.104-117) - FÜNFTER VORTRAG
    GA104/7: 19 Marker (S.118-136) - SECHSTER VORTRAG
    GA104/8: 19 Marker (S.137-155) - SIEBENTER VORTRAG
    GA104/9: 18 Marker (S.156-173) - ACHTER VORTRAG
    GA104/10: 17 Marker (S.174-190) - NEUNTER VORTRAG
    GA104/11: 23 Marker (S.191-213) - ZEHNTER VORTRAG
    GA104/12: 19 Marker (S.214-233) - ELFTER VORTRAG
    GA104/13: 24 Marker (S.234-292) - ZWÖLFTER VORTRAG

  Gesamt: 244 Marker eingefügt
  Gespeichert in: GA104.json
  Archiviert: GA104.json

============================================================
Verarbeite GA104 (MD)
============================================================
  MD-Ordner: GA104-Die Apokalypse des Johannes
  PDF: Steiner, Rudolf GA 104, 1985 - Die Apokalypse des Johannes.pdf
  Extrahiere PDF-Seiten...
  291 Seiten mit Seitenzahlen
  14 MD-Dateien gefunden
    GA104/1: 23/23 Marker (S.11-33)
    GA104/10: 17/17 Marker (S.174-190)
    GA104/11: 23/23 Marker (S.191-213)
    GA104/12: 19/20 Marker (S.214-233)
    GA104/13: 24/59 Marker (S.234-292)
    GA104/2: 17/17 Marker (S.34-50)
    GA104/3: 15/15 Marker (S.51-65)
    GA104/4: 20/21 Marker (S.66-86)
    GA104/5: 16/17 Marker (S.87-103)
    GA104/6: 14/14 Marker (S.104-117)
    GA104/7: 19/19 Marker (S.118-136)
    GA104/8: 19/19 Marker (S.137-155)
    GA104/9: 18/18 Marker (S.156-173)

  Gesamt: 244 Marker in 13 Dateien
  JSON: 0 Marker
  MD: 0 Marker

============================================================
Verarbeite GA105
============================================================

============================================================
Verarbeite GA105
============================================================
  PDF: Steiner, Rudolf GA 105, 1983 - Welt, Erde und Mensch.pdf
  Extrahiere PDF-Seiten...
  208 Seiten mit Seitenzahlen
  11 Vorträge geladen
    GA105/1: 16 Marker (S.17-32) - ERSTER VORTRAG
    GA105/2: 16 Marker (S.33-48) - ZWEITER VORTRAG
    GA105/3: 15 Marker (S.49-63) - DRITTER VORTRAG
    GA105/4: 15 Marker (S.64-78) - VIERTER VORTRAG
    GA105/5: 16 Marker (S.79-94) - FÜNFTER VORTRAG
    GA105/6: 16 Marker (S.95-110) - SECHSTER VORTRAG
    GA105/7: 16 Marker (S.111-126) - SIEBENTER VORTRAG
    GA105/8: 17 Marker (S.127-143) - ACHTER VORTRAG
    GA105/9: 18 Marker (S.144-161) - NEUNTER VORTRAG
    GA105/10: 17 Marker (S.162-178) - ZEHNTER VORTRAG
    GA105/11: 22 Marker (S.179-208) - ELFTER VORTRAG

  Gesamt: 184 Marker eingefügt
  Gespeichert in: GA105.json
  Archiviert: GA105.json

============================================================
Verarbeite GA105 (MD)
============================================================
  MD-Ordner: GA105-Welt Erde und Mensch deren Wesen und Entwickelung sowie ihre Spiegelung
  PDF: Steiner, Rudolf GA 105, 1983 - Welt, Erde und Mensch.pdf
  Extrahiere PDF-Seiten...
  208 Seiten mit Seitenzahlen
  12 MD-Dateien gefunden
    GA105/1: 16/16 Marker (S.17-32)
    GA105/10: 17/17 Marker (S.162-178)
    GA105/11: 22/30 Marker (S.179-208)
    GA105/2: 16/16 Marker (S.33-48)
    GA105/3: 15/15 Marker (S.49-63)
    GA105/4: 15/15 Marker (S.64-78)
    GA105/5: 16/16 Marker (S.79-94)
    GA105/6: 16/16 Marker (S.95-110)
    GA105/7: 16/16 Marker (S.111-126)
    GA105/8: 17/17 Marker (S.127-143)
    GA105/9: 18/18 Marker (S.144-161)

  Gesamt: 184 Marker in 11 Dateien
  JSON: 0 Marker
  MD: 0 Marker

============================================================
Verarbeite GA106
============================================================

============================================================
Verarbeite GA106
============================================================
  PDF: Steiner, Rudolf GA 106, 1992 - Ägyptische Mythen und Mysterien.pdf
  Extrahiere PDF-Seiten...
  184 Seiten mit Seitenzahlen
  12 Vorträge geladen
    GA106/1: 12 Marker (S.11-22) - ERSTER VORTRAG
    GA106/2: 15 Marker (S.23-37) - ZWEITER VORTRAG
    GA106/3: 13 Marker (S.38-50) - DRITTER VORTRAG
    GA106/4: 12 Marker (S.51-63) - VIERTER VORTRAG
    GA106/5: 12 Marker (S.64-75) - FÜNFTER VORTRAG
    GA106/6: 9 Marker (S.76-84) - SECHSTER VORTRAG
    GA106/7: 11 Marker (S.85-95) - SIEBENTER VORTRAG
    GA106/8: 13 Marker (S.96-108) - ACHTER VORTRAG
    GA106/9: 14 Marker (S.109-122) - NEUNTER VORTRAG
    GA106/10: 17 Marker (S.123-140) - ZEHNTER VORTRAG
    GA106/11: 17 Marker (S.141-157) - ELFTER VORTRAG
    GA106/12: 18 Marker (S.158-184) - ZWÖLFTER VORTRAG

  Gesamt: 163 Marker eingefügt
  Gespeichert in: GA106.json
  Archiviert: GA106.json

============================================================
Verarbeite GA106 (MD)
============================================================
  MD-Ordner: GA106-Ägyptische Mythen und Mysterien
  PDF: Steiner, Rudolf GA 106, 1992 - Ägyptische Mythen und Mysterien.pdf
  Extrahiere PDF-Seiten...
  184 Seiten mit Seitenzahlen
  13 MD-Dateien gefunden
    GA106/1: 12/12 Marker (S.11-22)
    GA106/10: 17/18 Marker (S.123-140)
    GA106/11: 17/17 Marker (S.141-157)
    GA106/12: 18/27 Marker (S.158-184)
    GA106/2: 15/15 Marker (S.23-37)
    GA106/3: 13/13 Marker (S.38-50)
    GA106/4: 12/13 Marker (S.51-63)
    GA106/5: 12/12 Marker (S.64-75)
    GA106/6: 9/9 Marker (S.76-84)
    GA106/7: 11/11 Marker (S.85-95)
    GA106/8: 13/13 Marker (S.96-108)
    GA106/9: 14/14 Marker (S.109-122)

  Gesamt: 163 Marker in 12 Dateien
  JSON: 0 Marker
  MD: 0 Marker

============================================================
Verarbeite GA107
============================================================

============================================================
Verarbeite GA107
============================================================
  PDF: Steiner, Rudolf GA 107, 1988 - Geisteswissenschaftliche Menschenkunde.pdf
  Extrahiere PDF-Seiten...
  340 Seiten mit Seitenzahlen
  19 Vorträge geladen
    GA107/1: 17 Marker (S.9-25) - ERSTER VORTRAG
    GA107/2: 16 Marker (S.26-41) - ZWEITER VORTRAG
    GA107/3: 14 Marker (S.42-55) - DRITTER VORTRAG
    GA107/4: 10 Marker (S.56-65) - VIERTER VORTRAG
    GA107/5: 7 Marker (S.66-72) - FÜNFTER VORTRAG
    GA107/6: 9 Marker (S.73-81) - SECHSTER VORTRAG
    GA107/7: 15 Marker (S.82-96) - SIEBENTER VORTRAG
    GA107/8: 17 Marker (S.97-114) - ACHTER VORTRAG
    GA107/9: 17 Marker (S.115-131) - NEUNTER VORTRAG
    GA107/10: 16 Marker (S.132-147) - ZEHNTER VORTRAG
    GA107/11: 13 Marker (S.148-160) - ELFTER VORTRAG
    GA107/12: 25 Marker (S.161-185) - ZWÖLFTER VORTRAG
    GA107/13: 17 Marker (S.186-202) - DREIZEHNTER VORTRAG
    GA107/14: 16 Marker (S.203-219) - VIERZEHNTER VORTRAG
    GA107/15: 20 Marker (S.220-239) - FÜNFZEHNTER VORTRAG
    GA107/16: 21 Marker (S.240-260) - SECHZEHNTER VORTRAG
    GA107/17: 16 Marker (S.261-276) - SIEBZEHNTER VORTRAG
    GA107/18: 18 Marker (S.277-294) - ACHTZEHNTER VORTRAG
    GA107/19: 23 Marker (S.295-340) - NEUNZEHNTER VORTRAG

  Gesamt: 307 Marker eingefügt
  Gespeichert in: GA107.json
  Archiviert: GA107.json

============================================================
Verarbeite GA107 (MD)
============================================================
  MD-Ordner: GA107-Geisteswissenschaftliche Menschenkunde
  PDF: Steiner, Rudolf GA 107, 1988 - Geisteswissenschaftliche Menschenkunde.pdf
  Extrahiere PDF-Seiten...
  340 Seiten mit Seitenzahlen
  20 MD-Dateien gefunden
    GA107/1: 17/17 Marker (S.9-25)
    GA107/10: 16/16 Marker (S.132-147)
    GA107/11: 13/13 Marker (S.148-160)
    GA107/12: 25/25 Marker (S.161-185)
    GA107/13: 17/17 Marker (S.186-202)
    GA107/14: 16/17 Marker (S.203-219)
    GA107/15: 20/20 Marker (S.220-239)
    GA107/16: 21/21 Marker (S.240-260)
    GA107/17: 16/16 Marker (S.261-276)
    GA107/18: 18/18 Marker (S.277-294)
    GA107/19: 23/46 Marker (S.295-340)
    GA107/2: 16/16 Marker (S.26-41)
    GA107/3: 14/14 Marker (S.42-55)
    GA107/4: 10/10 Marker (S.56-65)
    GA107/5: 7/7 Marker (S.66-72)
    GA107/6: 9/9 Marker (S.73-81)
    GA107/7: 15/15 Marker (S.82-96)
    GA107/8: 17/18 Marker (S.97-114)
    GA107/9: 17/17 Marker (S.115-131)

  Gesamt: 307 Marker in 19 Dateien
  JSON: 0 Marker
  MD: 0 Marker

============================================================
Verarbeite GA108
============================================================

============================================================
Verarbeite GA108
============================================================
  PDF: Steiner, Rudolf GA 108, 1986 - Die Beantwortung von Welt- und Lebensfragen.pdf
  Extrahiere PDF-Seiten...
  336 Seiten mit Seitenzahlen
  21 Vorträge geladen
    GA108/1: 18 Marker (S.13-30) - ÜBER DIE HÖHEREN WELTEN Wien
    GA108/2: 17 Marker (S.31-47) - WAS IST SELBSTERKENNTNIS Wien
    GA108/3: 15 Marker (S.48-62) - DAS LEBEN ZWISCHEN ZWEI WIEDERVERKÖRPERU
    GA108/4: 17 Marker (S.63-79) - DIE ZEHN GEBOTE Stuttgart
    GA108/5: 15 Marker (S.80-94) - ÜBER DEN ERKENNTNISPFAD Pforzheim
    GA108/6: 19 Marker (S.95-113) - FRAGEN DES KARMAGESETZES St. Gallen
    GA108/7: 8 Marker (S.114-121) - NOVALIS UND SEINE «HYMNEN AN DIE NACHT» 
    GA108/8: 21 Marker (S.122-142) - NOVALIS DER SEHER DAS WEIHNACHTSMYSTERIU
    GA108/9: 26 Marker (S.143-168) - MÄRCHENDEUTUNGEN Berlin
    GA108/10: 20 Marker (S.169-188) - DIE STELLUNG DER ANTHROPOSOPHIE ZUR PHIL
    GA108/11: 8 Marker (S.189-196) - ÜBER PHILOSOPHIE München
    GA108/12: 11 Marker (S.197-207) - FORMALE LOGIK I Berlin
    GA108/13: 10 Marker (S.208-217) - FORMALE LOGIK II Berlin
    GA108/14: 19 Marker (S.218-236) - ÜBER PHILOSOPHIE UND FORMALE LOGIK Münch
    GA108/15: 18 Marker (S.237-255) - DAS BILDEN VON BEGRIFFEN UND DIE KATEGOR
    GA108/16: 20 Marker (S.256-278) - PRAKTISCHE AUSBILDUNG DES DENKENS Karlsr
    GA108/17: 14 Marker (S.279-292) - FRIEDRICH NIETZSCHE IM LICHTE DER GEISTE
    GA108/18: 5 Marker (S.293-297) - ÜBER DIE MISSION DES SAVONAROLA Berlin
    GA108/19: 4 Marker (S.298-301) - AUS EINEM KAPITEL OKKULTER GESCHICHTE - 
    GA108/20: 16 Marker (S.302-317) - OKKULTE GESCHICHTE I Nürnberg
    GA108/21: 5 Marker (S.318-336) - OKKULTE GESCHICHTE II Nürnberg

  Gesamt: 306 Marker eingefügt
  Gespeichert in: GA108.json
  Archiviert: GA108.json

============================================================
Verarbeite GA108 (MD)
============================================================
  MD-Ordner: GA108-Die Beantwortung von Welt- und Lebensfragen durch Anthroposophie
  PDF: Steiner, Rudolf GA 108, 1986 - Die Beantwortung von Welt- und Lebensfragen.pdf
  Extrahiere PDF-Seiten...
  336 Seiten mit Seitenzahlen
  22 MD-Dateien gefunden
    GA108/1: 18/18 Marker (S.13-30)
    GA108/10: 20/20 Marker (S.169-188)
    GA108/11: 8/8 Marker (S.189-196)
    GA108/12: 11/11 Marker (S.197-207)
    GA108/13: 10/10 Marker (S.208-217)
    GA108/14: 19/19 Marker (S.218-236)
    GA108/15: 18/19 Marker (S.237-255)
    GA108/16: 20/23 Marker (S.256-278)
    GA108/17: 14/14 Marker (S.279-292)
    GA108/18: 5/5 Marker (S.293-297)
    GA108/19: 4/4 Marker (S.298-301)
    GA108/2: 17/17 Marker (S.31-47)
    GA108/20: 16/16 Marker (S.302-317)
    GA108/21: 5/19 Marker (S.318-336)
    GA108/3: 15/15 Marker (S.48-62)
    GA108/4: 17/17 Marker (S.63-79)
    GA108/5: 15/15 Marker (S.80-94)
    GA108/6: 19/19 Marker (S.95-113)
    GA108/7: 8/8 Marker (S.114-121)
    GA108/8: 21/21 Marker (S.122-142)
    GA108/9: 26/26 Marker (S.143-168)

  Gesamt: 306 Marker in 21 Dateien
  JSON: 0 Marker
  MD: 0 Marker

============================================================
Verarbeite GA109
============================================================

============================================================
Verarbeite GA109
============================================================
  PDF: Steiner, Rudolf GA 109, 2000 - Das Prinzip der spirituellen Ökonomie.pdf
  Extrahiere PDF-Seiten...
  320 Seiten mit Seitenzahlen
  23 Vorträge geladen
    GA109/1: 10 Marker (S.9-18) - DAS PRINZIP DER SPIRITUELLEN ÖKONOMIE IM
    GA109/2: 20 Marker (S.19-38) - DAS CHRISTENTUM IM ENTWICKELUNGSGANG UNS
    GA109/3: 22 Marker (S.39-60) - INTIMERE REINKARNATIONSFRAGEN
    GA109/4: 6 Marker (S.61-66) - GEISTESWISSENSCHAFTLICHE ERGEBNISSE ÜBER
    GA109/5: 6 Marker (S.67-72) - GEISTESWISSENSCHAFTLICHE ERGEBNISSE ÜBER
    GA109/6: 19 Marker (S.73-91) - ZUR EINWEIHUNG DES FRANZ VON ASSISI-ZWEI
    GA109/7: 12 Marker (S.92-103) - DAS MAKROKOSMISCHE UND DAS MIKROKOSMISCH
    GA109/8: 15 Marker (S.104-118) - DAS EREIGNIS VON GOLGATHA DIE BRUDERSCHA
    GA109/9: 6 Marker (S.119-124) - ALTE OFFENBARUNG UND NEUZEITLICHES FRAGE
    GA109/10: 15 Marker (S.125-312) - DER GOTT DES ALPHA UND DER GOTT DES OMEG
    GA109/11: 5 Marker (S.1-154) - VON BUDDHA ZU CHRISTUS
    GA109/12: 11 Marker (S.155-165) - Die Theosophie des Rosenkreuzers
    GA109/13: 10 Marker (S.166-175) - Die verschiedene Art der Beseelung der u
    GA109/14: 10 Marker (S.176-185) - Das Wesen des Menschen
    GA109/15: 11 Marker (S.186-196) - Der Mensch zwischen Tod und neuer Geburt
    GA109/16: 13 Marker (S.197-209) - Die physische Welt als Ausdruck geistige
    GA109/17: 11 Marker (S.210-220) - Die Gestaltung und die Wandlungen des ph
    GA109/18: 13 Marker (S.221-233) - Die Entwickelungsstadien unserer Erde bi
    GA109/19: 25 Marker (S.234-258) - Die Entwickelungsstadien unserer Erde. L
    GA109/20: 8 Marker (S.259-266) - Zehnter Vortrag
    GA109/21: 7 Marker (S.267-273) - BUDDHA UND CHRISTUS
    GA109/22: 11 Marker (S.274-284) - ZUR EINWEIHUNG DES ZWEIGES BRESLAU
    GA109/23: 7 Marker (S.285-312) - Auszüge von wesentlichen Aussagen Rudolf

  Gesamt: 273 Marker eingefügt
  Gespeichert in: GA109.json
  Archiviert: GA109.json

============================================================
Verarbeite GA109 (MD)
============================================================
  MD-Ordner: GA109-Das Prinzip der spirituellen Ökonomie im Zusammenhang mit Wiederverkörperungsfragen
  PDF: Steiner, Rudolf GA 109, 2000 - Das Prinzip der spirituellen Ökonomie.pdf
  Extrahiere PDF-Seiten...
  320 Seiten mit Seitenzahlen
  24 MD-Dateien gefunden
    GA109/1: 10/10 Marker (S.9-18)
    GA109/10: 15/188 Marker (S.125-312)
    GA109/11: 5/154 Marker (S.1-154)
    GA109/12: 11/11 Marker (S.155-165)
    GA109/13: 10/10 Marker (S.166-175)
    GA109/14: 10/10 Marker (S.176-185)
    GA109/15: 11/11 Marker (S.186-196)
    GA109/16: 13/13 Marker (S.197-209)
    GA109/17: 11/11 Marker (S.210-220)
    GA109/18: 13/13 Marker (S.221-233)
    GA109/19: 25/25 Marker (S.234-258)
    GA109/2: 20/20 Marker (S.19-38)
    GA109/20: 8/8 Marker (S.259-266)
    GA109/21: 7/7 Marker (S.267-273)
    GA109/22: 11/11 Marker (S.274-284)
    GA109/23: 7/28 Marker (S.285-312)
    GA109/3: 22/22 Marker (S.39-60)
    GA109/4: 6/6 Marker (S.61-66)
    GA109/5: 6/6 Marker (S.67-72)
    GA109/6: 19/19 Marker (S.73-91)
    GA109/7: 12/12 Marker (S.92-103)
    GA109/8: 15/15 Marker (S.104-118)
    GA109/9: 6/6 Marker (S.119-124)

  Gesamt: 273 Marker in 23 Dateien
  JSON: 0 Marker
  MD: 0 Marker

============================================================
Verarbeite GA110
============================================================

============================================================
Verarbeite GA110
============================================================
  PDF: Steiner, Rudolf GA 110, 1991 - Geistige Hierarchien und ihre Widerspiegelung in der physischen Welt.pdf
  Extrahiere PDF-Seiten...
  198 Seiten mit Seitenzahlen
  12 Vorträge geladen
    GA110/1: 17 Marker (S.13-29) - ERSTER VORTRAG
    GA110/2: 16 Marker (S.30-46) - ZWEITER VORTRAG
    GA110/3: 16 Marker (S.47-62) - DRITTER VORTRAG
    GA110/4: 14 Marker (S.63-76) - VIERTER VORTRAG
    GA110/5: 12 Marker (S.77-90) - FÜNFTER VORTRAG
    GA110/6: 16 Marker (S.91-108) - SECHSTER VORTRAG
    GA110/7: 14 Marker (S.109-123) - SIEBENTER VORTRAG
    GA110/8: 16 Marker (S.124-139) - ACHTER VORTRAG
    GA110/9: 15 Marker (S.140-154) - NEUNTER VORTRAG
    GA110/10: 21 Marker (S.155-175) - ZEHNTER VORTRAG
    GA110/11: 8 Marker (S.176-183) - FRAGENBEANTWORTUNG
    GA110/12: 5 Marker (S.184-200) - FRAGENBEANTWORTUNG

  Gesamt: 170 Marker eingefügt
  Gespeichert in: GA110.json
  Archiviert: GA110.json

============================================================
Verarbeite GA110 (MD)
============================================================
  MD-Ordner: GA110-Geistige Hierarchien und ihre Widerspiegelung in der physischen Welt
  PDF: Steiner, Rudolf GA 110, 1991 - Geistige Hierarchien und ihre Widerspiegelung in der physischen Welt.pdf
  Extrahiere PDF-Seiten...
  198 Seiten mit Seitenzahlen
  13 MD-Dateien gefunden
    GA110/1: 17/17 Marker (S.13-29)
    GA110/10: 21/21 Marker (S.155-175)
    GA110/11: 8/8 Marker (S.176-183)
    GA110/12: 5/17 Marker (S.184-200)
    GA110/2: 16/17 Marker (S.30-46)
    GA110/3: 16/16 Marker (S.47-62)
    GA110/4: 14/14 Marker (S.63-76)
    GA110/5: 12/14 Marker (S.77-90)
    GA110/6: 16/18 Marker (S.91-108)
    GA110/7: 14/15 Marker (S.109-123)
    GA110/8: 16/16 Marker (S.124-139)
    GA110/9: 15/15 Marker (S.140-154)

  Gesamt: 170 Marker in 12 Dateien
  JSON: 0 Marker
  MD: 0 Marker

============================================================
Verarbeite GA111
============================================================

============================================================
Verarbeite GA111
============================================================
  PDF: Steiner, Rudolf GA 111, 2018 - Einführung in die Grundlagen der Theosophie.pdf
  Extrahiere PDF-Seiten...
  0 Seiten mit Seitenzahlen

============================================================
Verarbeite GA111 (MD)
============================================================
  MD-Ordner: GA111-Einführung in die Grundlagen der Theosophie
  PDF: Steiner, Rudolf GA 111, 2018 - Einführung in die Grundlagen der Theosophie.pdf
  Extrahiere PDF-Seiten...
  0 Seiten mit Seitenzahlen
  JSON: 0 Marker
  MD: 0 Marker

============================================================
Verarbeite GA112
============================================================

============================================================
Verarbeite GA112
============================================================
  PDF: Steiner, Rudolf GA 112, 1984 - Das Johannesevangelium.pdf
  Extrahiere PDF-Seiten...
  287 Seiten mit Seitenzahlen
  14 Vorträge geladen
    GA112/1: 17 Marker (S.9-26) - ERSTER VORTRAG
    GA112/2: 18 Marker (S.27-45) - ZWEITER VORTRAG
    GA112/3: 18 Marker (S.46-64) - DRITTER VORTRAG
    GA112/4: 18 Marker (S.65-83) - VIERTER VORTRAG
    GA112/5: 15 Marker (S.84-100) - FÜNFTER VORTRAG
    GA112/6: 19 Marker (S.101-119) - SECHSTER VORTRAG
    GA112/7: 17 Marker (S.120-136) - SIEBENTER VORTRAG
    GA112/8: 19 Marker (S.137-156) - ACHTER VORTRAG
    GA112/9: 21 Marker (S.157-177) - NEUNTER VORTRAG
    GA112/10: 22 Marker (S.178-199) - ZEHNTER VORTRAG
    GA112/11: 17 Marker (S.200-217) - ELFTER VORTRAG
    GA112/12: 21 Marker (S.218-238) - ZWÖLFTER VORTRAG
    GA112/13: 20 Marker (S.239-258) - DREIZEHNTER VORTRAG
    GA112/14: 25 Marker (S.259-292) - VIERZEHNTER VORTRAG

  Gesamt: 267 Marker eingefügt
  Gespeichert in: GA112.json
  Archiviert: GA112.json

============================================================
Verarbeite GA112 (MD)
============================================================
  MD-Ordner: GA112-Das Johannes-Evangelium im Verhältnis zu den drei anderen Evangelien
  PDF: Steiner, Rudolf GA 112, 1984 - Das Johannesevangelium.pdf
  Extrahiere PDF-Seiten...
  287 Seiten mit Seitenzahlen
  15 MD-Dateien gefunden
    GA112/1: 17/18 Marker (S.9-26)
    GA112/10: 22/22 Marker (S.178-199)
    GA112/11: 17/18 Marker (S.200-217)
    GA112/12: 21/21 Marker (S.218-238)
    GA112/13: 20/20 Marker (S.239-258)
    GA112/14: 26/34 Marker (S.259-292)
    GA112/2: 18/19 Marker (S.27-45)
    GA112/3: 18/19 Marker (S.46-64)
    GA112/4: 18/19 Marker (S.65-83)
    GA112/5: 15/17 Marker (S.84-100)
    GA112/6: 19/19 Marker (S.101-119)
    GA112/7: 17/17 Marker (S.120-136)
    GA112/8: 19/20 Marker (S.137-156)
    GA112/9: 21/21 Marker (S.157-177)

  Gesamt: 268 Marker in 14 Dateien
  JSON: 0 Marker
  MD: 0 Marker

============================================================
Verarbeite GA113
============================================================

============================================================
Verarbeite GA113
============================================================
  PDF: Steiner, Rudolf GA 113, 1982 - Der Orient im Lichte des Okzidents.pdf
  Extrahiere PDF-Seiten...
  228 Seiten mit Seitenzahlen
  10 Vorträge geladen
    GA113/1: 1 Marker (S.8-8) - VORBEMERKUNG VON RUDOLF STEINER zur Verö
    GA113/2: 17 Marker (S.9-25) - ERSTER VORTRAG
    GA113/3: 23 Marker (S.26-48) - ZWEITER VORTRAG
    GA113/4: 21 Marker (S.49-70) - DRITTER VORTRAG
    GA113/5: 21 Marker (S.71-91) - VIERTER VORTRAG
    GA113/6: 16 Marker (S.92-108) - FÜNFTER VORTRAG
    GA113/7: 20 Marker (S.109-128) - SECHSTER VORTRAG
    GA113/8: 20 Marker (S.129-148) - SIEBENTER VORTRAG
    GA113/9: 24 Marker (S.149-173) - ACHTER VORTRAG
    GA113/10: 23 Marker (S.174-228) - NEUNTER VORTRAG

  Gesamt: 186 Marker eingefügt
  Gespeichert in: GA113.json
  Archiviert: GA113.json

============================================================
Verarbeite GA113 (MD)
============================================================
  MD-Ordner: GA113-Der Orient im Lichte des Okzidents
  PDF: Steiner, Rudolf GA 113, 1982 - Der Orient im Lichte des Okzidents.pdf
  Extrahiere PDF-Seiten...
  228 Seiten mit Seitenzahlen
  11 MD-Dateien gefunden
    GA113/1: 1/1 Marker (S.8-8)
    GA113/10: 23/55 Marker (S.174-228)
    GA113/2: 17/17 Marker (S.9-25)
    GA113/3: 23/23 Marker (S.26-48)
    GA113/4: 21/22 Marker (S.49-70)
    GA113/5: 21/21 Marker (S.71-91)
    GA113/6: 16/17 Marker (S.92-108)
    GA113/7: 20/20 Marker (S.109-128)
    GA113/8: 20/20 Marker (S.129-148)
    GA113/9: 24/25 Marker (S.149-173)

  Gesamt: 186 Marker in 10 Dateien
  JSON: 0 Marker
  MD: 0 Marker

============================================================
Verarbeite GA114
============================================================

============================================================
Verarbeite GA114
============================================================
  PDF: Steiner, Rudolf GA 114, 2001 - Das Lukasevangelium.pdf
  Extrahiere PDF-Seiten...
  223 Seiten mit Seitenzahlen
  11 Vorträge geladen
    GA114/1: 20 Marker (S.9-29) - ERSTER VORTRAG
    GA114/2: 22 Marker (S.30-51) - ZWEITER VORTRAG
    GA114/3: 23 Marker (S.52-74) - DRITTER VORTRAG
    GA114/4: 20 Marker (S.75-94) - VIERTER VORTRAG
    GA114/5: 18 Marker (S.95-112) - FÜNFTER VORTRAG
    GA114/6: 18 Marker (S.113-130) - SECHSTER VORTRAG
    GA114/7: 20 Marker (S.131-150) - SIEBENTER VORTRAG
    GA114/8: 21 Marker (S.151-171) - ACHTER VORTRAG
    GA114/9: 20 Marker (S.172-191) - NEUNTER VORTRAG
    GA114/10: 25 Marker (S.192-224) - ZEHNTER VORTRAG
    GA114/11: 2 Marker (S.1-224) - HINWEISE

  Gesamt: 209 Marker eingefügt
  Gespeichert in: GA114.json
  Archiviert: GA114.json

============================================================
Verarbeite GA114 (MD)
============================================================
  MD-Ordner: GA114-Das Lukas-Evangelium
  PDF: Steiner, Rudolf GA 114, 2001 - Das Lukasevangelium.pdf
  Extrahiere PDF-Seiten...
  223 Seiten mit Seitenzahlen
  12 MD-Dateien gefunden
    GA114/1: 20/21 Marker (S.9-29)
    GA114/10: 25/33 Marker (S.192-224)
    GA114/11: 2/224 Marker (S.1-224)
    GA114/2: 22/22 Marker (S.30-51)
    GA114/3: 23/23 Marker (S.52-74)
    GA114/4: 20/20 Marker (S.75-94)
    GA114/5: 18/18 Marker (S.95-112)
    GA114/6: 18/18 Marker (S.113-130)
    GA114/7: 20/20 Marker (S.131-150)
    GA114/8: 21/21 Marker (S.151-171)
    GA114/9: 20/20 Marker (S.172-191)

  Gesamt: 209 Marker in 11 Dateien
  JSON: 0 Marker
  MD: 0 Marker

============================================================
Verarbeite GA115
============================================================

============================================================
Verarbeite GA115
============================================================
  PDF: Steiner, Rudolf GA 115, 2001 - Anthroposophie, Psyochosophie, Pneumatosophie.pdf
  Extrahiere PDF-Seiten...
  349 Seiten mit Seitenzahlen
  12 Vorträge geladen
    GA115/1: 18 Marker (S.15-34) - ERSTER VORTRAG
    GA115/2: 14 Marker (S.35-48) - ZWEITER VORTRAG
    GA115/3: 24 Marker (S.49-72) - DRITTER VORTRAG
    GA115/4: 25 Marker (S.73-100) - VIERTER VORTRAG
    GA115/5: 27 Marker (S.101-130) - ERSTER VORTRAG
    GA115/6: 21 Marker (S.131-151) - ZWEITER VORTRAG
    GA115/7: 27 Marker (S.152-178) - DRITTER VORTRAG
    GA115/8: 34 Marker (S.179-216) - VIERTER VORTRAG
    GA115/9: 17 Marker (S.217-234) - ERSTER VORTRAG
    GA115/10: 23 Marker (S.235-257) - ZWEITER VORTRAG
    GA115/11: 23 Marker (S.258-281) - DRITTER VORTRAG
    GA115/12: 21 Marker (S.282-348) - VIERTER VORTRAG

  Gesamt: 274 Marker eingefügt
  Gespeichert in: GA115.json
  Archiviert: GA115.json

============================================================
Verarbeite GA115 (MD)
============================================================
  MD-Ordner: GA115-Anthroposophie - Psychosophie - Pneumatosophie
  PDF: Steiner, Rudolf GA 115, 2001 - Anthroposophie, Psyochosophie, Pneumatosophie.pdf
  Extrahiere PDF-Seiten...
  349 Seiten mit Seitenzahlen
  13 MD-Dateien gefunden
    GA115/1: 18/20 Marker (S.15-34)
    GA115/10: 23/23 Marker (S.235-257)
    GA115/11: 23/24 Marker (S.258-281)
    GA115/12: 21/67 Marker (S.282-348)
    GA115/2: 14/14 Marker (S.35-48)
    GA115/3: 24/24 Marker (S.49-72)
    GA115/4: 25/28 Marker (S.73-100)
    GA115/5: 27/30 Marker (S.101-130)
    GA115/6: 21/21 Marker (S.131-151)
    GA115/7: 27/27 Marker (S.152-178)
    GA115/8: 34/38 Marker (S.179-216)
    GA115/9: 17/18 Marker (S.217-234)

  Gesamt: 274 Marker in 12 Dateien
  JSON: 0 Marker
  MD: 0 Marker

============================================================
Verarbeite GA116
============================================================

============================================================
Verarbeite GA116
============================================================
  PDF: Steiner, Rudolf GA 116, 1982 - Der Christus-Impuls und die Entwicklung des Ich-Bewusstseins.pdf
  Extrahiere PDF-Seiten...
  174 Seiten mit Seitenzahlen
  7 Vorträge geladen
    GA116/1: 23 Marker (S.1-34) - ERSTER VORTRAG
    GA116/2: 22 Marker (S.35-56) - ZWEITER VORTRAG
    GA116/3: 22 Marker (S.57-78) - DRITTER VORTRAG
    GA116/4: 21 Marker (S.79-100) - VIERTER VORTRAG
    GA116/5: 21 Marker (S.101-121) - FÜNFTER VORTRAG
    GA116/6: 21 Marker (S.122-142) - SECHSTER VORTRAG
    GA116/7: 23 Marker (S.143-174) - SIEBENTER VORTRAG

  Gesamt: 153 Marker eingefügt
  Gespeichert in: GA116.json
  Archiviert: GA116.json

============================================================
Verarbeite GA116 (MD)
============================================================
  MD-Ordner: GA116-Der Christus-Impuls und die Entwickelung des Ich-Bewusstseins
  PDF: Steiner, Rudolf GA 116, 1982 - Der Christus-Impuls und die Entwicklung des Ich-Bewusstseins.pdf
  Extrahiere PDF-Seiten...
  174 Seiten mit Seitenzahlen
  8 MD-Dateien gefunden
    GA116/1: 23/34 Marker (S.1-34)
    GA116/2: 22/22 Marker (S.35-56)
    GA116/3: 22/22 Marker (S.57-78)
    GA116/4: 21/22 Marker (S.79-100)
    GA116/5: 21/21 Marker (S.101-121)
    GA116/6: 21/21 Marker (S.122-142)
    GA116/7: 23/32 Marker (S.143-174)

  Gesamt: 153 Marker in 7 Dateien
  JSON: 0 Marker
  MD: 0 Marker

============================================================
Verarbeite GA117
============================================================

============================================================
Verarbeite GA117
============================================================
  PDF: Steiner, Rudolf GA 117, 1986 - Die tieferen Geheimnisse des Menschheitswerdens.pdf
  Extrahiere PDF-Seiten...
  230 Seiten mit Seitenzahlen
  12 Vorträge geladen
    GA117/1: 7 Marker (S.9-15) - BUDDHA UND DIE ZWEI JESUSKNABEN
    GA117/2: 9 Marker (S.16-24) - DIE EVANGELIEN
    GA117/3: 12 Marker (S.25-36) - DIE VIER VERSCHIEDENEN ASPEKTE IN DER CH
    GA117/4: 18 Marker (S.37-54) - DIE MISSION DES ALTHEBRÄISCHEN VOLKES
    GA117/5: 15 Marker (S.55-70) - DIE VORBEREITUNG FÜR DAS VERSTÄNDNIS DES
    GA117/6: 26 Marker (S.71-96) - ÜBER DAS RECHTE VERHÄLTNIS ZUR ANTHROPOS
    GA117/7: 28 Marker (S.97-124) - DIE EVANGELIEN
    GA117/8: 21 Marker (S.125-145) - DAS MATTHÄUS-EVANGELIUM UND DAS CHRISTUS
    GA117/9: 21 Marker (S.146-166) - DAS ICH
    GA117/10: 21 Marker (S.167-187) - DAS ICH
    GA117/11: 17 Marker (S.188-204) - DER WEIHNACHTSBAUM - EIN SYMBOLUM
    GA117/12: 18 Marker (S.205-230) - WEIHNACHTSSTIMMUNG

  Gesamt: 213 Marker eingefügt
  Gespeichert in: GA117.json
  Archiviert: GA117.json

============================================================
Verarbeite GA117 (MD)
============================================================
  MD-Ordner: GA117-Die tieferen Geheimnisse des Menschheitswerdens im Lichte der Evangelien
  PDF: Steiner, Rudolf GA 117, 1986 - Die tieferen Geheimnisse des Menschheitswerdens.pdf
  Extrahiere PDF-Seiten...
  230 Seiten mit Seitenzahlen
  13 MD-Dateien gefunden
    GA117/1: 7/7 Marker (S.9-15)
    GA117/10: 21/21 Marker (S.167-187)
    GA117/11: 17/17 Marker (S.188-204)
    GA117/12: 18/26 Marker (S.205-230)
    GA117/2: 9/9 Marker (S.16-24)
    GA117/3: 12/12 Marker (S.25-36)
    GA117/4: 18/18 Marker (S.37-54)
    GA117/5: 15/16 Marker (S.55-70)
    GA117/6: 26/26 Marker (S.71-96)
    GA117/7: 28/28 Marker (S.97-124)
    GA117/8: 21/21 Marker (S.125-145)
    GA117/9: 21/21 Marker (S.146-166)

  Gesamt: 213 Marker in 12 Dateien
  JSON: 0 Marker
  MD: 0 Marker

============================================================
Verarbeite GA118
============================================================

============================================================
Verarbeite GA118
============================================================
  PDF: Steiner, Rudolf GA 118, 1984 - Das Ereignis der Christus-Erscheinung in der ätherischen Welt.pdf
  Extrahiere PDF-Seiten...
  236 Seiten mit Seitenzahlen
  16 Vorträge geladen
    GA118/1: 24 Marker (S.11-34) - DAS EREIGNIS DER CHRISTUS-ERSCHEINUNG IN
    GA118/2: 20 Marker (S.35-54) - GEISTESWISSENSCHAFT ALS VORBEREITUNG AUF
    GA118/3: 20 Marker (S.55-74) - INNERE EVOLUTION UND ÄUSSERE ENTWICKELUN
    GA118/4: 11 Marker (S.75-85) - DAS NEUE SPIRITUELLE ZEITALTER UND DIE W
    GA118/5: 6 Marker (S.86-91) - BUDDHISMUS UND DAS PAULINISCHE CHRISTENT
    GA118/6: 20 Marker (S.92-111) - DIE GEHEIMNISSE DES WELTENALLS. KOMETARI
    GA118/7: 20 Marker (S.112-131) - DAS WIEDERERSCHEINEN DES CHRISTUS IM ÄTH
    GA118/8: 10 Marker (S.132-141) - VOM ANBRUCH EINES SPIRITUELLEN ZEITALTER
    GA118/9: 12 Marker (S.142-153) - DIE BERGPREDIGT DAS LAND SCHAMBALLA
    GA118/10: 7 Marker (S.154-160) - DIE WIEDERKUNFT CHRISTI
    GA118/11: 7 Marker (S.161-173) - DAS KOMMENDE ÄTHERSEHEN
    GA118/12: 14 Marker (S.174-187) - PFINGSTEN
    GA118/13: 8 Marker (S.188-195) - DIE WIEDERKUNFT CHRISTI IM ÄTHERISCHEN
    GA118/14: 10 Marker (S.196-205) - DAS WESEN DES MENSCHEN
    GA118/15: 11 Marker (S.206-216) - HÖHERE WELTEN UND IHR ZUSAMMENHANG MIT D
    GA118/16: 11 Marker (S.217-236) - DER CHRISTUS-IMPULS UND SEINE GROSSEN VE

  Gesamt: 211 Marker eingefügt
  Gespeichert in: GA118.json
  Archiviert: GA118.json

============================================================
Verarbeite GA118 (MD)
============================================================
  MD-Ordner: GA118-Das Ereignis der Christus-Erscheinung in der ätherischen Welt
  PDF: Steiner, Rudolf GA 118, 1984 - Das Ereignis der Christus-Erscheinung in der ätherischen Welt.pdf
  Extrahiere PDF-Seiten...
  236 Seiten mit Seitenzahlen
  17 MD-Dateien gefunden
    GA118/1: 24/24 Marker (S.11-34)
    GA118/10: 7/7 Marker (S.154-160)
    GA118/11: 7/13 Marker (S.161-173)
    GA118/12: 14/14 Marker (S.174-187)
    GA118/13: 8/8 Marker (S.188-195)
    GA118/14: 10/10 Marker (S.196-205)
    GA118/15: 11/11 Marker (S.206-216)
    GA118/16: 11/20 Marker (S.217-236)
    GA118/2: 20/20 Marker (S.35-54)
    GA118/3: 20/20 Marker (S.55-74)
    GA118/4: 11/11 Marker (S.75-85)
    GA118/5: 6/6 Marker (S.86-91)
    GA118/6: 20/20 Marker (S.92-111)
    GA118/7: 20/20 Marker (S.112-131)
    GA118/8: 10/10 Marker (S.132-141)
    GA118/9: 12/12 Marker (S.142-153)

  Gesamt: 211 Marker in 16 Dateien
  JSON: 0 Marker
  MD: 0 Marker

============================================================
Verarbeite GA119
============================================================

============================================================
Verarbeite GA119
============================================================
  PDF: Steiner, Rudolf GA 119, 1988 - Makrokosmos und Mikrokosmos.pdf
  Extrahiere PDF-Seiten...
  299 Seiten mit Seitenzahlen
  12 Vorträge geladen
    GA119/1: 23 Marker (S.11-36) - DER KREISLAUF DES MENSCHEN DURCH DIE SIN
    GA119/2: 24 Marker (S.37-60) - MAKROKOSMOS UND MIKROKOSMOS. Die große u
    GA119/3: 21 Marker (S.61-84) - ZWEITER VORTRAG
    GA119/4: 17 Marker (S.85-106) - DRITTER VORTRAG
    GA119/5: 17 Marker (S.107-129) - VIERTER VORTRAG
    GA119/6: 20 Marker (S.130-150) - FÜNFTER VORTRAG
    GA119/7: 17 Marker (S.151-173) - SECHSTER VORTRAG
    GA119/8: 14 Marker (S.174-194) - SIEBENTER VORTRAG
    GA119/9: 17 Marker (S.195-215) - ACHTER VORTRAG
    GA119/10: 14 Marker (S.216-235) - NEUNTER VORTRAG
    GA119/11: 16 Marker (S.236-300) - ZEHNTER VORTRAG
    GA119/12: 5 Marker (S.1-300) - ELFTER VORTRAG

  Gesamt: 205 Marker eingefügt
  Gespeichert in: GA119.json
  Archiviert: GA119.json

============================================================
Verarbeite GA119 (MD)
============================================================
  MD-Ordner: GA119-Makrokosmos und Mikrokosmos
  PDF: Steiner, Rudolf GA 119, 1988 - Makrokosmos und Mikrokosmos.pdf
  Extrahiere PDF-Seiten...
  299 Seiten mit Seitenzahlen
  13 MD-Dateien gefunden
    GA119/1: 23/26 Marker (S.11-36)
    GA119/10: 14/20 Marker (S.216-235)
    GA119/11: 16/65 Marker (S.236-300)
    GA119/12: 5/300 Marker (S.1-300)
    GA119/2: 24/24 Marker (S.37-60)
    GA119/3: 21/24 Marker (S.61-84)
    GA119/4: 16/22 Marker (S.85-106)
    GA119/5: 17/23 Marker (S.107-129)
    GA119/6: 20/21 Marker (S.130-150)
    GA119/7: 17/23 Marker (S.151-173)
    GA119/8: 14/21 Marker (S.174-194)
    GA119/9: 17/21 Marker (S.195-215)

  Gesamt: 204 Marker in 12 Dateien
  JSON: 0 Marker
  MD: 0 Marker

============================================================
Verarbeite GA120
============================================================

============================================================
Verarbeite GA120
============================================================
  PDF: Steiner, Rudolf GA 120, 1992 - Die Offenbarungen des Karma.pdf
  Extrahiere PDF-Seiten...
  240 Seiten mit Seitenzahlen
  11 Vorträge geladen
    GA120/1: 25 Marker (S.9-33) - ERSTER VORTRAG
    GA120/2: 21 Marker (S.34-54) - ZWEITER VORTRAG
    GA120/3: 21 Marker (S.55-75) - DRITTER VORTRAG
    GA120/4: 17 Marker (S.76-92) - VIERTER VORTRAG
    GA120/5: 20 Marker (S.93-112) - FÜNFTER VORTRAG
    GA120/6: 19 Marker (S.113-131) - SECHSTER VORTRAG
    GA120/7: 20 Marker (S.132-151) - SIEBENTER VORTRAG
    GA120/8: 20 Marker (S.152-171) - ACHTER VORTRAG
    GA120/9: 14 Marker (S.172-186) - NEUNTER VORTRAG
    GA120/10: 19 Marker (S.187-205) - ZEHNTER VORTRAG
    GA120/11: 20 Marker (S.206-240) - ELFTER VORTRAG

  Gesamt: 216 Marker eingefügt
  Gespeichert in: GA120.json
  Archiviert: GA120.json

============================================================
Verarbeite GA120 (MD)
============================================================
  MD-Ordner: GA120-Die Offenbarungen des Karma
  PDF: Steiner, Rudolf GA 120, 1992 - Die Offenbarungen des Karma.pdf
  Extrahiere PDF-Seiten...
  240 Seiten mit Seitenzahlen
  12 MD-Dateien gefunden
    GA120/1: 25/25 Marker (S.9-33)
    GA120/10: 19/19 Marker (S.187-205)
    GA120/11: 20/35 Marker (S.206-240)
    GA120/2: 21/21 Marker (S.34-54)
    GA120/3: 21/21 Marker (S.55-75)
    GA120/4: 17/17 Marker (S.76-92)
    GA120/5: 20/20 Marker (S.93-112)
    GA120/6: 19/19 Marker (S.113-131)
    GA120/7: 20/20 Marker (S.132-151)
    GA120/8: 20/20 Marker (S.152-171)
    GA120/9: 14/15 Marker (S.172-186)

  Gesamt: 216 Marker in 11 Dateien
  JSON: 0 Marker
  MD: 0 Marker

============================================================
Verarbeite GA121
============================================================

============================================================
Verarbeite GA121
============================================================
  PDF: Steiner, Rudolf GA 121, 1982 - Die Mission einzelner Volksseelen.pdf
  Extrahiere PDF-Seiten...
  214 Seiten mit Seitenzahlen
  12 Vorträge geladen
    GA121/1: 3 Marker (S.11-14) - EINE VORREDE
    GA121/2: 19 Marker (S.15-33) - ERSTER VORTRAG
    GA121/3: 17 Marker (S.34-50) - ZWEITER VORTRAG
    GA121/4: 17 Marker (S.51-67) - DRITTER VORTRAG
    GA121/5: 18 Marker (S.68-85) - VIERTER VORTRAG
    GA121/6: 18 Marker (S.86-103) - FÜNFTER VORTRAG
    GA121/7: 16 Marker (S.104-119) - SECHSTER VORTRAG
    GA121/8: 15 Marker (S.120-134) - SIEBENTER VORTRAG
    GA121/9: 15 Marker (S.135-149) - ACHTER VORTRAG
    GA121/10: 17 Marker (S.150-166) - NEUNTER VORTRAG
    GA121/11: 18 Marker (S.167-184) - ZEHNTER VORTRAG
    GA121/12: 20 Marker (S.185-214) - ELFTER VORTRAG

  Gesamt: 193 Marker eingefügt
  Gespeichert in: GA121.json
  Archiviert: GA121.json

============================================================
Verarbeite GA121 (MD)
============================================================
  MD-Ordner: GA121-Die Mission einzelner Volksseelen im Zusammenhang mit der germanisch-nordischen Mythologie
  PDF: Steiner, Rudolf GA 121, 1982 - Die Mission einzelner Volksseelen.pdf
  Extrahiere PDF-Seiten...
  214 Seiten mit Seitenzahlen
  13 MD-Dateien gefunden
    GA121/1: 3/4 Marker (S.11-14)
    GA121/10: 17/17 Marker (S.150-166)
    GA121/11: 18/18 Marker (S.167-184)
    GA121/12: 20/30 Marker (S.185-214)
    GA121/2: 19/19 Marker (S.15-33)
    GA121/3: 17/17 Marker (S.34-50)
    GA121/4: 17/17 Marker (S.51-67)
    GA121/5: 18/18 Marker (S.68-85)
    GA121/6: 18/18 Marker (S.86-103)
    GA121/7: 16/16 Marker (S.104-119)
    GA121/8: 15/15 Marker (S.120-134)
    GA121/9: 15/15 Marker (S.135-149)

  Gesamt: 193 Marker in 12 Dateien
  JSON: 0 Marker
  MD: 0 Marker

============================================================
Verarbeite GA122
============================================================

============================================================
Verarbeite GA122
============================================================
  PDF: Steiner, Rudolf GA 122, 1984 - Die Geheimnisse der biblischen Schöpfungsgeschichte.pdf
  Extrahiere PDF-Seiten...
  200 Seiten mit Seitenzahlen
  11 Vorträge geladen
    GA122/1: 19 Marker (S.11-29) - ERSTER VORTRAG
    GA122/2: 14 Marker (S.30-43) - ZWEITER VORTRAG
    GA122/3: 18 Marker (S.44-61) - DRITTER VORTRAG
    GA122/4: 16 Marker (S.62-77) - VIERTER VORTRAG
    GA122/5: 15 Marker (S.78-92) - FÜNFTER VORTRAG
    GA122/6: 15 Marker (S.93-107) - SECHSTER VORTRAG
    GA122/7: 19 Marker (S.108-126) - SIEBENTER VORTRAG
    GA122/8: 15 Marker (S.127-141) - ACHTER VORTRAG
    GA122/9: 17 Marker (S.142-158) - NEUNTER VORTRAG
    GA122/10: 16 Marker (S.159-174) - ZEHNTER VORTRAG
    GA122/11: 18 Marker (S.175-200) - ELFTER VORTRAG

  Gesamt: 182 Marker eingefügt
  Gespeichert in: GA122.json
  Archiviert: GA122.json

============================================================
Verarbeite GA122 (MD)
============================================================
  MD-Ordner: GA122-Die Geheimnisse der biblischen Schöpfungsgeschichte
  PDF: Steiner, Rudolf GA 122, 1984 - Die Geheimnisse der biblischen Schöpfungsgeschichte.pdf
  Extrahiere PDF-Seiten...
  200 Seiten mit Seitenzahlen
  12 MD-Dateien gefunden
    GA122/1: 19/19 Marker (S.11-29)
    GA122/10: 16/16 Marker (S.159-174)
    GA122/11: 18/26 Marker (S.175-200)
    GA122/2: 14/14 Marker (S.30-43)
    GA122/3: 18/18 Marker (S.44-61)
    GA122/4: 16/16 Marker (S.62-77)
    GA122/5: 15/15 Marker (S.78-92)
    GA122/6: 15/15 Marker (S.93-107)
    GA122/7: 19/19 Marker (S.108-126)
    GA122/8: 15/15 Marker (S.127-141)
    GA122/9: 17/17 Marker (S.142-158)

  Gesamt: 182 Marker in 11 Dateien
  JSON: 0 Marker
  MD: 0 Marker

============================================================
Verarbeite GA123
============================================================

============================================================
Verarbeite GA123
============================================================
  PDF: Steiner, Rudolf GA 123, 1988 - Das Matthäus-Evangelium.pdf
  Extrahiere PDF-Seiten...
  268 Seiten mit Seitenzahlen
  12 Vorträge geladen
    GA123/1: 20 Marker (S.11-31) - ERSTER VORTRAG
    GA123/2: 21 Marker (S.32-52) - ZWEITER VORTRAG
    GA123/3: 20 Marker (S.53-72) - DRITTER VORTRAG
    GA123/4: 18 Marker (S.73-90) - VIERTER VORTRAG
    GA123/5: 17 Marker (S.91-107) - FÜNFTER VORTRAG
    GA123/6: 18 Marker (S.108-125) - SECHSTER VORTRAG
    GA123/7: 17 Marker (S.126-142) - SIEBENTER VORTRAG
    GA123/8: 19 Marker (S.143-162) - ACHTER VORTRAG
    GA123/9: 21 Marker (S.163-183) - NEUNTER VORTRAG
    GA123/10: 21 Marker (S.184-204) - ZEHNTER VORTRAG
    GA123/11: 22 Marker (S.205-226) - ELFTER VORTRAG
    GA123/12: 32 Marker (S.227-268) - ZWÖLFTER VORTRAG

  Gesamt: 246 Marker eingefügt
  Gespeichert in: GA123.json
  Archiviert: GA123.json

============================================================
Verarbeite GA123 (MD)
============================================================
  MD-Ordner: GA123-Das Matthäus-Evangelium
  PDF: Steiner, Rudolf GA 123, 1988 - Das Matthäus-Evangelium.pdf
  Extrahiere PDF-Seiten...
  268 Seiten mit Seitenzahlen
  13 MD-Dateien gefunden
    GA123/1: 20/21 Marker (S.11-31)
    GA123/10: 21/21 Marker (S.184-204)
    GA123/11: 22/22 Marker (S.205-226)
    GA123/12: 32/42 Marker (S.227-268)
    GA123/2: 21/21 Marker (S.32-52)
    GA123/3: 20/20 Marker (S.53-72)
    GA123/4: 18/18 Marker (S.73-90)
    GA123/5: 17/17 Marker (S.91-107)
    GA123/6: 18/18 Marker (S.108-125)
    GA123/7: 17/17 Marker (S.126-142)
    GA123/8: 19/20 Marker (S.143-162)
    GA123/9: 21/21 Marker (S.163-183)

  Gesamt: 246 Marker in 12 Dateien
  JSON: 0 Marker
  MD: 0 Marker

============================================================
Verarbeite GA124
============================================================

============================================================
Verarbeite GA124
============================================================
  PDF: Steiner, Rudolf GA 124, 1995 - Exkurse in das Gebiet des Markus-Evangeliums.pdf
  Extrahiere PDF-Seiten...
  268 Seiten mit Seitenzahlen
  13 Vorträge geladen
    GA124/1: 20 Marker (S.9-28) - ERSTER VORTRAG
    GA124/2: 19 Marker (S.29-47) - ZWEITER VORTRAG
    GA124/3: 20 Marker (S.48-67) - DRITTER VORTRAG
    GA124/4: 22 Marker (S.68-89) - VIERTER VORTRAG
    GA124/5: 20 Marker (S.90-109) - FÜNFTER VORTRAG
    GA124/6: 20 Marker (S.110-129) - SECHSTER VORTRAG
    GA124/7: 19 Marker (S.130-148) - SIEBENTER VORTRAG
    GA124/8: 18 Marker (S.149-166) - ACHTER VORTRAG
    GA124/9: 23 Marker (S.167-189) - NEUNTER VORTRAG
    GA124/10: 21 Marker (S.190-210) - ZEHNTER VORTRAG
    GA124/11: 18 Marker (S.211-228) - ELFTER VORTRAG
    GA124/12: 15 Marker (S.229-244) - ZWÖLFTER VORTRAG
    GA124/13: 5 Marker (S.245-268) - DREIZEHNTER VORTRAG

  Gesamt: 240 Marker eingefügt
  Gespeichert in: GA124.json
  Archiviert: GA124.json

============================================================
Verarbeite GA124 (MD)
============================================================
  MD-Ordner: GA124-Exkurse in das Gebiet des Markus-Evangeliums
  PDF: Steiner, Rudolf GA 124, 1995 - Exkurse in das Gebiet des Markus-Evangeliums.pdf
  Extrahiere PDF-Seiten...
  268 Seiten mit Seitenzahlen
  14 MD-Dateien gefunden
    GA124/1: 20/20 Marker (S.9-28)
    GA124/10: 21/21 Marker (S.190-210)
    GA124/11: 18/18 Marker (S.211-228)
    GA124/12: 15/16 Marker (S.229-244)
    GA124/13: 5/24 Marker (S.245-268)
    GA124/2: 19/19 Marker (S.29-47)
    GA124/3: 20/20 Marker (S.48-67)
    GA124/4: 22/22 Marker (S.68-89)
    GA124/5: 20/20 Marker (S.90-109)
    GA124/6: 20/20 Marker (S.110-129)
    GA124/7: 19/19 Marker (S.130-148)
    GA124/8: 18/18 Marker (S.149-166)
    GA124/9: 23/23 Marker (S.167-189)

  Gesamt: 240 Marker in 13 Dateien
  JSON: 0 Marker
  MD: 0 Marker

============================================================
Verarbeite GA125
============================================================

============================================================
Verarbeite GA125
============================================================
  PDF: Steiner, Rudolf GA 125, 1992 - Wege und Ziele des geistigen Menschen.pdf
  Extrahiere PDF-Seiten...
  286 Seiten mit Seitenzahlen
  14 Vorträge geladen
    GA125/1: 16 Marker (S.1-26) - I. NOVALIS UND DIE GEISTESWISSENSCHAFT
    GA125/2: 15 Marker (S.27-41) - II. DIE PHILOSOPHIE HEGELS UND IHR ZUSAM
    GA125/3: 11 Marker (S.42-52) - III. WEGE UND ZIELE DES GEISTIGEN MENSCH
    GA125/4: 9 Marker (S.53-61) - IV. WEGE UND ZIELE DES GEISTIGEN MENSCHE
    GA125/5: 7 Marker (S.62-68) - V. WEGE UND ZIELE DES GEISTIGEN MENSCHEN
    GA125/6: 23 Marker (S.69-91) - VI. DER HEUTIGE STAND DER PHILOSOPHIE UN
    GA125/7: 21 Marker (S.92-123) - ÜBER SELBSTERKENNTNIS
    GA125/8: 21 Marker (S.124-160) - EINIGES ÜBER DAS ROSENKREUZERMYSTERIUM «
    GA125/9: 20 Marker (S.161-180) - DIE WEISHEIT DER ALTEN URKUNDEN UND DER 
    GA125/10: 11 Marker (S.181-191) - VII. DIE PHANTASIE ALS VORSTUFE HÖHERER 
    GA125/11: 14 Marker (S.192-205) - LEBENSFRAGEN IM LICHTE VON REINKARNATION
    GA125/12: 23 Marker (S.206-228) - VIII. KARMISCHE WIRKUNGEN ANTHROPOSOPHIE
    GA125/13: 18 Marker (S.229-248) - DAS WEIHNACHTSFEST IM WANDEL DER ZEITEN
    GA125/14: 14 Marker (S.249-286) - DIE JULFESTZEIT

  Gesamt: 223 Marker eingefügt
  Gespeichert in: GA125.json
  Archiviert: GA125.json

============================================================
Verarbeite GA125 (MD)
============================================================
  MD-Ordner: GA125-Wege und Ziele des geistigen Menschen
  PDF: Steiner, Rudolf GA 125, 1992 - Wege und Ziele des geistigen Menschen.pdf
  Extrahiere PDF-Seiten...
  286 Seiten mit Seitenzahlen
  15 MD-Dateien gefunden
    GA125/1: 16/26 Marker (S.1-26)
    GA125/10: 11/11 Marker (S.181-191)
    GA125/11: 14/14 Marker (S.192-205)
    GA125/12: 23/23 Marker (S.206-228)
    GA125/13: 18/20 Marker (S.229-248)
    GA125/14: 14/38 Marker (S.249-286)
    GA125/2: 15/15 Marker (S.27-41)
    GA125/3: 11/11 Marker (S.42-52)
    GA125/4: 9/9 Marker (S.53-61)
    GA125/5: 7/7 Marker (S.62-68)
    GA125/6: 23/23 Marker (S.69-91)
    GA125/7: 20/32 Marker (S.92-123)
    GA125/8: 21/37 Marker (S.124-160)
    GA125/9: 20/20 Marker (S.161-180)

  Gesamt: 222 Marker in 14 Dateien
  JSON: 0 Marker
  MD: 0 Marker

============================================================
Verarbeite GA126
============================================================

============================================================
Verarbeite GA126
============================================================
  PDF: Steiner, Rudolf GA 126, 1992 - Okkulte Geschichte.pdf
  Extrahiere PDF-Seiten...
  128 Seiten mit Seitenzahlen
  6 Vorträge geladen
    GA126/1: 13 Marker (S.101-128) - SECHSTER VORTRAG
    GA126/2: 16 Marker (S.1-128) - ERSTER VORTRAG
    GA126/3: 20 Marker (S.1-128) - ZWEITER VORTRAG
    GA126/4: 16 Marker (S.1-128) - DRITTER VORTRAG
    GA126/5: 19 Marker (S.1-128) - VIERTER VORTRAG
    GA126/6: 18 Marker (S.1-128) - FÜNFTER VORTRAG

  Gesamt: 102 Marker eingefügt
  Gespeichert in: GA126.json
  Archiviert: GA126.json

============================================================
Verarbeite GA126 (MD)
============================================================
  MD-Ordner: GA126-Okkulte Geschichte
  PDF: Steiner, Rudolf GA 126, 1992 - Okkulte Geschichte.pdf
  Extrahiere PDF-Seiten...
  128 Seiten mit Seitenzahlen
  7 MD-Dateien gefunden
    GA126/1: 13/28 Marker (S.101-128)
    GA126/2: 16/128 Marker (S.1-128)
    GA126/3: 20/128 Marker (S.1-128)
    GA126/4: 16/128 Marker (S.1-128)
    GA126/5: 19/128 Marker (S.1-128)
    GA126/6: 18/128 Marker (S.1-128)

  Gesamt: 102 Marker in 6 Dateien
  JSON: 0 Marker
  MD: 0 Marker

============================================================
Verarbeite GA127
============================================================

============================================================
Verarbeite GA127
============================================================
  PDF: Steiner, Rudolf GA 127, 1989 - Die Mission der neuen Geistesoffenbarung.pdf
  Extrahiere PDF-Seiten...
  257 Seiten mit Seitenzahlen
  17 Vorträge geladen
    GA127/1: 19 Marker (S.13-31) - DIE VERSCHIEDENEN ZEITALTER DER MENSCHHE
    GA127/2: 10 Marker (S.32-41) - AUSWIRKUNG MORALISCHER EIGENSCHAFTEN AUF
    GA127/3: 13 Marker (S.42-54) - EINIGES ÜBER DAS INNERE DER MENSCHLICHEN
    GA127/4: 17 Marker (S.55-71) - DIE BEZIEHUNG DER MENSCHLICHEN WESENSGLI
    GA127/5: 14 Marker (S.72-85) - WEISHEIT
    GA127/6: 15 Marker (S.86-100) - DIE ARBEIT DES ICH AM KINDE EIN BEITRAG 
    GA127/7: 16 Marker (S.101-117) - VOM EINFLIESSEN SPIRITUELLER ERKENNTNISS
    GA127/8: 8 Marker (S.118-125) - OSSIAN UND DIE FINGALSHÖHLE
    GA127/9: 11 Marker (S.126-136) - DIE BEDEUTUNG DER GEISTESFORSCHUNG FÜR D
    GA127/10: 15 Marker (S.137-152) - APHORISMEN ÜBER DIE BEZIEHUNG VON THEOSO
    GA127/11: 17 Marker (S.153-181) - ERBSÜNDE UND GNADE
    GA127/12: 10 Marker (S.182-191) - GLAUBE
    GA127/13: 16 Marker (S.192-224) - DIE SYMBOLIK UND DIE PHANTASIE MIT BEZUG
    GA127/14: 12 Marker (S.225-256) - DIE GEBURT DES SONNENGEISTES ALS ERDENGE
    GA127/15: 10 Marker (S.1-224) - WEIHNACHTEN - EIN INSPIRATIONSFEST
    GA127/16: 12 Marker (S.225-237) - DIE GEBURT DES SONNENGEISTES ALS ERDENGE
    GA127/17: 5 Marker (S.238-256) - DER DREIFACHE RUF AUS DER GEISTIGEN WELT

  Gesamt: 220 Marker eingefügt
  Gespeichert in: GA127.json
  Archiviert: GA127.json

============================================================
Verarbeite GA127 (MD)
============================================================
  MD-Ordner: GA127-Die Mission der neuen Geistesoffenbarung
  PDF: Steiner, Rudolf GA 127, 1989 - Die Mission der neuen Geistesoffenbarung.pdf
  Extrahiere PDF-Seiten...
  257 Seiten mit Seitenzahlen
  18 MD-Dateien gefunden
    GA127/1: 19/19 Marker (S.13-31)
    GA127/10: 15/16 Marker (S.137-152)
    GA127/11: 17/29 Marker (S.153-181)
    GA127/12: 10/10 Marker (S.182-191)
    GA127/13: 16/33 Marker (S.192-224)
    GA127/14: 12/32 Marker (S.225-256)
    GA127/15: 10/224 Marker (S.1-224)
    GA127/16: 12/13 Marker (S.225-237)
    GA127/17: 5/19 Marker (S.238-256)
    GA127/2: 10/10 Marker (S.32-41)
    GA127/3: 13/13 Marker (S.42-54)
    GA127/4: 17/17 Marker (S.55-71)
    GA127/5: 14/14 Marker (S.72-85)
    GA127/6: 15/15 Marker (S.86-100)
    GA127/7: 17/17 Marker (S.101-117)
    GA127/8: 8/8 Marker (S.118-125)
    GA127/9: 11/11 Marker (S.126-136)

  Gesamt: 221 Marker in 17 Dateien
  JSON: 0 Marker
  MD: 0 Marker

============================================================
Verarbeite GA128
============================================================

============================================================
Verarbeite GA128
============================================================
  PDF: Steiner, Rudolf GA 128, 1991 - Eine okkulte Physiologie.pdf
  Extrahiere PDF-Seiten...
  216 Seiten mit Seitenzahlen
  8 Vorträge geladen
    GA128/1: 17 Marker (S.11-27) - ERSTER VORTRAG
    GA128/2: 18 Marker (S.28-47) - ZWEITER VORTRAG
    GA128/3: 20 Marker (S.48-67) - DRITTER VORTRAG
    GA128/4: 21 Marker (S.68-88) - VIERTER VORTRAG
    GA128/5: 20 Marker (S.89-109) - FÜNFTER VORTRAG
    GA128/6: 19 Marker (S.110-128) - SECHSTER VORTRAG
    GA128/7: 21 Marker (S.129-150) - SIEBENTER VORTRAG
    GA128/8: 28 Marker (S.151-216) - ACHTER VORTRAG

  Gesamt: 164 Marker eingefügt
  Gespeichert in: GA128.json
  Archiviert: GA128.json

============================================================
Verarbeite GA128 (MD)
============================================================
  MD-Ordner: GA128-Eine okkulte Physiologie
  PDF: Steiner, Rudolf GA 128, 1991 - Eine okkulte Physiologie.pdf
  Extrahiere PDF-Seiten...
  216 Seiten mit Seitenzahlen
  10 MD-Dateien gefunden
    GA128/1: 17/17 Marker (S.11-27)
    GA128/2: 18/20 Marker (S.28-47)
    GA128/3: 20/20 Marker (S.48-67)
    GA128/4: 21/21 Marker (S.68-88)
    GA128/5: 20/21 Marker (S.89-109)
    GA128/6: 19/19 Marker (S.110-128)
    GA128/7: 21/22 Marker (S.129-150)
    GA128/8: 28/66 Marker (S.151-216)

  Gesamt: 164 Marker in 8 Dateien
  JSON: 0 Marker
  MD: 0 Marker

============================================================
Verarbeite GA129
============================================================

============================================================
Verarbeite GA129
============================================================
  PDF: Steiner, Rudolf GA 129, 1977 - Weltenwunder, Seelenprüfungen und Geistesoffenbarungen.pdf
  Extrahiere PDF-Seiten...
  0 Seiten mit Seitenzahlen

============================================================
Verarbeite GA129 (MD)
============================================================
  MD-Ordner: GA129-Weltenwunder Seelenprüfungen und Geistesoffenbarungen
  PDF: Steiner, Rudolf GA 129, 1977 - Weltenwunder, Seelenprüfungen und Geistesoffenbarungen.pdf
  Extrahiere PDF-Seiten...
  0 Seiten mit Seitenzahlen
  JSON: 0 Marker
  MD: 0 Marker

============================================================
Verarbeite GA130
============================================================

============================================================
Verarbeite GA130
============================================================
  PDF: Steiner, Rudolf GA 130, 1995 - Das esoterische Christentum und die geistige Führung der Menschheit.pdf
  Extrahiere PDF-Seiten...
  368 Seiten mit Seitenzahlen
  23 Vorträge geladen
    GA130/1: 15 Marker (S.1-368) - DER CHRISTUS-IMPULS IM HISTORISCHEN WERD
    GA130/2: 15 Marker (S.1-368) - DER CHRISTUS-IMPULS IM HISTORISCHEN WERD
    GA130/3: 2 Marker (S.1-56) - BUDDHA UND CHRISTUS. DIE SPHÄRE DER BODH
    GA130/4: 12 Marker (S.57-68) - DAS ROSENKREUZERISCHE CHRISTENTUM
    GA130/5: 11 Marker (S.69-79) - DAS ROSENKREUZERISCHE CHRISTENTUM
    GA130/6: 22 Marker (S.80-368) - DIE ÄTHERISATION DES BLUTES. DAS EINGREI
    GA130/7: 6 Marker (S.1-122) - JESHU BEN PANDIRA DER VORBEREITER FÜR EI
    GA130/8: 15 Marker (S.123-138) - JESHU BEN PANDIRA DER VORBEREITER FÜR EI
    GA130/9: 15 Marker (S.139-153) - DER CHRISTUS-IMPULS ALS REALES LEBEN
    GA130/10: 6 Marker (S.154-368) - DER CHRISTUS-IMPULS ALS REALES LEBEN
    GA130/11: 6 Marker (S.1-368) - GLAUBE
    GA130/12: 6 Marker (S.1-368) - GLAUBE
    GA130/13: 25 Marker (S.1-226) - WELTEN-ICH UND MENSCHEN-ICH. MIKROKOSMIS
    GA130/14: 9 Marker (S.227-235) - DIE MORGENRÖTE DES NEUEREN OKKULTISMUS
    GA130/15: 8 Marker (S.236-368) - DIE MORGENRÖTE DES NEUEREN OKKULTISMUS
    GA130/16: 16 Marker (S.1-259) - GRUNDSTIMMUNG DEM MENSCHLICHEN KARMA GEG
    GA130/17: 15 Marker (S.260-275) - INTIMITÄTEN DES KARMA
    GA130/18: 14 Marker (S.276-306) - DIE TATSACHE DES DURCH DEN TOD GEGANGENE
    GA130/19: 6 Marker (S.307-313) - ZUR EINWEIHUNG DES CHRISTIAN-ROSENKREUTZ
    GA130/20: 12 Marker (S.314-325) - DIE MISSION DES CHRISTIAN ROSENKREUTZ
    GA130/21: 5 Marker (S.326-330) - DIE BEDEUTUNG DES JAHRES 1250
    GA130/22: 5 Marker (S.331-335) - DIE SIEBEN PRINZIPIEN DES MAKROKOSMOS UN
    GA130/23: 6 Marker (S.336-368) - DER GESTIRNTE HIMMEL ÜBER MIR DAS MORALI

  Gesamt: 252 Marker eingefügt
  Gespeichert in: GA130.json
  Archiviert: GA130.json

============================================================
Verarbeite GA130 (MD)
============================================================
  MD-Ordner: GA130-Das esoterische Christentum und die geistige Führung der Menschheit unvollständig
  PDF: Steiner, Rudolf GA 130, 1995 - Das esoterische Christentum und die geistige Führung der Menschheit.pdf
  Extrahiere PDF-Seiten...
  368 Seiten mit Seitenzahlen
  24 MD-Dateien gefunden
    GA130/1: 15/368 Marker (S.1-368)
    GA130/10: 6/215 Marker (S.154-368)
    GA130/11: 6/368 Marker (S.1-368)
    GA130/12: 6/368 Marker (S.1-368)
    GA130/13: 25/226 Marker (S.1-226)
    GA130/14: 9/9 Marker (S.227-235)
    GA130/15: 8/133 Marker (S.236-368)
    GA130/16: 16/259 Marker (S.1-259)
    GA130/17: 15/16 Marker (S.260-275)
    GA130/18: 14/31 Marker (S.276-306)
    GA130/19: 6/7 Marker (S.307-313)
    GA130/2: 15/368 Marker (S.1-368)
    GA130/20: 12/12 Marker (S.314-325)
    GA130/21: 5/5 Marker (S.326-330)
    GA130/22: 5/5 Marker (S.331-335)
    GA130/23: 6/33 Marker (S.336-368)
    GA130/3: 2/56 Marker (S.1-56)
    GA130/4: 12/12 Marker (S.57-68)
    GA130/5: 11/11 Marker (S.69-79)
    GA130/6: 22/289 Marker (S.80-368)
    GA130/7: 6/122 Marker (S.1-122)
    GA130/8: 15/16 Marker (S.123-138)
    GA130/9: 15/15 Marker (S.139-153)

  Gesamt: 252 Marker in 23 Dateien
  JSON: 0 Marker
  MD: 0 Marker

============================================================
Verarbeite GA131
============================================================

============================================================
Verarbeite GA131
============================================================
  PDF: Steiner, Rudolf GA 131, 1988 - Von Jesus zu Christus.pdf
  Extrahiere PDF-Seiten...
  248 Seiten mit Seitenzahlen
  10 Vorträge geladen
    GA131/1: 18 Marker (S.39-56) - ERSTER VORTRAG
    GA131/2: 18 Marker (S.57-74) - ZWEITER VORTRAG
    GA131/3: 23 Marker (S.75-97) - DRITTER VORTRAG
    GA131/4: 18 Marker (S.98-115) - VIERTER VORTRAG
    GA131/5: 19 Marker (S.116-134) - FÜNFTER VORTRAG
    GA131/6: 19 Marker (S.135-155) - SECHSTER VORTRAG
    GA131/7: 17 Marker (S.156-172) - SIEBENTER VORTRAG
    GA131/8: 17 Marker (S.173-189) - ACHTER VORTRAG
    GA131/9: 19 Marker (S.190-208) - NEUNTER VORTRAG
    GA131/10: 23 Marker (S.209-248) - ZEHNTER VORTRAG

  Gesamt: 191 Marker eingefügt
  Gespeichert in: GA131.json
  Archiviert: GA131.json

============================================================
Verarbeite GA131 (MD)
============================================================
  MD-Ordner: GA131-Von Jesus zu Christus (1911)
  PDF: Steiner, Rudolf GA 131, 1988 - Von Jesus zu Christus.pdf
  Extrahiere PDF-Seiten...
  248 Seiten mit Seitenzahlen
  11 MD-Dateien gefunden
    GA131/1: 18/18 Marker (S.39-56)
    GA131/10: 22/40 Marker (S.209-248)
    GA131/2: 18/18 Marker (S.57-74)
    GA131/3: 23/23 Marker (S.75-97)
    GA131/4: 18/18 Marker (S.98-115)
    GA131/5: 19/19 Marker (S.116-134)
    GA131/6: 19/21 Marker (S.135-155)
    GA131/7: 17/17 Marker (S.156-172)
    GA131/8: 17/17 Marker (S.173-189)
    GA131/9: 19/19 Marker (S.190-208)

  Gesamt: 190 Marker in 10 Dateien
  JSON: 0 Marker
  MD: 0 Marker

============================================================
Verarbeite GA132
============================================================

============================================================
Verarbeite GA132
============================================================
  PDF: Steiner, Rudolf GA 132, 1999 - Die Evolution vom Gesichtspunkt des Wahrhaftigen.pdf
  Extrahiere PDF-Seiten...
  104 Seiten mit Seitenzahlen
  5 Vorträge geladen
    GA132/1: 15 Marker (S.9-23) - ERSTER VORTRAG
    GA132/2: 17 Marker (S.24-40) - ZWEITER VORTRAG
    GA132/3: 18 Marker (S.41-58) - DRITTER VORTRAG
    GA132/4: 17 Marker (S.59-75) - VIERTER VORTRAG
    GA132/5: 19 Marker (S.76-104) - FÜNFTER VORTRAG

  Gesamt: 86 Marker eingefügt
  Gespeichert in: GA132.json
  Archiviert: GA132.json

============================================================
Verarbeite GA132 (MD)
============================================================
  MD-Ordner: GA132-Die Evolution vom Gesichtspunkte des Wahrhaftigen (1911)
  PDF: Steiner, Rudolf GA 132, 1999 - Die Evolution vom Gesichtspunkt des Wahrhaftigen.pdf
  Extrahiere PDF-Seiten...
  104 Seiten mit Seitenzahlen
  6 MD-Dateien gefunden
    GA132/1: 15/15 Marker (S.9-23)
    GA132/2: 17/17 Marker (S.24-40)
    GA132/3: 18/18 Marker (S.41-58)
    GA132/4: 17/17 Marker (S.59-75)
    GA132/5: 19/29 Marker (S.76-104)

  Gesamt: 86 Marker in 5 Dateien
  JSON: 0 Marker
  MD: 0 Marker

============================================================
Verarbeite GA133
============================================================

============================================================
Verarbeite GA133
============================================================
  PDF: Steiner, Rudolf GA 133, 1989 - Der irdische und der kosmische Mensch.pdf
  Extrahiere PDF-Seiten...
  184 Seiten mit Seitenzahlen
  9 Vorträge geladen
    GA133/1: 16 Marker (S.9-24) - ERSTER VORTRAG
    GA133/2: 17 Marker (S.25-41) - ZWEITER VORTRAG
    GA133/3: 19 Marker (S.42-60) - DRITTER VORTRAG
    GA133/4: 20 Marker (S.61-80) - VIERTER VORTRAG
    GA133/5: 17 Marker (S.81-98) - FÜNFTER VORTRAG
    GA133/6: 18 Marker (S.99-116) - SECHSTER VORTRAG
    GA133/7: 15 Marker (S.117-132) - SIEBENTER VORTRAG
    GA133/8: 14 Marker (S.133-146) - ACHTER VORTRAG
    GA133/9: 22 Marker (S.147-184) - NEUNTER VORTRAG

  Gesamt: 158 Marker eingefügt
  Gespeichert in: GA133.json
  Archiviert: GA133.json

============================================================
Verarbeite GA133 (MD)
============================================================
  MD-Ordner: GA133-Der irdische und der kosmische Mensch (1911-1912)
  PDF: Steiner, Rudolf GA 133, 1989 - Der irdische und der kosmische Mensch.pdf
  Extrahiere PDF-Seiten...
  184 Seiten mit Seitenzahlen
  10 MD-Dateien gefunden
    GA133/1: 16/16 Marker (S.9-24)
    GA133/2: 17/17 Marker (S.25-41)
    GA133/3: 19/19 Marker (S.42-60)
    GA133/4: 20/20 Marker (S.61-80)
    GA133/5: 17/18 Marker (S.81-98)
    GA133/6: 18/18 Marker (S.99-116)
    GA133/7: 15/16 Marker (S.117-132)
    GA133/8: 14/14 Marker (S.133-146)
    GA133/9: 22/38 Marker (S.147-184)

  Gesamt: 158 Marker in 9 Dateien
  JSON: 0 Marker
  MD: 0 Marker

============================================================
Verarbeite GA134
============================================================

============================================================
Verarbeite GA134
============================================================
  PDF: Steiner, Rudolf GA 134 1990 - Die Welt der Sinne und die Welt des Geistes.pdf
  Extrahiere PDF-Seiten...
  129 Seiten mit Seitenzahlen
  6 Vorträge geladen
    GA134/1: 19 Marker (S.9-27) - ERSTER VORTRAG
    GA134/2: 19 Marker (S.28-46) - ZWEITER VORTRAG
    GA134/3: 16 Marker (S.47-63) - DRITTER VORTRAG
    GA134/4: 20 Marker (S.64-83) - VIERTER VORTRAG
    GA134/5: 18 Marker (S.84-101) - FÜNFTER VORTRAG
    GA134/6: 17 Marker (S.102-128) - SECHSTER VORTRAG

  Gesamt: 109 Marker eingefügt
  Gespeichert in: GA134.json
  Archiviert: GA134.json

============================================================
Verarbeite GA134 (MD)
============================================================
  MD-Ordner: GA134-Die Welt der Sinne und die Welt des Geistes (1911-1912)
  PDF: Steiner, Rudolf GA 134 1990 - Die Welt der Sinne und die Welt des Geistes.pdf
  Extrahiere PDF-Seiten...
  129 Seiten mit Seitenzahlen
  7 MD-Dateien gefunden
    GA134/1: 19/19 Marker (S.9-27)
    GA134/2: 19/19 Marker (S.28-46)
    GA134/3: 16/17 Marker (S.47-63)
    GA134/4: 20/20 Marker (S.64-83)
    GA134/5: 18/18 Marker (S.84-101)
    GA134/6: 17/27 Marker (S.102-128)

  Gesamt: 109 Marker in 6 Dateien
  JSON: 0 Marker
  MD: 0 Marker

============================================================
Verarbeite GA135
============================================================

============================================================
Verarbeite GA135
============================================================
  PDF: Steiner, Rudolf GA 135 1989 - Wiederverkörperung und Karma.pdf
  Extrahiere PDF-Seiten...
  112 Seiten mit Seitenzahlen
  5 Vorträge geladen
    GA135/1: 15 Marker (S.9-23) - ERSTER VORTRAG
    GA135/2: 20 Marker (S.24-43) - ZWEITER VORTRAG
    GA135/3: 20 Marker (S.44-64) - DRITTER VORTRAG
    GA135/4: 18 Marker (S.65-82) - ERSTER VORTRAG
    GA135/5: 22 Marker (S.83-112) - ZWEITER VORTRAG

  Gesamt: 95 Marker eingefügt
  Gespeichert in: GA135.json
  Archiviert: GA135.json

============================================================
Verarbeite GA135 (MD)
============================================================
  MD-Ordner: GA135-Wiederverkörperung und Karma und ihre Bedeutung für die Kultur der Gegenwart (1912)
  PDF: Steiner, Rudolf GA 135 1989 - Wiederverkörperung und Karma.pdf
  Extrahiere PDF-Seiten...
  112 Seiten mit Seitenzahlen
  6 MD-Dateien gefunden
    GA135/1: 15/15 Marker (S.9-23)
    GA135/2: 20/20 Marker (S.24-43)
    GA135/3: 20/21 Marker (S.44-64)
    GA135/4: 18/18 Marker (S.65-82)
    GA135/5: 22/30 Marker (S.83-112)

  Gesamt: 95 Marker in 5 Dateien
  JSON: 0 Marker
  MD: 0 Marker

============================================================
Verarbeite GA136
============================================================

============================================================
Verarbeite GA136
============================================================
  PDF: Steiner, Rudolf GA 136 1996 - Die geistigen Wesenheiten in den Himmelskörpern und Naturreichen.pdf
  Extrahiere PDF-Seiten...
  248 Seiten mit Seitenzahlen
  11 Vorträge geladen
    GA136/1: 17 Marker (S.13-30) - ERSTER VORTRAG
    GA136/2: 16 Marker (S.31-47) - ZWEITER VORTRAG
    GA136/3: 17 Marker (S.48-64) - DRITTER VORTRAG
    GA136/4: 13 Marker (S.65-77) - VIERTER VORTRAG
    GA136/5: 17 Marker (S.78-94) - FÜNFTER VORTRAG
    GA136/6: 18 Marker (S.95-113) - SECHSTER VORTRAG
    GA136/7: 23 Marker (S.114-136) - SIEBENTER VORTRAG
    GA136/8: 23 Marker (S.137-159) - ACHTER VORTRAG
    GA136/9: 24 Marker (S.160-183) - NEUNTER VORTRAG
    GA136/10: 28 Marker (S.184-212) - ZEHNTER VORTRAG
    GA136/11: 27 Marker (S.213-248) - DER OKKULTISMUS UND DIE INITIATION

  Gesamt: 223 Marker eingefügt
  Gespeichert in: GA136.json
  Archiviert: GA136.json

============================================================
Verarbeite GA136 (MD)
============================================================
  MD-Ordner: GA136-Die geistigen Wesenheiten in den Himmelskörpern und Naturreichen (1912)
  PDF: Steiner, Rudolf GA 136 1996 - Die geistigen Wesenheiten in den Himmelskörpern und Naturreichen.pdf
  Extrahiere PDF-Seiten...
  248 Seiten mit Seitenzahlen
  12 MD-Dateien gefunden
    GA136/1: 17/18 Marker (S.13-30)
    GA136/10: 28/29 Marker (S.184-212)
    GA136/11: 27/36 Marker (S.213-248)
    GA136/2: 16/17 Marker (S.31-47)
    GA136/3: 17/17 Marker (S.48-64)
    GA136/4: 13/13 Marker (S.65-77)
    GA136/5: 17/17 Marker (S.78-94)
    GA136/6: 18/19 Marker (S.95-113)
    GA136/7: 23/23 Marker (S.114-136)
    GA136/8: 23/23 Marker (S.137-159)
    GA136/9: 24/24 Marker (S.160-183)

  Gesamt: 223 Marker in 11 Dateien
  JSON: 0 Marker
  MD: 0 Marker

============================================================
Verarbeite GA137
============================================================

============================================================
Verarbeite GA137
============================================================
  PDF: Steiner, Rudolf GA 137 1993 - Der Mensch im Lichte von Okkultismus, Theosophie und Philosophie.pdf
  Extrahiere PDF-Seiten...
  239 Seiten mit Seitenzahlen
  10 Vorträge geladen
    GA137/1: 21 Marker (S.11-31) - ERSTER VORTRAG
    GA137/2: 16 Marker (S.32-47) - ZWEITER VORTRAG
    GA137/3: 18 Marker (S.48-65) - DRITTER VORTRAG
    GA137/4: 19 Marker (S.66-85) - VIERTER VORTRAG
    GA137/5: 17 Marker (S.86-102) - FÜNFTER VORTRAG
    GA137/6: 19 Marker (S.103-121) - SECHSTER VORTRAG
    GA137/7: 22 Marker (S.122-143) - SIEBENTER VORTRAG
    GA137/8: 18 Marker (S.144-161) - ACHTER VORTRAG
    GA137/9: 21 Marker (S.162-182) - NEUNTER VORTRAG
    GA137/10: 27 Marker (S.183-240) - ZEHNTER VORTRAG

  Gesamt: 198 Marker eingefügt
  Gespeichert in: GA137.json
  Archiviert: GA137.json

============================================================
Verarbeite GA137 (MD)
============================================================
  MD-Ordner: GA137-Der Mensch im Lichte von Okkultismus, Theosophie und Philosophie (1912)
  PDF: Steiner, Rudolf GA 137 1993 - Der Mensch im Lichte von Okkultismus, Theosophie und Philosophie.pdf
  Extrahiere PDF-Seiten...
  239 Seiten mit Seitenzahlen
  11 MD-Dateien gefunden
    GA137/1: 21/21 Marker (S.11-31)
    GA137/10: 27/58 Marker (S.183-240)
    GA137/2: 16/16 Marker (S.32-47)
    GA137/3: 18/18 Marker (S.48-65)
    GA137/4: 19/20 Marker (S.66-85)
    GA137/5: 17/17 Marker (S.86-102)
    GA137/6: 18/19 Marker (S.103-121)
    GA137/7: 22/22 Marker (S.122-143)
    GA137/8: 18/18 Marker (S.144-161)
    GA137/9: 21/21 Marker (S.162-182)

  Gesamt: 197 Marker in 10 Dateien
  JSON: 0 Marker
  MD: 0 Marker

============================================================
Verarbeite GA138
============================================================

============================================================
Verarbeite GA138
============================================================
  PDF: Steiner, Rudolf GA 138 1986 - Von der Initiation, von Ewigkeit und Augenblick, von Geisteslicht und Lebensdunkel.pdf
  Extrahiere PDF-Seiten...
  168 Seiten mit Seitenzahlen
  7 Vorträge geladen
    GA138/1: 16 Marker (S.11-26) - ERSTER VORTRAG
    GA138/2: 20 Marker (S.27-46) - ZWEITER VORTRAG
    GA138/3: 19 Marker (S.47-65) - DRITTER VORTRAG
    GA138/4: 17 Marker (S.66-82) - VIERTER VORTRAG
    GA138/5: 21 Marker (S.83-103) - FÜNFTER VORTRAG
    GA138/6: 16 Marker (S.104-119) - SECHSTER VORTRAG
    GA138/7: 20 Marker (S.120-168) - SIEBENTER VORTRAG

  Gesamt: 129 Marker eingefügt
  Gespeichert in: GA138.json
  Archiviert: GA138.json

============================================================
Verarbeite GA138 (MD)
============================================================
  MD-Ordner: GA138-Von der Initiation Von Ewigkeit und Augenblick Von Geisteslicht und Lebensdunkel (1912)
  PDF: Steiner, Rudolf GA 138 1986 - Von der Initiation, von Ewigkeit und Augenblick, von Geisteslicht und Lebensdunkel.pdf
  Extrahiere PDF-Seiten...
  168 Seiten mit Seitenzahlen
  8 MD-Dateien gefunden
    GA138/1: 16/16 Marker (S.11-26)
    GA138/2: 20/20 Marker (S.27-46)
    GA138/3: 19/19 Marker (S.47-65)
    GA138/4: 17/17 Marker (S.66-82)
    GA138/5: 21/21 Marker (S.83-103)
    GA138/6: 16/16 Marker (S.104-119)
    GA138/7: 20/49 Marker (S.120-168)

  Gesamt: 129 Marker in 7 Dateien
  JSON: 0 Marker
  MD: 0 Marker

============================================================
Verarbeite GA139
============================================================

============================================================
Verarbeite GA139
============================================================
  PDF: Steiner, Rudolf GA 139 1985 - Das Markus Evangelium.pdf
  Extrahiere PDF-Seiten...
  220 Seiten mit Seitenzahlen
  10 Vorträge geladen
    GA139/1: 18 Marker (S.11-28) - ERSTER VORTRAG
    GA139/2: 20 Marker (S.29-48) - ZWEITER VORTRAG
    GA139/3: 20 Marker (S.49-71) - DRITTER VORTRAG
    GA139/4: 18 Marker (S.72-90) - VIERTER VORTRAG
    GA139/5: 17 Marker (S.91-108) - FÜNFTER VORTRAG
    GA139/6: 19 Marker (S.109-128) - SECHSTER VORTRAG
    GA139/7: 19 Marker (S.129-147) - SIEBENTER VORTRAG
    GA139/8: 15 Marker (S.148-163) - ACHTER VORTRAG
    GA139/9: 15 Marker (S.164-181) - NEUNTER VORTRAG
    GA139/10: 25 Marker (S.182-220) - ZEHNTER VORTRAG

  Gesamt: 186 Marker eingefügt
  Gespeichert in: GA139.json
  Archiviert: GA139.json

============================================================
Verarbeite GA139 (MD)
============================================================
  MD-Ordner: GA139-Das Markusevangelium (1912)
  PDF: Steiner, Rudolf GA 139 1985 - Das Markus Evangelium.pdf
  Extrahiere PDF-Seiten...
  220 Seiten mit Seitenzahlen
  11 MD-Dateien gefunden
    GA139/1: 18/18 Marker (S.11-28)
    GA139/10: 25/39 Marker (S.182-220)
    GA139/2: 20/20 Marker (S.29-48)
    GA139/3: 20/23 Marker (S.49-71)
    GA139/4: 18/19 Marker (S.72-90)
    GA139/5: 17/18 Marker (S.91-108)
    GA139/6: 19/20 Marker (S.109-128)
    GA139/7: 19/19 Marker (S.129-147)
    GA139/8: 15/16 Marker (S.148-163)
    GA139/9: 15/18 Marker (S.164-181)

  Gesamt: 186 Marker in 10 Dateien
  JSON: 0 Marker
  MD: 0 Marker

============================================================
Verarbeite GA140
============================================================

============================================================
Verarbeite GA140
============================================================
  PDF: Steiner, Rudolf GA 140 2003 - Okkulte Untersuchungen über das Leben zwischen Tod und neuer Geburt.pdf
  Extrahiere PDF-Seiten...
  391 Seiten mit Seitenzahlen
  20 Vorträge geladen
    GA140/1: 16 Marker (S.9-24) - UNTERSUCHUNGEN ÜBER DAS LEBEN ZWISCHEN T
    GA140/2: 13 Marker (S.25-37) - UNTERSUCHUNGEN ÜBER DAS LEBEN ZWISCHEN T
    GA140/3: 23 Marker (S.38-60) - DER DURCHGANG DES MENSCHEN DURCH DIE PLA
    GA140/4: 21 Marker (S.61-81) - DIE NEUESTEN ERGEBNISSE OKKULTER FORSCHU
    GA140/5: 26 Marker (S.82-107) - DAS LEBEN ZWISCHEN DEM TODE UND EINER NE
    GA140/6: 17 Marker (S.108-124) - DAS LEBEN ZWISCHEN DEM TODE UND EINER NE
    GA140/7: 22 Marker (S.125-146) - EINIGES ÜBER DIE TECHNIK DES KARMA IM LE
    GA140/8: 11 Marker (S.147-157) - ZWISCHEN TOD UND NEUER GEBURT
    GA140/9: 17 Marker (S.158-174) - VOM LEBEN NACH DEM TODE
    GA140/10: 14 Marker (S.175-188) - ANTHROPOSOPHIE ALS EMPFINDUNGS- UND LEBE
    GA140/11: 18 Marker (S.189-206) - DIE KOSMISCHE SEITE DES LEBENS ZWISCHEN 
    GA140/12: 20 Marker (S.207-226) - DAS GEGENSEITIGE IN-BEZIEHUNG-TRETEN ZWI
    GA140/13: 17 Marker (S.227-243) - DIE MISSION DES ERDENLEBENS ALS DURCHGAN
    GA140/14: 21 Marker (S.244-265) - ÜBER DAS LEBEN ZWISCHEN TOD UND NEUER GE
    GA140/15: 22 Marker (S.266-287) - VOM DURCHGANG DES MENSCHEN NACH DEM TODE
    GA140/16: 13 Marker (S.288-300) - ERGÄNZENDE TATSACHEN ÜBER DAS LEBEN ZWIS
    GA140/17: 16 Marker (S.301-316) - ÜBER DEN VERKEHR MIT DEN TOTEN
    GA140/18: 7 Marker (S.317-323) - DAS LEBEN NACH DEM TODE
    GA140/19: 20 Marker (S.324-343) - DIE LEBENDIGE WECHSELWIRKUNG ZWISCHEN LE
    GA140/20: 20 Marker (S.344-391) - DIE UMWANDLUNG MENSCHLICH-IRDISCHER KRÄF

  Gesamt: 354 Marker eingefügt
  Gespeichert in: GA140.json
  Archiviert: GA140.json

============================================================
Verarbeite GA140 (MD)
============================================================
  MD-Ordner: GA140-Okkulte Untersuchungen über das Leben zwischen Tod und neuer Geburt Die leben- dige Wechselwirkung zwischen Lebenden und Toten (1912-1913)
  PDF: Steiner, Rudolf GA 140 2003 - Okkulte Untersuchungen über das Leben zwischen Tod und neuer Geburt.pdf
  Extrahiere PDF-Seiten...
  391 Seiten mit Seitenzahlen
  21 MD-Dateien gefunden
    GA140/1: 16/16 Marker (S.9-24)
    GA140/10: 14/14 Marker (S.175-188)
    GA140/11: 18/18 Marker (S.189-206)
    GA140/12: 20/20 Marker (S.207-226)
    GA140/13: 17/17 Marker (S.227-243)
    GA140/14: 21/22 Marker (S.244-265)
    GA140/15: 22/22 Marker (S.266-287)
    GA140/16: 13/13 Marker (S.288-300)
    GA140/17: 16/16 Marker (S.301-316)
    GA140/18: 7/7 Marker (S.317-323)
    GA140/19: 20/20 Marker (S.324-343)
    GA140/2: 13/13 Marker (S.25-37)
    GA140/20: 20/48 Marker (S.344-391)
    GA140/3: 23/23 Marker (S.38-60)
    GA140/4: 21/21 Marker (S.61-81)
    GA140/5: 26/26 Marker (S.82-107)
    GA140/6: 17/17 Marker (S.108-124)
    GA140/7: 22/22 Marker (S.125-146)
    GA140/8: 11/11 Marker (S.147-157)
    GA140/9: 17/17 Marker (S.158-174)

  Gesamt: 354 Marker in 20 Dateien
  JSON: 0 Marker
  MD: 0 Marker

============================================================
Verarbeite GA141
============================================================

============================================================
Verarbeite GA141
============================================================
  PDF: Steiner, Rudolf GA 141 1997 - Das Leben zwischen dem Tode und der neuen Geburt.pdf
  Extrahiere PDF-Seiten...
  200 Seiten mit Seitenzahlen
  10 Vorträge geladen
    GA141/1: 22 Marker (S.11-32) - ERSTER VORTRAG
    GA141/2: 21 Marker (S.33-53) - ZWEITER VORTRAG
    GA141/3: 18 Marker (S.54-71) - DRITTER VORTRAG
    GA141/4: 19 Marker (S.72-90) - VIERTER VORTRAG
    GA141/5: 15 Marker (S.91-105) - FÜNFTER VORTRAG
    GA141/6: 10 Marker (S.106-115) - SECHSTER VORTRAG
    GA141/7: 21 Marker (S.116-136) - SIEBENTER VORTRAG
    GA141/8: 16 Marker (S.137-152) - ACHTER VORTRAG
    GA141/9: 19 Marker (S.153-171) - NEUNTER VORTRAG
    GA141/10: 17 Marker (S.172-200) - ZEHNTER VORTRAG

  Gesamt: 178 Marker eingefügt
  Gespeichert in: GA141.json
  Archiviert: GA141.json

============================================================
Verarbeite GA141 (MD)
============================================================
  MD-Ordner: GA141-Das Leben zwischen dem Tode und der neuen Geburt im Verhältnis zu den kosmi- schen Tatsachen (1912-1913)
  PDF: Steiner, Rudolf GA 141 1997 - Das Leben zwischen dem Tode und der neuen Geburt.pdf
  Extrahiere PDF-Seiten...
  200 Seiten mit Seitenzahlen
  11 MD-Dateien gefunden
    GA141/1: 22/22 Marker (S.11-32)
    GA141/10: 17/29 Marker (S.172-200)
    GA141/2: 21/21 Marker (S.33-53)
    GA141/3: 18/18 Marker (S.54-71)
    GA141/4: 19/19 Marker (S.72-90)
    GA141/5: 15/15 Marker (S.91-105)
    GA141/6: 10/10 Marker (S.106-115)
    GA141/7: 21/21 Marker (S.116-136)
    GA141/8: 16/16 Marker (S.137-152)
    GA141/9: 19/19 Marker (S.153-171)

  Gesamt: 178 Marker in 10 Dateien
  JSON: 0 Marker
  MD: 0 Marker

============================================================
Verarbeite GA142
============================================================

============================================================
Verarbeite GA142
============================================================
  PDF: Steiner, Rudolf GA 142 1982 - Die Bhagavad Gita und die Paulusbriefe.pdf
  Extrahiere PDF-Seiten...
  140 Seiten mit Seitenzahlen
  5 Vorträge geladen
    GA142/1: 18 Marker (S.9-27) - ERSTER VORTRAG
    GA142/2: 24 Marker (S.28-51) - ZWEITER VORTRAG
    GA142/3: 24 Marker (S.52-75) - DRITTER VORTRAG
    GA142/4: 26 Marker (S.76-101) - VIERTER VORTRAG
    GA142/5: 26 Marker (S.102-140) - FÜNFTER VORTRAG

  Gesamt: 118 Marker eingefügt
  Gespeichert in: GA142.json
  Archiviert: GA142.json

============================================================
Verarbeite GA142 (MD)
============================================================
  MD-Ordner: GA142-Die Bhagavad Gita und die Paulusbriefe (1912-1913)
  PDF: Steiner, Rudolf GA 142 1982 - Die Bhagavad Gita und die Paulusbriefe.pdf
  Extrahiere PDF-Seiten...
  140 Seiten mit Seitenzahlen
  6 MD-Dateien gefunden
    GA142/1: 18/19 Marker (S.9-27)
    GA142/2: 24/24 Marker (S.28-51)
    GA142/3: 24/24 Marker (S.52-75)
    GA142/4: 26/26 Marker (S.76-101)
    GA142/5: 26/39 Marker (S.102-140)

  Gesamt: 118 Marker in 5 Dateien
  JSON: 0 Marker
  MD: 0 Marker

============================================================
Verarbeite GA143
============================================================

============================================================
Verarbeite GA143
============================================================
  PDF: Steiner, Rudolf GA 143 1994 - Erfahrungen des Übersinnlichen.pdf
  Extrahiere PDF-Seiten...
  272 Seiten mit Seitenzahlen
  12 Vorträge geladen
    GA143/1: 20 Marker (S.9-28) - NERVOSITÄT UND ICHHEIT
    GA143/2: 12 Marker (S.29-40) - DIE MENSCHLICHEN SEELENBETÄTIGUNGEN IM W
    GA143/3: 17 Marker (S.41-58) - DER WEG DER ERKENNTNIS UND SEIN ZUSAMMEN
    GA143/4: 17 Marker (S.59-75) - ANTHROPOSOPHIE ALS EMPFINDUNGS-
    GA143/5: 23 Marker (S.76-98) - SPIEGELUNGEN DES BEWUSSTSEINS OBERWUSSTS
    GA143/6: 15 Marker (S.99-152) - VERBORGENE KRÄFTE DES SEELENLEBENS
    GA143/9: 12 Marker (S.153-164) - DIE GEHEIMNISSE DER REICHE DER HIMMEL IN
    GA143/10: 19 Marker (S.165-186) - VORVERKÜNDIGUNG UND HEROLDTUM DES CHRIST
    GA143/11: 17 Marker (S.187-203) - ZUR SYNTHESE DER WELTANSCHAUUNGEN. EINE 
    GA143/12: 11 Marker (S.204-214) - DIE LIEBE UND IHRE BEDEUTUNG IN DER WELT
    GA143/13: 14 Marker (S.215-256) - DIE GEBURT DES ERDENLICHTES AUS DER FINS
    GA143/14: 1 Marker (S.257-272) - NOVALIS ALS VERKÜNKDER DES SPIRITUELL ZU

  Gesamt: 178 Marker eingefügt
  Gespeichert in: GA143.json
  Archiviert: GA143.json

============================================================
Verarbeite GA143 (MD)
============================================================
  MD-Ordner: GA143-Erfahrungen des Übersinnlichen. Die drei Wege der Seele zu Christus (1912)
  PDF: Steiner, Rudolf GA 143 1994 - Erfahrungen des Übersinnlichen.pdf
  Extrahiere PDF-Seiten...
  272 Seiten mit Seitenzahlen
  13 MD-Dateien gefunden
    GA143/1: 20/20 Marker (S.9-28)
    GA143/10: 19/22 Marker (S.165-186)
    GA143/11: 17/17 Marker (S.187-203)
    GA143/12: 11/11 Marker (S.204-214)
    GA143/13: 14/42 Marker (S.215-256)
    GA143/14: 1/16 Marker (S.257-272)
    GA143/2: 12/12 Marker (S.29-40)
    GA143/3: 17/18 Marker (S.41-58)
    GA143/4: 17/17 Marker (S.59-75)
    GA143/5: 23/23 Marker (S.76-98)
    GA143/6: 15/174 Marker (S.99-272)
    GA143/9: 12/12 Marker (S.153-164)

  Gesamt: 178 Marker in 12 Dateien
  JSON: 0 Marker
  MD: 0 Marker

============================================================
Verarbeite GA144
============================================================

============================================================
Verarbeite GA144
============================================================
  PDF: Steiner, Rudolf GA 144 1985 - Die Mysterien des Morgenlandes und des Christentums.pdf
  Extrahiere PDF-Seiten...
  88 Seiten mit Seitenzahlen
  4 Vorträge geladen
    GA144/1: 16 Marker (S.13-28) - ERSTER VORTRAG
    GA144/2: 16 Marker (S.29-44) - ZWEITER VORTRAG
    GA144/3: 16 Marker (S.45-60) - DRITTER VORTRAG
    GA144/4: 21 Marker (S.61-88) - VIERTER VORTRAG

  Gesamt: 69 Marker eingefügt
  Gespeichert in: GA144.json
  Archiviert: GA144.json

============================================================
Verarbeite GA144 (MD)
============================================================
  MD-Ordner: GA144-Die Mysterien des Morgenlandes und des Christentums (1913)
  PDF: Steiner, Rudolf GA 144 1985 - Die Mysterien des Morgenlandes und des Christentums.pdf
  Extrahiere PDF-Seiten...
  88 Seiten mit Seitenzahlen
  5 MD-Dateien gefunden
    GA144/1: 16/16 Marker (S.13-28)
    GA144/2: 16/16 Marker (S.29-44)
    GA144/3: 16/16 Marker (S.45-60)
    GA144/4: 21/28 Marker (S.61-88)

  Gesamt: 69 Marker in 4 Dateien
  JSON: 0 Marker
  MD: 0 Marker

============================================================
Verarbeite GA145
============================================================

============================================================
Verarbeite GA145
============================================================
  PDF: Steiner, Rudolf GA 145 1986 - Welche Bedeutung hat die okkulte Entwicklung.pdf
  Extrahiere PDF-Seiten...
  190 Seiten mit Seitenzahlen
  10 Vorträge geladen
    GA145/1: 14 Marker (S.11-24) - ERSTER VORTRAG
    GA145/2: 19 Marker (S.25-43) - ZWEITER VORTRAG
    GA145/3: 18 Marker (S.44-61) - DRITTER VORTRAG
    GA145/4: 19 Marker (S.62-80) - VIERTER VORTRAG
    GA145/5: 18 Marker (S.81-98) - FÜNFTER VORTRAG
    GA145/6: 17 Marker (S.99-115) - SECHSTER VORTRAG
    GA145/7: 19 Marker (S.116-134) - SIEBENTER VORTRAG
    GA145/8: 15 Marker (S.135-150) - ACHTER VORTRAG
    GA145/9: 16 Marker (S.151-166) - NEUNTER VORTRAG
    GA145/10: 18 Marker (S.167-190) - ZEHNTER VORTRAG

  Gesamt: 173 Marker eingefügt
  Gespeichert in: GA145.json
  Archiviert: GA145.json

============================================================
Verarbeite GA145 (MD)
============================================================
  MD-Ordner: GA145-Welche Bedeutung hat die okkulte Entwickelung des Menschen für seine Hüllen (1914)
  PDF: Steiner, Rudolf GA 145 1986 - Welche Bedeutung hat die okkulte Entwicklung.pdf
  Extrahiere PDF-Seiten...
  190 Seiten mit Seitenzahlen
  11 MD-Dateien gefunden
    GA145/1: 14/14 Marker (S.11-24)
    GA145/10: 18/24 Marker (S.167-190)
    GA145/2: 19/19 Marker (S.25-43)
    GA145/3: 18/18 Marker (S.44-61)
    GA145/4: 19/19 Marker (S.62-80)
    GA145/5: 18/18 Marker (S.81-98)
    GA145/6: 17/17 Marker (S.99-115)
    GA145/7: 19/19 Marker (S.116-134)
    GA145/8: 15/16 Marker (S.135-150)
    GA145/9: 16/16 Marker (S.151-166)

  Gesamt: 173 Marker in 10 Dateien
  JSON: 0 Marker
  MD: 0 Marker

============================================================
Verarbeite GA146
============================================================

============================================================
Verarbeite GA146
============================================================
  PDF: Steiner, Rudolf GA 146 1992 - Die okkulten Grundlagen der Bhagavad Gita.pdf
  Extrahiere PDF-Seiten...
  174 Seiten mit Seitenzahlen
  9 Vorträge geladen
    GA146/1: 16 Marker (S.9-24) - ERSTER VORTRAG
    GA146/2: 18 Marker (S.25-42) - ZWEITER VORTRAG
    GA146/3: 16 Marker (S.43-58) - DRITTER VORTRAG
    GA146/4: 19 Marker (S.59-77) - VIERTER VORTRAG
    GA146/5: 15 Marker (S.78-92) - FÜNFTER VORTRAG
    GA146/6: 15 Marker (S.93-107) - SECHSTER VORTRAG
    GA146/7: 16 Marker (S.108-123) - SIEBENTER VORTRAG
    GA146/8: 17 Marker (S.124-140) - ACHTER VORTRAG
    GA146/9: 19 Marker (S.141-174) - NEUNTER VORTRAG

  Gesamt: 151 Marker eingefügt
  Gespeichert in: GA146.json
  Archiviert: GA146.json

============================================================
Verarbeite GA146 (MD)
============================================================
  MD-Ordner: GA146-Die okkulten Grundlagen der Bhagavad Gita (1913)
  PDF: Steiner, Rudolf GA 146 1992 - Die okkulten Grundlagen der Bhagavad Gita.pdf
  Extrahiere PDF-Seiten...
  174 Seiten mit Seitenzahlen
  10 MD-Dateien gefunden
    GA146/1: 16/16 Marker (S.9-24)
    GA146/2: 18/18 Marker (S.25-42)
    GA146/3: 16/16 Marker (S.43-58)
    GA146/4: 19/19 Marker (S.59-77)
    GA146/5: 15/15 Marker (S.78-92)
    GA146/6: 15/15 Marker (S.93-107)
    GA146/7: 16/16 Marker (S.108-123)
    GA146/8: 17/17 Marker (S.124-140)
    GA146/9: 19/34 Marker (S.141-174)

  Gesamt: 151 Marker in 9 Dateien
  JSON: 0 Marker
  MD: 0 Marker

============================================================
Verarbeite GA147
============================================================

============================================================
Verarbeite GA147
============================================================
  PDF: Steiner, Rudolf GA 147 1997 - Die Geheimnisse der Schwelle.pdf
  Extrahiere PDF-Seiten...
  168 Seiten mit Seitenzahlen
  8 Vorträge geladen
    GA147/1: 21 Marker (S.9-30) - ERSTER VORTRAG
    GA147/2: 19 Marker (S.31-49) - ZWEITER VORTRAG
    GA147/3: 17 Marker (S.50-66) - DRITTER VORTRAG
    GA147/4: 17 Marker (S.67-83) - VIERTER VORTRAG
    GA147/5: 17 Marker (S.84-100) - FÜNFTER VORTRAG
    GA147/6: 14 Marker (S.101-114) - SECHSTER VORTRAG
    GA147/7: 16 Marker (S.115-130) - SIEBENTER VORTRAG
    GA147/8: 23 Marker (S.131-168) - ACHTER VORTRAG

  Gesamt: 144 Marker eingefügt
  Gespeichert in: GA147.json
  Archiviert: GA147.json

============================================================
Verarbeite GA147 (MD)
============================================================
  MD-Ordner: GA147-Die Geheimnisse der Schwelle (1913)
  PDF: Steiner, Rudolf GA 147 1997 - Die Geheimnisse der Schwelle.pdf
  Extrahiere PDF-Seiten...
  168 Seiten mit Seitenzahlen
  9 MD-Dateien gefunden
    GA147/1: 21/22 Marker (S.9-30)
    GA147/2: 19/19 Marker (S.31-49)
    GA147/3: 17/17 Marker (S.50-66)
    GA147/4: 17/17 Marker (S.67-83)
    GA147/5: 17/17 Marker (S.84-100)
    GA147/6: 13/14 Marker (S.101-114)
    GA147/7: 16/16 Marker (S.115-130)
    GA147/8: 23/38 Marker (S.131-168)

  Gesamt: 143 Marker in 8 Dateien
  JSON: 0 Marker
  MD: 0 Marker

============================================================
Verarbeite GA148
============================================================

============================================================
Verarbeite GA148
============================================================
  PDF: Steiner, Rudolf GA 148 1992 - Aus der Akasha-Forschung.pdf
  Extrahiere PDF-Seiten...
  349 Seiten mit Seitenzahlen
  19 Vorträge geladen
    GA148/1: 14 Marker (S.9-22) - Erster Vortrag
    GA148/2: 17 Marker (S.23-39) - Zweiter Vortrag
    GA148/3: 16 Marker (S.40-55) - Dritter Vortrag
    GA148/4: 17 Marker (S.56-72) - Vierter Vortrag
    GA148/5: 30 Marker (S.73-102) - Fünfter Vortrag
    GA148/6: 17 Marker (S.103-119) - Erster Vortrag
    GA148/7: 16 Marker (S.120-135) - Zweiter Vortrag
    GA148/8: 19 Marker (S.136-154) - Dritter Vortrag
    GA148/9: 17 Marker (S.155-171) - Vierter Vortrag
    GA148/10: 18 Marker (S.172-189) - Fünfter Vortrag
    GA148/11: 17 Marker (S.190-206) - Sechster Vortrag
    GA148/12: 13 Marker (S.207-219) - DAS FÜNFTE EVANGELIUM
    GA148/13: 18 Marker (S.220-237) - DAS FÜNFTE EVANGELIUM Erster Vortrag
    GA148/14: 5 Marker (S.238-242) - Zweiter Vortrag (Notizen)
    GA148/15: 21 Marker (S.243-263) - Erster Vortrag
    GA148/16: 19 Marker (S.264-282) - Zweiter Vortrag
    GA148/17: 22 Marker (S.283-304) - Erster Vortrag
    GA148/18: 21 Marker (S.305-326) - Zweiter Vortrag
    GA148/19: 4 Marker (S.327-348) - NOTIZBUCHEINTRAGUNG

  Gesamt: 321 Marker eingefügt
  Gespeichert in: GA148.json
  Archiviert: GA148.json

============================================================
Verarbeite GA148 (MD)
============================================================
  MD-Ordner: GA148 Aus der Akasha-Forschung (1913-1914)
  PDF: Steiner, Rudolf GA 148 1992 - Aus der Akasha-Forschung.pdf
  Extrahiere PDF-Seiten...
  349 Seiten mit Seitenzahlen
  20 MD-Dateien gefunden
    GA148/1: 14/14 Marker (S.9-22)
    GA148/10: 18/18 Marker (S.172-189)
    GA148/11: 17/17 Marker (S.190-206)
    GA148/12: 13/13 Marker (S.207-219)
    GA148/13: 18/18 Marker (S.220-237)
    GA148/14: 5/5 Marker (S.238-242)
    GA148/15: 21/21 Marker (S.243-263)
    GA148/16: 19/19 Marker (S.264-282)
    GA148/17: 22/22 Marker (S.283-304)
    GA148/18: 21/22 Marker (S.305-326)
    GA148/19: 4/22 Marker (S.327-348)
    GA148/2: 17/17 Marker (S.23-39)
    GA148/3: 16/16 Marker (S.40-55)
    GA148/4: 17/17 Marker (S.56-72)
    GA148/5: 29/30 Marker (S.73-102)
    GA148/6: 16/17 Marker (S.103-119)
    GA148/7: 16/16 Marker (S.120-135)
    GA148/8: 19/19 Marker (S.136-154)
    GA148/9: 17/17 Marker (S.155-171)

  Gesamt: 319 Marker in 19 Dateien
  JSON: 0 Marker
  MD: 0 Marker

============================================================
Verarbeite GA149
============================================================

============================================================
Verarbeite GA149
============================================================
  PDF: Steiner, Rudolf GA 149 1987 - Christus und die geistige Welt.pdf
  Extrahiere PDF-Seiten...
  124 Seiten mit Seitenzahlen
  6 Vorträge geladen
    GA149/1: 17 Marker (S.9-25) - ERSTER VORTRAG
    GA149/2: 18 Marker (S.26-43) - ZWEITER VORTRAG
    GA149/3: 18 Marker (S.44-61) - DRITTER VORTRAG
    GA149/4: 16 Marker (S.62-77) - VIERTER VORTRAG
    GA149/5: 14 Marker (S.78-92) - FÜNFTER VORTRAG
    GA149/6: 19 Marker (S.93-124) - SECHSTER VORTRAG

  Gesamt: 102 Marker eingefügt
  Gespeichert in: GA149.json
  Archiviert: GA149.json

============================================================
Verarbeite GA149 (MD)
============================================================
  MD-Ordner: GA149-Christus und die geistige Welt Von der Suche nach dem heiligen Gral (1913-1914)
  PDF: Steiner, Rudolf GA 149 1987 - Christus und die geistige Welt.pdf
  Extrahiere PDF-Seiten...
  124 Seiten mit Seitenzahlen
  7 MD-Dateien gefunden
    GA149/1: 17/17 Marker (S.9-25)
    GA149/2: 18/18 Marker (S.26-43)
    GA149/3: 18/18 Marker (S.44-61)
    GA149/4: 16/16 Marker (S.62-77)
    GA149/5: 14/15 Marker (S.78-92)
    GA149/6: 19/32 Marker (S.93-124)

  Gesamt: 102 Marker in 6 Dateien
  JSON: 0 Marker
  MD: 0 Marker

============================================================
Verarbeite GA150
============================================================

============================================================
Verarbeite GA150
============================================================
  PDF: Steiner, Rudolf GA 150 1980 - Die Welt des Geistes und ihr Hereinragen in das physische Dasein.pdf
  Extrahiere PDF-Seiten...
  146 Seiten mit Seitenzahlen
  10 Vorträge geladen
    GA150/1: 19 Marker (S.11-29) - ZWEI STRÖMUNGEN INNERHALB DER FORTLAUFEN
    GA150/2: 6 Marker (S.30-35) - FRÜHLINGSANFANG
    GA150/3: 10 Marker (S.36-45) - SINNESERLEBEN UND ERLEBEN DER WELT DER V
    GA150/4: 12 Marker (S.46-57) - VON DER EINWIRKUNG DER TOTEN IN DIE WELT
    GA150/5: 10 Marker (S.58-67) - DIE UMWANDLUNG DER KRÄFTE DER SEELE IN D
    GA150/6: 11 Marker (S.68-79) - NATUR UND GEIST IM LICHTE GEISTESWISSENS
    GA150/7: 22 Marker (S.80-101) - DIE FREIHEIT DER SEELE IM LICHTE ANTHROP
    GA150/8: 17 Marker (S.102-118) - ERDENWINTER UND SONNEN-GEISTESSIEG
    GA150/9: 14 Marker (S.119-132) - KINDESKRAFT UND EWIGKEITSKRAFT EINE WEIH
    GA150/10: 4 Marker (S.133-146) - LUZIFERISCHES UND AHRIMANISCHES IM HEUTI

  Gesamt: 125 Marker eingefügt
  Gespeichert in: GA150.json
  Archiviert: GA150.json

============================================================
Verarbeite GA150 (MD)
============================================================
  MD-Ordner: GA150-Die Welt des Geistes und ihr Hereinragen in das physische Dasein
  PDF: Steiner, Rudolf GA 150 1980 - Die Welt des Geistes und ihr Hereinragen in das physische Dasein.pdf
  Extrahiere PDF-Seiten...
  146 Seiten mit Seitenzahlen
  11 MD-Dateien gefunden
    GA150/1: 19/19 Marker (S.11-29)
    GA150/10: 4/14 Marker (S.133-146)
    GA150/2: 6/6 Marker (S.30-35)
    GA150/3: 10/10 Marker (S.36-45)
    GA150/4: 12/12 Marker (S.46-57)
    GA150/5: 10/10 Marker (S.58-67)
    GA150/6: 11/12 Marker (S.68-79)
    GA150/7: 22/22 Marker (S.80-101)
    GA150/8: 17/17 Marker (S.102-118)
    GA150/9: 14/14 Marker (S.119-132)

  Gesamt: 125 Marker in 10 Dateien
  JSON: 0 Marker
  MD: 0 Marker

============================================================
ZUSAMMENFASSUNG
============================================================
  Verarbeitet: 50 GAs
  JSON Marker: 0
  MD Marker: 0

  Log gespeichert: pagebreaks_ga101-150_20260108_091039.json
