
############################################################
# Verarbeite GA151 bis GA200
# Log: pagebreaks_ga151-200_20260108_091042.json
############################################################

============================================================
Verarbeite GA151
============================================================

============================================================
Verarbeite GA151
============================================================
  PDF: Steiner, Rudolf GA 151 1990 - Der menschliche und der kosmische Gedanke.pdf
  Extrahiere PDF-Seiten...
  94 Seiten mit Seitenzahlen
  4 Vorträge geladen
    GA151/1: 14 Marker (S.9-25) - ERSTER VORTRAG
    GA151/2: 19 Marker (S.26-46) - ZWEITER VORTRAG
    GA151/3: 18 Marker (S.47-66) - DRITTER VORTRAG
    GA151/4: 18 Marker (S.67-94) - VIERTER VORTRAG

  Gesamt: 69 Marker eingefügt
  Gespeichert in: GA151.json
  Archiviert: GA151.json

============================================================
Verarbeite GA151 (MD)
============================================================
  MD-Ordner: GA151-Der menschliche und der kosmische Gedanke (1914)
  PDF: Steiner, Rudolf GA 151 1990 - Der menschliche und der kosmische Gedanke.pdf
  Extrahiere PDF-Seiten...
  94 Seiten mit Seitenzahlen
  5 MD-Dateien gefunden
    GA151/1: 14/17 Marker (S.9-25)
    GA151/2: 19/21 Marker (S.26-46)
    GA151/3: 18/20 Marker (S.47-66)
    GA151/4: 18/28 Marker (S.67-94)

  Gesamt: 69 Marker in 4 Dateien
  JSON: 0 Marker
  MD: 0 Marker

============================================================
Verarbeite GA152
============================================================

============================================================
Verarbeite GA152
============================================================
  PDF: Steiner, Rudolf GA 152 1990 - Vorstufen zum Mysterium von Golgatha.pdf
  Extrahiere PDF-Seiten...
  176 Seiten mit Seitenzahlen
  10 Vorträge geladen
    GA152/1: 22 Marker (S.11-32) - OKKULTE WISSENSCHAFT UND OKKULTE ENTWICK
    GA152/2: 17 Marker (S.33-49) - CHRISTUS ZUR ZEIT DES MYSTERIUMS VON GOL
    GA152/3: 14 Marker (S.50-63) - DER MICHAEL-IMPULS UND DAS MYSTERIUM VON
    GA152/4: 13 Marker (S.64-76) - DER MICHAEL-IMPULS UND DAS MYSTERIUM VON
    GA152/5: 16 Marker (S.77-92) - DER WEG DES CHRISTUS DURCH DIE JAHRHUNDE
    GA152/6: 8 Marker (S.93-100) - DIE DREI GEISTIGEN VORSTUFEN DES MYSTERI
    GA152/7: 19 Marker (S.101-119) - DER CHRISTUS-IMPULS IM ZEITEN WESEN UND 
    GA152/8: 14 Marker (S.120-133) - DER CHRISTUS-GEIST UND SEINE BEZIEHUNGEN
    GA152/9: 17 Marker (S.134-150) - DER FORTSCHRITT IN DER ERKENNTNIS DES CH
    GA152/10: 17 Marker (S.151-176) - DIE VIER CHRISTUS-OPFER DIE DREI VORSTUF

  Gesamt: 157 Marker eingefügt
  Gespeichert in: GA152.json
  Archiviert: GA152.json

============================================================
Verarbeite GA152 (MD)
============================================================
  MD-Ordner: GA152-Vorstufen zum Mysterium von Golgatha (1913-1914)
  PDF: Steiner, Rudolf GA 152 1990 - Vorstufen zum Mysterium von Golgatha.pdf
  Extrahiere PDF-Seiten...
  176 Seiten mit Seitenzahlen
  11 MD-Dateien gefunden
    GA152/1: 22/22 Marker (S.11-32)
    GA152/10: 17/26 Marker (S.151-176)
    GA152/2: 17/17 Marker (S.33-49)
    GA152/3: 14/14 Marker (S.50-63)
    GA152/4: 13/13 Marker (S.64-76)
    GA152/5: 16/16 Marker (S.77-92)
    GA152/6: 8/8 Marker (S.93-100)
    GA152/7: 19/19 Marker (S.101-119)
    GA152/8: 14/14 Marker (S.120-133)
    GA152/9: 17/17 Marker (S.134-150)

  Gesamt: 157 Marker in 10 Dateien
  JSON: 0 Marker
  MD: 0 Marker

============================================================
Verarbeite GA153
============================================================

============================================================
Verarbeite GA153
============================================================
  PDF: Steiner, Rudolf GA 153 1997 - Inneres Wesen des Menschen und Leben zwischen Tod und neuer Geburt.pdf
  Extrahiere PDF-Seiten...
  195 Seiten mit Seitenzahlen
  9 Vorträge geladen
    GA153/1: 31 Marker (S.9-39) - ÖFFENTLICHER VORTRAG
    GA153/2: 31 Marker (S.40-72) - ÖFFENTLICHER VORTRAG
    GA153/3: 17 Marker (S.73-90) - ERSTER VORTRAG
    GA153/4: 15 Marker (S.91-105) - ZWEITER VORTRAG
    GA153/5: 18 Marker (S.106-123) - DRITTER VORTRAG
    GA153/6: 20 Marker (S.124-143) - VIERTER VORTRAG
    GA153/7: 19 Marker (S.144-162) - FÜNFTER VORTRAG
    GA153/8: 18 Marker (S.163-180) - SECHSTER VORTRAG
    GA153/9: 3 Marker (S.181-196) - ÜBER DEN JOHANNESBAU IN DORNACH

  Gesamt: 172 Marker eingefügt
  Gespeichert in: GA153.json
  Archiviert: GA153.json

============================================================
Verarbeite GA153 (MD)
============================================================
  MD-Ordner: GA153 Inneres Wesen des Menschen und Leben zwischen Tod und neuer Geburt (1914)
  PDF: Steiner, Rudolf GA 153 1997 - Inneres Wesen des Menschen und Leben zwischen Tod und neuer Geburt.pdf
  Extrahiere PDF-Seiten...
  195 Seiten mit Seitenzahlen
  10 MD-Dateien gefunden
    GA153/1: 31/31 Marker (S.9-39)
    GA153/2: 31/33 Marker (S.40-72)
    GA153/3: 17/18 Marker (S.73-90)
    GA153/4: 15/15 Marker (S.91-105)
    GA153/5: 18/18 Marker (S.106-123)
    GA153/6: 20/20 Marker (S.124-143)
    GA153/7: 19/19 Marker (S.144-162)
    GA153/8: 18/18 Marker (S.163-180)
    GA153/9: 3/16 Marker (S.181-196)

  Gesamt: 172 Marker in 9 Dateien
  JSON: 0 Marker
  MD: 0 Marker

============================================================
Verarbeite GA154
============================================================

============================================================
Verarbeite GA154
============================================================
  PDF: Steiner, Rudolf GA 154 1985 - Wie erwirbt man sich Verständnis für die geistige Welt.pdf
  Extrahiere PDF-Seiten...
  144 Seiten mit Seitenzahlen
  7 Vorträge geladen
    GA154/1: 19 Marker (S.9-27) - WIE ERWIRBT MAN SICH VERSTÄNDNIS FÜR DIE
    GA154/2: 14 Marker (S.28-41) - Robert HAMERLING
    GA154/3: 22 Marker (S.42-63) - DIE ERWECKUNG SPIRITUELLER GEDANKEN ALS 
    GA154/4: 18 Marker (S.64-81) - WIE ERWIRBT MAN SICH VERSTÄNDNIS FÜR DIE
    GA154/5: 23 Marker (S.82-104) - DAS HEREINWIRKEN DER GEISTIGEN WELT IN U
    GA154/6: 21 Marker (S.105-125) - DIE GEISTESWISSENSCHAFT ALS ZUSAMMENFASS
    GA154/7: 9 Marker (S.126-144) - GLAUBEN UND WISSEN JOHANNIFEST UND OSTER

  Gesamt: 126 Marker eingefügt
  Gespeichert in: GA154.json
  Archiviert: GA154.json

============================================================
Verarbeite GA154 (MD)
============================================================
  MD-Ordner: GA154-Wie erwirbt man sich Verständnis für die geistige Welt (1914)
  PDF: Steiner, Rudolf GA 154 1985 - Wie erwirbt man sich Verständnis für die geistige Welt.pdf
  Extrahiere PDF-Seiten...
  144 Seiten mit Seitenzahlen
  8 MD-Dateien gefunden
    GA154/1: 19/19 Marker (S.9-27)
    GA154/2: 14/14 Marker (S.28-41)
    GA154/3: 22/22 Marker (S.42-63)
    GA154/4: 18/18 Marker (S.64-81)
    GA154/5: 23/23 Marker (S.82-104)
    GA154/6: 21/21 Marker (S.105-125)
    GA154/7: 9/19 Marker (S.126-144)

  Gesamt: 126 Marker in 7 Dateien
  JSON: 0 Marker
  MD: 0 Marker

============================================================
Verarbeite GA155
============================================================

============================================================
Verarbeite GA155
============================================================
  PDF: Steiner, Rudolf GA 155 1994 - Christus und die menschliche Seele.pdf
  Extrahiere PDF-Seiten...
  254 Seiten mit Seitenzahlen
  10 Vorträge geladen
    GA155/1: 24 Marker (S.11-34) - ERSTER VORTRAG
    GA155/2: 28 Marker (S.35-64) - ZWEITER VORTRAG
    GA155/3: 20 Marker (S.65-84) - THEOSOPHISCHE MORAL
    GA155/4: 22 Marker (S.85-106) - ZWEITER VORTRAG
    GA155/5: 29 Marker (S.107-140) - DRITTER VORTRAG
    GA155/6: 20 Marker (S.141-160) - CHRISTUS UND DIE MENSCHLICHE SEELE. ERST
    GA155/7: 15 Marker (S.161-175) - ZWEITER VORTRAG
    GA155/8: 19 Marker (S.176-194) - DRITTER VORTRAG
    GA155/9: 18 Marker (S.195-214) - VIERTER VORTRAG
    GA155/10: 27 Marker (S.215-254) - ANTHROPOSOPHIE UND CHRISTENTUM

  Gesamt: 222 Marker eingefügt
  Gespeichert in: GA155.json
  Archiviert: GA155.json

============================================================
Verarbeite GA155 (MD)
============================================================
  MD-Ordner: GA155 Christus und die menschliche Seele (1912, 1914)
  PDF: Steiner, Rudolf GA 155 1994 - Christus und die menschliche Seele.pdf
  Extrahiere PDF-Seiten...
  254 Seiten mit Seitenzahlen
  11 MD-Dateien gefunden
    GA155/1: 24/24 Marker (S.11-34)
    GA155/10: 27/40 Marker (S.215-254)
    GA155/2: 27/30 Marker (S.35-64)
    GA155/3: 20/20 Marker (S.65-84)
    GA155/4: 22/22 Marker (S.85-106)
    GA155/5: 29/34 Marker (S.107-140)
    GA155/6: 20/20 Marker (S.141-160)
    GA155/7: 15/15 Marker (S.161-175)
    GA155/8: 19/19 Marker (S.176-194)
    GA155/9: 18/20 Marker (S.195-214)

  Gesamt: 221 Marker in 10 Dateien
  JSON: 0 Marker
  MD: 0 Marker

============================================================
Verarbeite GA156
============================================================

============================================================
Verarbeite GA156
============================================================
  PDF: Steiner, Rudolf GA 156 2003 - Okkultes Lesen und okkultes Hören.pdf
  Extrahiere PDF-Seiten...
  230 Seiten mit Seitenzahlen
  10 Vorträge geladen
    GA156/1: 15 Marker (S.13-30) - ERSTER VORTRAG
    GA156/2: 13 Marker (S.31-47) - ZWEITER VORTRAG
    GA156/3: 16 Marker (S.48-65) - DRITTER VORTRAG
    GA156/4: 17 Marker (S.66-112) - VIERTER VORTRAG
    GA156/5: 18 Marker (S.113-130) - FÜNFTER VORTRAG
    GA156/6: 19 Marker (S.131-149) - SECHSTER VORTRAG
    GA156/7: 16 Marker (S.150-168) - SIEBENTER VORTRAG
    GA156/8: 14 Marker (S.169-186) - ACHTER VORTRAG
    GA156/9: 14 Marker (S.187-204) - NEUNTER VORTRAG
    GA156/10: 13 Marker (S.205-230) - ZEHNTER VORTRAG

  Gesamt: 155 Marker eingefügt
  Gespeichert in: GA156.json
  Archiviert: GA156.json

============================================================
Verarbeite GA156 (MD)
============================================================
  MD-Ordner: GA156-Okkultes Lesen und okkultes Hören (1914)
  PDF: Steiner, Rudolf GA 156 2003 - Okkultes Lesen und okkultes Hören.pdf
  Extrahiere PDF-Seiten...
  230 Seiten mit Seitenzahlen
  11 MD-Dateien gefunden
    GA156/1: 15/18 Marker (S.13-30)
    GA156/10: 12/26 Marker (S.205-230)
    GA156/2: 12/17 Marker (S.31-47)
    GA156/3: 16/18 Marker (S.48-65)
    GA156/4: 17/47 Marker (S.66-112)
    GA156/5: 18/18 Marker (S.113-130)
    GA156/6: 19/19 Marker (S.131-149)
    GA156/7: 16/19 Marker (S.150-168)
    GA156/8: 14/18 Marker (S.169-186)
    GA156/9: 14/18 Marker (S.187-204)

  Gesamt: 153 Marker in 10 Dateien
  JSON: 0 Marker
  MD: 0 Marker

============================================================
Verarbeite GA157
============================================================

============================================================
Verarbeite GA157
============================================================
  PDF: Steiner, Rudolf GA 157 1981 - Menschenschicksale und Völkerschicksale.pdf
  Extrahiere PDF-Seiten...
  320 Seiten mit Seitenzahlen
  15 Vorträge geladen
    GA157/1: 1 Marker (S.1-14) - Menschenschicksale und Völkerschicksale
    GA157/2: 11 Marker (S.15-26) - ERSTER VORTRAG
    GA157/3: 24 Marker (S.27-51) - ZWEITER VORTRAG
    GA157/4: 21 Marker (S.52-72) - DRITTER VORTRAG
    GA157/5: 21 Marker (S.73-93) - VIERTER VORTRAG
    GA157/6: 25 Marker (S.94-320) - FÜNFTER VORTRAG
    GA157/7: 26 Marker (S.1-141) - SECHSTER VORTRAG
    GA157/8: 25 Marker (S.142-166) - SIEBENTER VORTRAG
    GA157/9: 24 Marker (S.167-191) - ACHTER VORTRAG
    GA157/10: 22 Marker (S.192-213) - NEUNTER VORTRAG
    GA157/11: 19 Marker (S.214-232) - ZEHNTER VORTRAG
    GA157/12: 16 Marker (S.233-248) - ELFTER VORTRAG
    GA157/13: 18 Marker (S.249-266) - ZWÖLFTER VORTRAG
    GA157/14: 25 Marker (S.267-291) - DREIZEHNTER VORTRAG
    GA157/15: 15 Marker (S.292-320) - VIERZEHNTER VORTRAG

  Gesamt: 293 Marker eingefügt
  Gespeichert in: GA157.json
  Archiviert: GA157.json

============================================================
Verarbeite GA157 (MD)
============================================================
  MD-Ordner: GA157-Menschenschicksale und Völkerschicksale (1915)
  PDF: Steiner, Rudolf GA 157 1981 - Menschenschicksale und Völkerschicksale.pdf
  Extrahiere PDF-Seiten...
  320 Seiten mit Seitenzahlen
  16 MD-Dateien gefunden
    GA157/1: 1/14 Marker (S.1-14)
    GA157/10: 22/22 Marker (S.192-213)
    GA157/11: 18/19 Marker (S.214-232)
    GA157/12: 15/16 Marker (S.233-248)
    GA157/13: 18/18 Marker (S.249-266)
    GA157/14: 25/25 Marker (S.267-291)
    GA157/15: 15/29 Marker (S.292-320)
    GA157/2: 11/12 Marker (S.15-26)
    GA157/3: 24/25 Marker (S.27-51)
    GA157/4: 21/21 Marker (S.52-72)
    GA157/5: 21/21 Marker (S.73-93)
    GA157/6: 25/227 Marker (S.94-320)
    GA157/7: 26/141 Marker (S.1-141)
    GA157/8: 24/25 Marker (S.142-166)
    GA157/9: 24/25 Marker (S.167-191)

  Gesamt: 290 Marker in 15 Dateien
  JSON: 0 Marker
  MD: 0 Marker

============================================================
Verarbeite GA158
============================================================

============================================================
Verarbeite GA158
============================================================
  PDF: Steiner, Rudolf GA 158 1993 - Der Zusammenhang des Menschen mit der elementarischen Welt.pdf
  Extrahiere PDF-Seiten...
  262 Seiten mit Seitenzahlen
  12 Vorträge geladen
    GA158/1: 29 Marker (S.11-39) - DAS WESEN NATIONALER EPEN MIT SPEZIELLEM
    GA158/2: 18 Marker (S.40-58) - ERSTER VORTRAG
    GA158/3: 16 Marker (S.59-74) - ZWEITER VORTRAG
    GA158/4: 20 Marker (S.75-96) - DRITTER VORTRAG
    GA158/5: 16 Marker (S.97-112) - VIERTER VORTRAG
    GA158/6: 18 Marker (S.113-130) - FÜNFTER VORTRAG
    GA158/7: 16 Marker (S.131-150) - SECHSTER VORTRAG
    GA158/8: 14 Marker (S.151-164) - SIEBENTER VORTRAG
    GA158/9: 5 Marker (S.165-170) - ACHTER VORTRAG
    GA158/10: 15 Marker (S.171-186) - NEUNTER VORTRAG
    GA158/11: 3 Marker (S.187-264) - ANSPRACHE zu einer Vorlesung des Traumli
    GA158/12: 28 Marker (S.1-264) - DAS RUSSISCHE VOLKSTUM

  Gesamt: 198 Marker eingefügt
  Gespeichert in: GA158.json
  Archiviert: GA158.json

============================================================
Verarbeite GA158 (MD)
============================================================
  MD-Ordner: GA158-Der Zusammenhang des Menschen mit der elementarischen Welt 1
  PDF: Steiner, Rudolf GA 158 1993 - Der Zusammenhang des Menschen mit der elementarischen Welt.pdf
  Extrahiere PDF-Seiten...
  262 Seiten mit Seitenzahlen
  13 MD-Dateien gefunden
    GA158/1: 29/29 Marker (S.11-39)
    GA158/10: 15/16 Marker (S.171-186)
    GA158/11: 3/78 Marker (S.187-264)
    GA158/12: 28/264 Marker (S.1-264)
    GA158/2: 18/19 Marker (S.40-58)
    GA158/3: 16/16 Marker (S.59-74)
    GA158/4: 20/22 Marker (S.75-96)
    GA158/5: 16/16 Marker (S.97-112)
    GA158/6: 18/18 Marker (S.113-130)
    GA158/7: 15/20 Marker (S.131-150)
    GA158/8: 12/14 Marker (S.151-164)
    GA158/9: 5/6 Marker (S.165-170)

  Gesamt: 195 Marker in 12 Dateien
  JSON: 0 Marker
  MD: 0 Marker

============================================================
Verarbeite GA159
============================================================

============================================================
Verarbeite GA159
============================================================
  PDF: Steiner, Rudolf GA 159 1980 - Das Geheimnis des Todes.pdf
  Extrahiere PDF-Seiten...
  389 Seiten mit Seitenzahlen
  15 Vorträge geladen
    GA159/1: 20 Marker (S.9-30) - DIE VIER PLATONISCHEN TUGENDEN UND IHR Z
    GA159/2: 26 Marker (S.31-56) - DER DURCHGANG DES MENSCHEN DURCH DIE TOD
    GA159/3: 11 Marker (S.57-67) - DIE GEISTESWISSENSCHAFT UND DIE RÄTSEL D
    GA159/4: 31 Marker (S.68-98) - DAS INTIME ELEMENT DER MITTELEUROPÄISCHE
    GA159/5: 28 Marker (S.99-127) - DAS EINGREIFEN DES CHRISTUS-IMPULSES IN 
    GA159/6: 25 Marker (S.128-152) - MORALISCHE IMPULSE UND IHRE ERGEBNISSE D
    GA159/7: 24 Marker (S.153-176) - KOSMISCHE EINWIRKUNGEN AUF DIE MENSCHLIC
    GA159/8: 26 Marker (S.177-202) - DER KRIEG
    GA159/9: 29 Marker (S.203-232) - DIE BEZIEHUNG DES MENSCHEN ZU DEN NATURR
    GA159/10: 15 Marker (S.233-247) - DIE BEDEUTUNG DES HINEINGESTELLTSEINS MI
    GA159/11: 28 Marker (S.248-276) - CHRISTUS IM VERHÄLTNIS ZU LUZIFER UND AH
    GA159/12: 22 Marker (S.277-298) - GEISTESWISSENSCHAFT ALS GESINNUNG DER ÄT
    GA159/13: 21 Marker (S.299-319) - GEMEINSAMKEIT ÜBER UNS CHRISTUS IN UNS
    GA159/14: 23 Marker (S.320-345) - ERFAHRUNGEN DES MENSCHEN NACH DEM DURCHG
    GA159/15: 27 Marker (S.346-388) - DIE ERKENNTNISGEMÄSSE ÜBERWINDUNG DES TO

  Gesamt: 356 Marker eingefügt
  Gespeichert in: GA159.json
  Archiviert: GA159.json

============================================================
Verarbeite GA159 (MD)
============================================================
  MD-Ordner: GA159-Das Geheimnis des Todes. Wesen und Bedeutung Mitteleuropas und die europäischen Volksgeister
  PDF: Steiner, Rudolf GA 159 1980 - Das Geheimnis des Todes.pdf
  Extrahiere PDF-Seiten...
  389 Seiten mit Seitenzahlen
  16 MD-Dateien gefunden
    GA159/1: 20/22 Marker (S.9-30)
    GA159/10: 15/15 Marker (S.233-247)
    GA159/11: 28/29 Marker (S.248-276)
    GA159/12: 22/22 Marker (S.277-298)
    GA159/13: 21/21 Marker (S.299-319)
    GA159/14: 23/26 Marker (S.320-345)
    GA159/15: 27/43 Marker (S.346-388)
    GA159/2: 26/26 Marker (S.31-56)
    GA159/3: 10/11 Marker (S.57-67)
    GA159/4: 29/31 Marker (S.68-98)
    GA159/5: 28/29 Marker (S.99-127)
    GA159/6: 25/25 Marker (S.128-152)
    GA159/7: 24/24 Marker (S.153-176)
    GA159/8: 26/26 Marker (S.177-202)
    GA159/9: 29/30 Marker (S.203-232)

  Gesamt: 353 Marker in 15 Dateien
  JSON: 0 Marker
  MD: 0 Marker

============================================================
Verarbeite GA160
============================================================

============================================================
Verarbeite GA160
============================================================
  FEHLER: Keine PDF gefunden

============================================================
Verarbeite GA160 (MD)
============================================================
  FEHLER: Kein MD-Ordner gefunden
  JSON: 0 Marker
  MD: 0 Marker

============================================================
Verarbeite GA161
============================================================

============================================================
Verarbeite GA161
============================================================
  PDF: Steiner, Rudolf GA 161 1999 - Wege der geistigen Erkenntnis und der Erneuerung künstlerischer Weltanschauung.pdf
  Extrahiere PDF-Seiten...
  296 Seiten mit Seitenzahlen
  13 Vorträge geladen
    GA161/1: 16 Marker (S.11-26) - ERSTER VORTRAG
    GA161/2: 20 Marker (S.27-47) - ZWEITER VORTRAG
    GA161/3: 17 Marker (S.48-64) - DRITTER VORTRAG
    GA161/4: 17 Marker (S.65-82) - VIERTER VORTRAG
    GA161/5: 19 Marker (S.83-102) - FÜNFTER VORTRAG
    GA161/6: 20 Marker (S.103-122) - SECHSTER VORTRAG
    GA161/7: 30 Marker (S.123-152) - SIEBENTER VORTRAG
    GA161/8: 18 Marker (S.153-172) - ACHTER VORTRAG
    GA161/9: 26 Marker (S.173-198) - NEUNTER VORTRAG
    GA161/10: 17 Marker (S.199-215) - ZEHNTER VORTRAG
    GA161/11: 17 Marker (S.216-232) - ELFTER VORTRAG
    GA161/12: 19 Marker (S.233-251) - ZWÖLFTER VORTRAG
    GA161/13: 27 Marker (S.252-296) - DREIZEHNTER VORTRAG

  Gesamt: 263 Marker eingefügt
  Gespeichert in: GA161.json
  Archiviert: GA161.json

============================================================
Verarbeite GA161 (MD)
============================================================
  MD-Ordner: GA161-Wege der geistigen Erkenntnis und der Erneuerung künstlerischer Weltanschauung
  PDF: Steiner, Rudolf GA 161 1999 - Wege der geistigen Erkenntnis und der Erneuerung künstlerischer Weltanschauung.pdf
  Extrahiere PDF-Seiten...
  296 Seiten mit Seitenzahlen
  14 MD-Dateien gefunden
    GA161/1: 16/16 Marker (S.11-26)
    GA161/10: 16/17 Marker (S.199-215)
    GA161/11: 17/17 Marker (S.216-232)
    GA161/12: 19/19 Marker (S.233-251)
    GA161/13: 27/45 Marker (S.252-296)
    GA161/2: 20/21 Marker (S.27-47)
    GA161/3: 16/17 Marker (S.48-64)
    GA161/4: 17/18 Marker (S.65-82)
    GA161/5: 19/20 Marker (S.83-102)
    GA161/6: 20/20 Marker (S.103-122)
    GA161/7: 29/30 Marker (S.123-152)
    GA161/8: 18/20 Marker (S.153-172)
    GA161/9: 24/26 Marker (S.173-198)

  Gesamt: 258 Marker in 13 Dateien
  JSON: 0 Marker
  MD: 0 Marker

============================================================
Verarbeite GA162
============================================================

============================================================
Verarbeite GA162
============================================================
  PDF: Steiner, Rudolf GA 162 2000 - Kunst- und Lebensfragen im Lichte der Geisteswissenschaft.pdf
  Extrahiere PDF-Seiten...
  300 Seiten mit Seitenzahlen
  14 Vorträge geladen
    GA162/1: 18 Marker (S.11-28) - ERSTER VORTRAG
    GA162/2: 20 Marker (S.29-48) - ZWEITER VORTRAG
    GA162/3: 21 Marker (S.49-69) - DRITTER VORTRAG
    GA162/4: 24 Marker (S.70-93) - VIERTER VORTRAG
    GA162/5: 18 Marker (S.94-111) - FÜNFTER VORTRAG
    GA162/6: 21 Marker (S.112-132) - SECHSTER VORTRAG
    GA162/7: 20 Marker (S.133-153) - SIEBENTER VORTRAG
    GA162/8: 18 Marker (S.154-171) - ACHTER VORTRAG
    GA162/9: 18 Marker (S.172-189) - NEUNTER VORTRAG
    GA162/10: 23 Marker (S.190-213) - ZEHNTER VORTRAG
    GA162/11: 25 Marker (S.214-239) - ELFTER VORTRAG
    GA162/12: 23 Marker (S.240-262) - ZWÖLFTER VORTRAG
    GA162/13: 16 Marker (S.263-282) - DREIZEHNTER VORTRAG
    GA162/14: 1 Marker (S.283-300) - Schlußworte nach dem Vortrag vom 1. Augu

  Gesamt: 266 Marker eingefügt
  Gespeichert in: GA162.json
  Archiviert: GA162.json

============================================================
Verarbeite GA162 (MD)
============================================================
  MD-Ordner: GA162-Kunst und Lebensfragen im Lichte der Geisteswissenschaft
  PDF: Steiner, Rudolf GA 162 2000 - Kunst- und Lebensfragen im Lichte der Geisteswissenschaft.pdf
  Extrahiere PDF-Seiten...
  300 Seiten mit Seitenzahlen
  15 MD-Dateien gefunden
    GA162/1: 18/18 Marker (S.11-28)
    GA162/10: 23/24 Marker (S.190-213)
    GA162/11: 25/26 Marker (S.214-239)
    GA162/12: 23/23 Marker (S.240-262)
    GA162/13: 16/20 Marker (S.263-282)
    GA162/14: 1/18 Marker (S.283-300)
    GA162/2: 20/20 Marker (S.29-48)
    GA162/3: 21/21 Marker (S.49-69)
    GA162/4: 24/24 Marker (S.70-93)
    GA162/5: 18/18 Marker (S.94-111)
    GA162/6: 21/21 Marker (S.112-132)
    GA162/7: 20/21 Marker (S.133-153)
    GA162/8: 18/18 Marker (S.154-171)
    GA162/9: 18/18 Marker (S.172-189)

  Gesamt: 266 Marker in 14 Dateien
  JSON: 0 Marker
  MD: 0 Marker

============================================================
Verarbeite GA163
============================================================

============================================================
Verarbeite GA163
============================================================
  PDF: Steiner, Rudolf GA 163 1986 - Zufall, Notwendigkeit und Vorsehung.pdf
  Extrahiere PDF-Seiten...
  156 Seiten mit Seitenzahlen
  8 Vorträge geladen
    GA163/1: 16 Marker (S.11-26) - ERSTER VORTRAG
    GA163/2: 18 Marker (S.27-44) - ZWEITER VORTRAG
    GA163/3: 15 Marker (S.45-60) - DRITTER VORTRAG
    GA163/4: 11 Marker (S.61-71) - VIERTER VORTRAG
    GA163/5: 19 Marker (S.72-90) - FÜNFTER VORTRAG
    GA163/6: 16 Marker (S.91-106) - SECHSTER VORTRAG
    GA163/7: 15 Marker (S.107-121) - SIEBENTER VORTRAG
    GA163/8: 21 Marker (S.122-156) - ACHTER VORTRAG

  Gesamt: 131 Marker eingefügt
  Gespeichert in: GA163.json
  Archiviert: GA163.json

============================================================
Verarbeite GA163 (MD)
============================================================
  MD-Ordner: GA163-Zufall  Notwendigkeit und Vorsehung. Imaginative Erkenntnis und Vorgänge nach dem Tode
  PDF: Steiner, Rudolf GA 163 1986 - Zufall, Notwendigkeit und Vorsehung.pdf
  Extrahiere PDF-Seiten...
  156 Seiten mit Seitenzahlen
  9 MD-Dateien gefunden
    GA163/1: 16/16 Marker (S.11-26)
    GA163/2: 18/18 Marker (S.27-44)
    GA163/3: 15/16 Marker (S.45-60)
    GA163/4: 11/11 Marker (S.61-71)
    GA163/5: 19/19 Marker (S.72-90)
    GA163/6: 16/16 Marker (S.91-106)
    GA163/7: 15/15 Marker (S.107-121)
    GA163/8: 21/35 Marker (S.122-156)

  Gesamt: 131 Marker in 8 Dateien
  JSON: 0 Marker
  MD: 0 Marker

============================================================
Verarbeite GA164
============================================================

============================================================
Verarbeite GA164
============================================================
  PDF: Steiner, Rudolf GA 164 1984 - Der Wert des Denkens für eine den Menschen befriedigende Erkenntnis.pdf
  Extrahiere PDF-Seiten...
  287 Seiten mit Seitenzahlen
  11 Vorträge geladen
    GA164/1: 18 Marker (S.13-30) - DER WERT DES DENKENS FÜR EINE DEN MENSCH
    GA164/2: 20 Marker (S.31-50) - ZWEITER VORTRAG
    GA164/3: 17 Marker (S.51-67) - DRITTER VORTRAG
    GA164/4: 17 Marker (S.68-88) - VIERTER VORTRAG
    GA164/5: 27 Marker (S.89-115) - ERSTER VORTRAG
    GA164/6: 29 Marker (S.116-144) - ZWEITER VORTRAG
    GA164/7: 35 Marker (S.145-179) - DRITTER VORTRAG
    GA164/8: 20 Marker (S.180-199) - VIERTER VORTRAG
    GA164/9: 30 Marker (S.200-229) - FÜNFTER VORTRAG
    GA164/10: 19 Marker (S.230-250) - SECHSTER VORTRAG
    GA164/11: 17 Marker (S.251-286) - EPISODISCHE BETRACHTUNG ÜBER RAUM

  Gesamt: 249 Marker eingefügt
  Gespeichert in: GA164.json
  Archiviert: GA164.json

============================================================
Verarbeite GA164 (MD)
============================================================
  MD-Ordner: GA164-Der Wert des Denkens für eine den Menschen befriedigende Erkenntnis
  PDF: Steiner, Rudolf GA 164 1984 - Der Wert des Denkens für eine den Menschen befriedigende Erkenntnis.pdf
  Extrahiere PDF-Seiten...
  287 Seiten mit Seitenzahlen
  12 MD-Dateien gefunden
    GA164/1: 18/18 Marker (S.13-30)
    GA164/10: 19/21 Marker (S.230-250)
    GA164/11: 17/36 Marker (S.251-286)
    GA164/2: 20/20 Marker (S.31-50)
    GA164/3: 17/17 Marker (S.51-67)
    GA164/4: 17/21 Marker (S.68-88)
    GA164/5: 27/27 Marker (S.89-115)
    GA164/6: 26/29 Marker (S.116-144)
    GA164/7: 35/35 Marker (S.145-179)
    GA164/8: 20/20 Marker (S.180-199)
    GA164/9: 30/30 Marker (S.200-229)

  Gesamt: 246 Marker in 11 Dateien
  JSON: 0 Marker
  MD: 0 Marker

============================================================
Verarbeite GA165
============================================================

============================================================
Verarbeite GA165
============================================================
  PDF: Steiner, Rudolf GA 165 1981 - Die geistige Vereinigung der Menschheit durch den Christus-Impuls.pdf
  Extrahiere PDF-Seiten...
  239 Seiten mit Seitenzahlen
  13 Vorträge geladen
    GA165/1: 24 Marker (S.9-32) - DER WEIHNACHTSGEDANKE UND DAS GEHEIMNIS 
    GA165/2: 10 Marker (S.33-42) - ÜBER ALTE WEIHNACHTSSPIELE UND EINE VERK
    GA165/3: 17 Marker (S.43-59) - ÜBER ALTE WEIHNACHTSSPIELE UND EINE VERK
    GA165/4: 21 Marker (S.60-80) - ÜBER ALTE WEIHNACHTSSPIELE
    GA165/5: 9 Marker (S.81-89) - DER BAUM DER ERKENNTNIS UND DER WEIHNACH
    GA165/6: 10 Marker (S.90-99) - NEUJAHRSBETRACHTUNGEN
    GA165/7: 17 Marker (S.100-116) - NEUJAHRSBETRACHTUNGEN
    GA165/8: 14 Marker (S.117-130) - NEUJAHRSBETRACHTUNGEN
    GA165/9: 12 Marker (S.131-143) - WANDLUNGEN DES MENSCHLICHEN EMPFINDUNGS-
    GA165/10: 20 Marker (S.144-163) - WANDLUNGEN DES MENSCHLICHEN EMPFINDUNGS-
    GA165/11: 23 Marker (S.164-186) - DIE GEISTIGE VEREINIGUNG DER MENSCHHEIT 
    GA165/12: 13 Marker (S.187-199) - DIE BEGRIFFSWELT UND IHR VERHALTNIS ZUR 
    GA165/13: 28 Marker (S.200-240) - DIE BEGRIFFSWELT UND IHR VERHÄLTNIS ZUR 

  Gesamt: 218 Marker eingefügt
  Gespeichert in: GA165.json
  Archiviert: GA165.json

============================================================
Verarbeite GA165 (MD)
============================================================
  MD-Ordner: GA165-Die geistige Vereinigung der Menschheit durch den Christus-Impuls
  PDF: Steiner, Rudolf GA 165 1981 - Die geistige Vereinigung der Menschheit durch den Christus-Impuls.pdf
  Extrahiere PDF-Seiten...
  239 Seiten mit Seitenzahlen
  14 MD-Dateien gefunden
    GA165/1: 24/24 Marker (S.9-32)
    GA165/10: 20/20 Marker (S.144-163)
    GA165/11: 23/23 Marker (S.164-186)
    GA165/12: 13/13 Marker (S.187-199)
    GA165/13: 27/41 Marker (S.200-240)
    GA165/2: 10/10 Marker (S.33-42)
    GA165/3: 17/17 Marker (S.43-59)
    GA165/4: 21/21 Marker (S.60-80)
    GA165/5: 9/9 Marker (S.81-89)
    GA165/6: 10/10 Marker (S.90-99)
    GA165/7: 17/17 Marker (S.100-116)
    GA165/8: 14/14 Marker (S.117-130)
    GA165/9: 12/13 Marker (S.131-143)

  Gesamt: 217 Marker in 13 Dateien
  JSON: 0 Marker
  MD: 0 Marker

============================================================
Verarbeite GA166
============================================================

============================================================
Verarbeite GA166
============================================================
  PDF: Steiner, Rudolf GA 166 1982 - Notwendigkeit und Freiheit im Weltengeschehen und im menschlichen Handeln.pdf
  Extrahiere PDF-Seiten...
  142 Seiten mit Seitenzahlen
  5 Vorträge geladen
    GA166/1: 24 Marker (S.11-34) - ERSTER VORTRAG
    GA166/2: 25 Marker (S.35-59) - ZWEITER VORTRAG
    GA166/3: 21 Marker (S.60-81) - DRITTER VORTRAG
    GA166/4: 23 Marker (S.82-104) - VIERTER VORTRAG
    GA166/5: 30 Marker (S.105-142) - FÜNFTER VORTRAG

  Gesamt: 123 Marker eingefügt
  Gespeichert in: GA166.json
  Archiviert: GA166.json

============================================================
Verarbeite GA166 (MD)
============================================================
  MD-Ordner: GA166-Notwendigkeit und Freiheit im Weltengeschehen und im menschlichen Handeln
  PDF: Steiner, Rudolf GA 166 1982 - Notwendigkeit und Freiheit im Weltengeschehen und im menschlichen Handeln.pdf
  Extrahiere PDF-Seiten...
  142 Seiten mit Seitenzahlen
  6 MD-Dateien gefunden
    GA166/1: 24/24 Marker (S.11-34)
    GA166/2: 25/25 Marker (S.35-59)
    GA166/3: 21/22 Marker (S.60-81)
    GA166/4: 23/23 Marker (S.82-104)
    GA166/5: 30/38 Marker (S.105-142)

  Gesamt: 123 Marker in 5 Dateien
  JSON: 0 Marker
  MD: 0 Marker

============================================================
Verarbeite GA167
============================================================

============================================================
Verarbeite GA167
============================================================
  PDF: Steiner, Rudolf GA 167 1962 - Gegenwärtiges und Vergangenes im Menschengeiste.pdf
  Extrahiere PDF-Seiten...
  311 Seiten mit Seitenzahlen
  12 Vorträge geladen
    GA167/1: 20 Marker (S.10-29) - ERSTER VORTRAG
    GA167/2: 27 Marker (S.30-56) - ZWEITER VORTRAG
    GA167/3: 24 Marker (S.57-80) - DRITTER VORTRAG
    GA167/4: 24 Marker (S.81-104) - VIERTER VORTRAG
    GA167/5: 34 Marker (S.105-138) - FÜNFTER VORTRAG
    GA167/6: 23 Marker (S.139-161) - SECHSTER VORTRAG
    GA167/7: 23 Marker (S.162-184) - SIEBENTER VORTRAG
    GA167/8: 20 Marker (S.185-204) - ACHTER VORTRAG
    GA167/9: 24 Marker (S.205-228) - NEUNTER VORTRAG
    GA167/10: 24 Marker (S.229-252) - ZEHNTER VORTRAG
    GA167/11: 23 Marker (S.253-275) - ELFTER VORTRAG
    GA167/12: 25 Marker (S.276-311) - ZWÖLFTER VORTRAG

  Gesamt: 291 Marker eingefügt
  Gespeichert in: GA167.json
  Archiviert: GA167.json

============================================================
Verarbeite GA167 (MD)
============================================================
  MD-Ordner: GA167-Gegenwärtiges und Vergangenes im Menschengeiste
  PDF: Steiner, Rudolf GA 167 1962 - Gegenwärtiges und Vergangenes im Menschengeiste.pdf
  Extrahiere PDF-Seiten...
  311 Seiten mit Seitenzahlen
  13 MD-Dateien gefunden
    GA167/1: 20/20 Marker (S.10-29)
    GA167/10: 24/24 Marker (S.229-252)
    GA167/11: 23/23 Marker (S.253-275)
    GA167/12: 25/36 Marker (S.276-311)
    GA167/2: 27/27 Marker (S.30-56)
    GA167/3: 24/24 Marker (S.57-80)
    GA167/4: 24/24 Marker (S.81-104)
    GA167/5: 34/34 Marker (S.105-138)
    GA167/6: 23/23 Marker (S.139-161)
    GA167/7: 23/23 Marker (S.162-184)
    GA167/8: 20/20 Marker (S.185-204)
    GA167/9: 24/24 Marker (S.205-228)

  Gesamt: 291 Marker in 12 Dateien
  JSON: 0 Marker
  MD: 0 Marker

============================================================
Verarbeite GA168
============================================================

============================================================
Verarbeite GA168
============================================================
  PDF: Steiner, Rudolf GA 168 1995 - Die Verbindung zwischen Lebenden und Toten.pdf
  Extrahiere PDF-Seiten...
  245 Seiten mit Seitenzahlen
  8 Vorträge geladen
    GA168/1: 28 Marker (S.9-37) - DAS LEBEN ZWISCHEN TOD UND NEUER GEBURT
    GA168/2: 27 Marker (S.38-65) - DIE WESENSGLIEDER DES MENSCHEN IM LEBEN 
    GA168/3: 24 Marker (S.66-90) - ÜBER DAS EREIGNIS DES TODES UND TATSACHE
    GA168/4: 30 Marker (S.91-120) - WIE KANN DIE SEELISCHE NOT DER GEGENWART
    GA168/5: 27 Marker (S.121-147) - KARMISCHE WIRKUNGEN
    GA168/6: 29 Marker (S.148-176) - DIE LEBENSLÜGE DER HEUTIGEN KULTURMENSCH
    GA168/7: 20 Marker (S.177-198) - DIE VERBINDUNG ZWISCHEN LEBENDEN UND TOT
    GA168/8: 21 Marker (S.199-246) - DER ZUSAMMENHANG DES MENSCHEN MIT DER GE

  Gesamt: 206 Marker eingefügt
  Gespeichert in: GA168.json
  Archiviert: GA168.json

============================================================
Verarbeite GA168 (MD)
============================================================
  MD-Ordner: GA168-Die Verbindung zwischen Lebenden und Toten
  PDF: Steiner, Rudolf GA 168 1995 - Die Verbindung zwischen Lebenden und Toten.pdf
  Extrahiere PDF-Seiten...
  245 Seiten mit Seitenzahlen
  9 MD-Dateien gefunden
    GA168/1: 28/29 Marker (S.9-37)
    GA168/2: 27/28 Marker (S.38-65)
    GA168/3: 24/25 Marker (S.66-90)
    GA168/4: 30/30 Marker (S.91-120)
    GA168/5: 27/27 Marker (S.121-147)
    GA168/6: 29/29 Marker (S.148-176)
    GA168/7: 20/22 Marker (S.177-198)
    GA168/8: 21/48 Marker (S.199-246)

  Gesamt: 206 Marker in 8 Dateien
  JSON: 0 Marker
  MD: 0 Marker

============================================================
Verarbeite GA169
============================================================

============================================================
Verarbeite GA169
============================================================
  PDF: Steiner, Rudolf GA 169 1998 - Weltwesen und Ichheit.pdf
  Extrahiere PDF-Seiten...
  192 Seiten mit Seitenzahlen
  7 Vorträge geladen
    GA169/1: 25 Marker (S.10-34) - ERSTER VORTRAG
    GA169/2: 20 Marker (S.35-54) - ZWEITER VORTRAG
    GA169/3: 27 Marker (S.55-81) - DRITTER VORTRAG
    GA169/4: 22 Marker (S.82-103) - VIERTER VORTRAG
    GA169/5: 18 Marker (S.104-121) - FÜNFTER VORTRAG
    GA169/6: 20 Marker (S.122-141) - SECHSTER VORTRAG
    GA169/7: 35 Marker (S.142-192) - SIEBENTER VORTRAG

  Gesamt: 167 Marker eingefügt
  Gespeichert in: GA169.json
  Archiviert: GA169.json

============================================================
Verarbeite GA169 (MD)
============================================================
  MD-Ordner: GA169-Weltwesen und Ichheit
  PDF: Steiner, Rudolf GA 169 1998 - Weltwesen und Ichheit.pdf
  Extrahiere PDF-Seiten...
  192 Seiten mit Seitenzahlen
  8 MD-Dateien gefunden
    GA169/1: 25/25 Marker (S.10-34)
    GA169/2: 20/20 Marker (S.35-54)
    GA169/3: 27/27 Marker (S.55-81)
    GA169/4: 22/22 Marker (S.82-103)
    GA169/5: 18/18 Marker (S.104-121)
    GA169/6: 20/20 Marker (S.122-141)
    GA169/7: 35/51 Marker (S.142-192)

  Gesamt: 167 Marker in 7 Dateien
  JSON: 0 Marker
  MD: 0 Marker

============================================================
Verarbeite GA170
============================================================

============================================================
Verarbeite GA170
============================================================
  PDF: Steiner, Rudolf GA 170 1992 - Das Rätsel des Menschen - die geistigen Hintergründe der menschlichen Geschichte.pdf
  Extrahiere PDF-Seiten...
  288 Seiten mit Seitenzahlen
  15 Vorträge geladen
    GA170/1: 17 Marker (S.9-25) - ERSTER VORTRAG
    GA170/2: 13 Marker (S.26-38) - ZWEITER VORTRAG
    GA170/3: 17 Marker (S.39-55) - DRITTER VORTRAG
    GA170/4: 20 Marker (S.56-75) - VIERTER VORTRAG
    GA170/5: 16 Marker (S.76-92) - FÜNFTER VORTRAG
    GA170/6: 12 Marker (S.93-104) - SECHSTER VORTRAG
    GA170/7: 17 Marker (S.105-121) - SIEBENTER VORTRAG
    GA170/8: 21 Marker (S.122-142) - ACHTER VORTRAG
    GA170/9: 24 Marker (S.143-166) - NEUNTER VORTRAG
    GA170/10: 25 Marker (S.167-191) - ZEHNTER VORTRAG
    GA170/11: 15 Marker (S.192-206) - ELFTER VORTRAG
    GA170/12: 15 Marker (S.207-221) - ZWÖLFTER VORTRAG
    GA170/13: 16 Marker (S.222-237) - DREIZEHNTER VORTRAG
    GA170/14: 16 Marker (S.238-253) - VIERZEHNTER VORTRAG
    GA170/15: 16 Marker (S.254-288) - FÜNFZEHNTER VORTRAG

  Gesamt: 260 Marker eingefügt
  Gespeichert in: GA170.json
  Archiviert: GA170.json

============================================================
Verarbeite GA170 (MD)
============================================================
  MD-Ordner: GA170-Das Rätsel des Menschen. Die geistigen Hintergründe der menschlichen Geschichte
  PDF: Steiner, Rudolf GA 170 1992 - Das Rätsel des Menschen - die geistigen Hintergründe der menschlichen Geschichte.pdf
  Extrahiere PDF-Seiten...
  288 Seiten mit Seitenzahlen
  16 MD-Dateien gefunden
    GA170/1: 17/17 Marker (S.9-25)
    GA170/10: 25/25 Marker (S.167-191)
    GA170/11: 15/15 Marker (S.192-206)
    GA170/12: 15/15 Marker (S.207-221)
    GA170/13: 16/16 Marker (S.222-237)
    GA170/14: 16/16 Marker (S.238-253)
    GA170/15: 16/35 Marker (S.254-288)
    GA170/2: 13/13 Marker (S.26-38)
    GA170/3: 17/17 Marker (S.39-55)
    GA170/4: 20/20 Marker (S.56-75)
    GA170/5: 16/17 Marker (S.76-92)
    GA170/6: 12/12 Marker (S.93-104)
    GA170/7: 17/17 Marker (S.105-121)
    GA170/8: 21/21 Marker (S.122-142)
    GA170/9: 24/24 Marker (S.143-166)

  Gesamt: 260 Marker in 15 Dateien
  JSON: 0 Marker
  MD: 0 Marker

============================================================
Verarbeite GA171
============================================================

============================================================
Verarbeite GA171
============================================================
  PDF: Steiner, Rudolf GA 171 1984 - Innere Entwicklungsimpulse der Menschheit.pdf
  Extrahiere PDF-Seiten...
  374 Seiten mit Seitenzahlen
  16 Vorträge geladen
    GA171/1: 19 Marker (S.9-27) - ERSTER VORTRAG
    GA171/2: 25 Marker (S.28-53) - ZWEITER VORTRAG
    GA171/3: 16 Marker (S.54-70) - DRITTER VORTRAG
    GA171/4: 19 Marker (S.71-91) - VIERTER VORTRAG
    GA171/5: 24 Marker (S.92-115) - FÜNFTER VORTRAG
    GA171/6: 25 Marker (S.116-140) - SECHSTER VORTRAG
    GA171/7: 30 Marker (S.141-170) - SIEBENTER VORTRAG
    GA171/8: 24 Marker (S.171-194) - ACHTER VORTRAG
    GA171/9: 25 Marker (S.195-220) - NEUNTER VORTRAG
    GA171/10: 18 Marker (S.221-238) - ZEHNTER VORTRAG
    GA171/11: 18 Marker (S.239-258) - ELFTER VORTRAG
    GA171/12: 17 Marker (S.259-276) - ZWÖLFTER VORTRAG
    GA171/13: 18 Marker (S.277-295) - DREIZEHNTER VORTRAG
    GA171/14: 22 Marker (S.296-317) - VIERZEHNTER VORTRAG
    GA171/15: 19 Marker (S.318-336) - FÜNFZEHNTER VORTRAG
    GA171/16: 21 Marker (S.337-376) - SECHZEHNTER VORTRAG

  Gesamt: 340 Marker eingefügt
  Gespeichert in: GA171.json
  Archiviert: GA171.json

============================================================
Verarbeite GA171 (MD)
============================================================
  MD-Ordner: GA171-Innere Entwicklungsimpulse der Menschheit
  PDF: Steiner, Rudolf GA 171 1984 - Innere Entwicklungsimpulse der Menschheit.pdf
  Extrahiere PDF-Seiten...
  374 Seiten mit Seitenzahlen
  17 MD-Dateien gefunden
    GA171/1: 19/19 Marker (S.9-27)
    GA171/10: 18/18 Marker (S.221-238)
    GA171/11: 18/20 Marker (S.239-258)
    GA171/12: 17/18 Marker (S.259-276)
    GA171/13: 18/19 Marker (S.277-295)
    GA171/14: 22/22 Marker (S.296-317)
    GA171/15: 19/19 Marker (S.318-336)
    GA171/16: 21/40 Marker (S.337-376)
    GA171/2: 25/26 Marker (S.28-53)
    GA171/3: 16/17 Marker (S.54-70)
    GA171/4: 19/21 Marker (S.71-91)
    GA171/5: 24/24 Marker (S.92-115)
    GA171/6: 25/25 Marker (S.116-140)
    GA171/7: 28/30 Marker (S.141-170)
    GA171/8: 24/24 Marker (S.171-194)
    GA171/9: 25/26 Marker (S.195-220)

  Gesamt: 338 Marker in 16 Dateien
  JSON: 0 Marker
  MD: 0 Marker

============================================================
Verarbeite GA172
============================================================

============================================================
Verarbeite GA172
============================================================
  PDF: Steiner, Rudolf GA 172 2002 - Das Karma des Berufes des Menschen in Ankünpfung an Goethes Leben.pdf
  Extrahiere PDF-Seiten...
  255 Seiten mit Seitenzahlen
  10 Vorträge geladen
    GA172/1: 26 Marker (S.9-34) - ERSTER VORTRAG
    GA172/2: 20 Marker (S.35-54) - ZWEITER VORTRAG
    GA172/3: 23 Marker (S.55-77) - DRITTER VORTRAG
    GA172/4: 19 Marker (S.78-96) - VIERTER VORTRAG
    GA172/5: 15 Marker (S.97-111) - FÜNFTER VORTRAG
    GA172/6: 16 Marker (S.112-127) - SECHSTER VORTRAG
    GA172/7: 27 Marker (S.128-154) - SIEBENTER VORTRAG
    GA172/8: 22 Marker (S.155-176) - ACHTER VORTRAG
    GA172/9: 21 Marker (S.177-197) - NEUNTER VORTRAG
    GA172/10: 30 Marker (S.198-255) - ZEHNTER VORTRAG

  Gesamt: 219 Marker eingefügt
  Gespeichert in: GA172.json
  Archiviert: GA172.json

============================================================
Verarbeite GA172 (MD)
============================================================
  MD-Ordner: GA172-Das Karma des Berufes des Menschen in Anknüpfung an Goethes Leben
  PDF: Steiner, Rudolf GA 172 2002 - Das Karma des Berufes des Menschen in Ankünpfung an Goethes Leben.pdf
  Extrahiere PDF-Seiten...
  255 Seiten mit Seitenzahlen
  11 MD-Dateien gefunden
    GA172/1: 26/26 Marker (S.9-34)
    GA172/10: 30/58 Marker (S.198-255)
    GA172/2: 20/20 Marker (S.35-54)
    GA172/3: 23/23 Marker (S.55-77)
    GA172/4: 19/19 Marker (S.78-96)
    GA172/5: 15/15 Marker (S.97-111)
    GA172/6: 16/16 Marker (S.112-127)
    GA172/7: 27/27 Marker (S.128-154)
    GA172/8: 22/22 Marker (S.155-176)
    GA172/9: 21/21 Marker (S.177-197)

  Gesamt: 219 Marker in 10 Dateien
  JSON: 0 Marker
  MD: 0 Marker

============================================================
Verarbeite GA173
============================================================

============================================================
Verarbeite GA173
============================================================
  PDF: Steiner, Rudolf GA 173 1978 - Zeitgeschichtliche Betrachtungen Erster Teil.pdf
  Extrahiere PDF-Seiten...
  395 Seiten mit Seitenzahlen
  14 Vorträge geladen
    GA173/1: 4 Marker (S.11-14) - VORBEMERKUNG
    GA173/2: 34 Marker (S.15-48) - ERSTER VORTRAG
    GA173/3: 23 Marker (S.49-71) - ZWEITER VORTRAG
    GA173/4: 23 Marker (S.72-94) - DRITTER VORTRAG
    GA173/5: 27 Marker (S.95-121) - VIERTER VORTRAG
    GA173/6: 29 Marker (S.122-150) - FÜNFTER VORTRAG
    GA173/7: 25 Marker (S.151-175) - SECHSTER VORTRAG
    GA173/8: 43 Marker (S.176-222) - SIEBENTER VORTRAG
    GA173/9: 19 Marker (S.223-241) - ACHTER VORTRAG
    GA173/10: 25 Marker (S.242-267) - NEUNTER VORTRAG
    GA173/11: 26 Marker (S.268-293) - ZEHNTER VORTRAG
    GA173/12: 34 Marker (S.294-327) - ELFTER VORTRAG
    GA173/13: 20 Marker (S.328-347) - ZWÖLFTER VORTRAG
    GA173/14: 29 Marker (S.348-396) - DREIZEHNTER VORTRAG

  Gesamt: 361 Marker eingefügt
  Gespeichert in: GA173.json
  Archiviert: GA173.json

============================================================
Verarbeite GA173 (MD)
============================================================
  MD-Ordner: GA173-Zeitgeschichtliche Betrachtungen
  PDF: Steiner, Rudolf GA 173 1978 - Zeitgeschichtliche Betrachtungen Erster Teil.pdf
  Extrahiere PDF-Seiten...
  395 Seiten mit Seitenzahlen
  15 MD-Dateien gefunden
    GA173/1: 4/4 Marker (S.11-14)
    GA173/10: 25/26 Marker (S.242-267)
    GA173/11: 26/26 Marker (S.268-293)
    GA173/12: 34/34 Marker (S.294-327)
    GA173/13: 20/20 Marker (S.328-347)
    GA173/14: 29/49 Marker (S.348-396)
    GA173/2: 34/34 Marker (S.15-48)
    GA173/3: 23/23 Marker (S.49-71)
    GA173/4: 23/23 Marker (S.72-94)
    GA173/5: 27/27 Marker (S.95-121)
    GA173/6: 29/29 Marker (S.122-150)
    GA173/7: 25/25 Marker (S.151-175)
    GA173/8: 43/47 Marker (S.176-222)
    GA173/9: 19/19 Marker (S.223-241)

  Gesamt: 361 Marker in 14 Dateien
  JSON: 0 Marker
  MD: 0 Marker

============================================================
Verarbeite GA174
============================================================

============================================================
Verarbeite GA174
============================================================
  PDF: Steiner, Rudolf GA 174 1983 - Zeitgeschichtliche Betrachtungen Zweiter Teil.pdf
  Extrahiere PDF-Seiten...
  316 Seiten mit Seitenzahlen
  12 Vorträge geladen
    GA174/1: 25 Marker (S.11-35) - VIERZEHNTER VORTRAG
    GA174/2: 19 Marker (S.36-54) - FÜNFZEHNTER VORTRAG
    GA174/3: 16 Marker (S.55-71) - SECHZEHNTER VORTRAG
    GA174/4: 32 Marker (S.72-103) - SIEBZEHNTER VORTRAG
    GA174/5: 21 Marker (S.104-124) - ACHTZEHNTER VORTRAG
    GA174/6: 23 Marker (S.125-148) - NEUNZEHNTER VORTRAG
    GA174/7: 36 Marker (S.149-184) - ZWANZIGSTER VORTRAG
    GA174/8: 16 Marker (S.185-200) - EINUNDZWANZIGSTER VORTRAG
    GA174/9: 19 Marker (S.201-220) - ZWEIUNDZWANZIGSTER VORTRAG
    GA174/10: 25 Marker (S.221-248) - DREIUNDZWANZIGSTER VORTRAG
    GA174/11: 18 Marker (S.249-268) - VIERUNDZWANZIGSTER VORTRAG
    GA174/12: 31 Marker (S.269-320) - FÜNFUNDZWANZIGSTER VORTRAG

  Gesamt: 281 Marker eingefügt
  Gespeichert in: GA174.json
  Archiviert: GA174.json

============================================================
Verarbeite GA174 (MD)
============================================================
  MD-Ordner: GA174-Zeitgeschichtliche Betrachtungen. Zweiter Teil (1917)
  PDF: Steiner, Rudolf GA 174 1983 - Zeitgeschichtliche Betrachtungen Zweiter Teil.pdf
  Extrahiere PDF-Seiten...
  316 Seiten mit Seitenzahlen
  13 MD-Dateien gefunden
    GA174/1: 25/25 Marker (S.11-35)
    GA174/10: 25/28 Marker (S.221-248)
    GA174/11: 18/20 Marker (S.249-268)
    GA174/12: 31/52 Marker (S.269-320)
    GA174/2: 19/19 Marker (S.36-54)
    GA174/3: 16/17 Marker (S.55-71)
    GA174/4: 32/32 Marker (S.72-103)
    GA174/5: 21/21 Marker (S.104-124)
    GA174/6: 23/24 Marker (S.125-148)
    GA174/7: 36/36 Marker (S.149-184)
    GA174/8: 16/16 Marker (S.185-200)
    GA174/9: 19/20 Marker (S.201-220)

  Gesamt: 281 Marker in 12 Dateien
  JSON: 0 Marker
  MD: 0 Marker

============================================================
Verarbeite GA175
============================================================

============================================================
Verarbeite GA175
============================================================
  PDF: Steiner, Rudolf GA 175, 1996 - Bausteine zu einer Erkenntnis des Mysteriums von Golgatha.pdf
  Extrahiere PDF-Seiten...
  416 Seiten mit Seitenzahlen
  17 Vorträge geladen
    GA175/1: 16 Marker (S.19-34) - ERSTER VORTRAG
    GA175/2: 16 Marker (S.35-50) - ZWEITER VORTRAG
    GA175/3: 19 Marker (S.51-69) - DRITTER VORTRAG
    GA175/4: 23 Marker (S.70-92) - VIERTER VORTRAG
    GA175/5: 21 Marker (S.93-113) - FÜNFTER VORTRAG
    GA175/6: 20 Marker (S.114-133) - SECHSTER VORTRAG
    GA175/7: 26 Marker (S.134-160) - SIEBENTER VORTRAG
    GA175/8: 21 Marker (S.161-181) - ACHTER VORTRAG
    GA175/9: 22 Marker (S.182-203) - NEUNTER VORTRAG
    GA175/10: 25 Marker (S.204-228) - ZEHNTER VORTRAG
    GA175/11: 27 Marker (S.229-255) - ELFTER VORTRAG
    GA175/12: 20 Marker (S.256-275) - ZWÖLFTER VORTRAG
    GA175/13: 18 Marker (S.276-293) - DREIZEHNTER VORTRAG
    GA175/14: 19 Marker (S.294-312) - VIERZEHNTER VORTRAG
    GA175/15: 25 Marker (S.313-338) - FÜNFZEHNTER VORTRAG
    GA175/16: 28 Marker (S.339-366) - SECHZEHNTER VORTRAG
    GA175/17: 25 Marker (S.367-416) - SIEBZEHNTER VORTRAG

  Gesamt: 371 Marker eingefügt
  Gespeichert in: GA175.json
  Archiviert: GA175.json

============================================================
Verarbeite GA175 (MD)
============================================================
  MD-Ordner: GA175-Bausteine zu einer Erkenntnis des Mysteriums von Golgatha
  PDF: Steiner, Rudolf GA 175, 1996 - Bausteine zu einer Erkenntnis des Mysteriums von Golgatha.pdf
  Extrahiere PDF-Seiten...
  416 Seiten mit Seitenzahlen
  18 MD-Dateien gefunden
    GA175/1: 16/16 Marker (S.19-34)
    GA175/10: 25/25 Marker (S.204-228)
    GA175/11: 27/27 Marker (S.229-255)
    GA175/12: 20/20 Marker (S.256-275)
    GA175/13: 18/18 Marker (S.276-293)
    GA175/14: 19/19 Marker (S.294-312)
    GA175/15: 25/26 Marker (S.313-338)
    GA175/16: 28/28 Marker (S.339-366)
    GA175/17: 25/50 Marker (S.367-416)
    GA175/2: 16/16 Marker (S.35-50)
    GA175/3: 19/19 Marker (S.51-69)
    GA175/4: 23/23 Marker (S.70-92)
    GA175/5: 21/21 Marker (S.93-113)
    GA175/6: 20/20 Marker (S.114-133)
    GA175/7: 26/27 Marker (S.134-160)
    GA175/8: 21/21 Marker (S.161-181)
    GA175/9: 21/22 Marker (S.182-203)

  Gesamt: 370 Marker in 17 Dateien
  JSON: 0 Marker
  MD: 0 Marker

============================================================
Verarbeite GA176
============================================================

============================================================
Verarbeite GA176
============================================================
  PDF: Steiner, Rudolf GA 176 1982 - Menschliche und menschheitliche Entwicklungswarhheiten.pdf
  Extrahiere PDF-Seiten...
  392 Seiten mit Seitenzahlen
  17 Vorträge geladen
    GA176/1: 13 Marker (S.12-24) - ERSTER VORTRAG
    GA176/2: 20 Marker (S.25-44) - ZWEITER VORTRAG
    GA176/3: 25 Marker (S.45-69) - DRITTER VORTRAG
    GA176/4: 28 Marker (S.70-98) - VIERTER VORTRAG
    GA176/5: 27 Marker (S.99-125) - FÜNFTER VORTRAG
    GA176/6: 26 Marker (S.126-151) - SECHSTER VORTRAG
    GA176/7: 23 Marker (S.152-174) - SIEBENTER VORTRAG
    GA176/8: 24 Marker (S.175-202) - ACHTER VORTRAG
    GA176/9: 22 Marker (S.203-224) - ERSTER VORTRAG
    GA176/10: 20 Marker (S.225-244) - ZWEITER VORTRAG
    GA176/11: 17 Marker (S.245-262) - DRITTER VORTRAG
    GA176/12: 21 Marker (S.263-283) - VIERTER VORTRAG
    GA176/13: 18 Marker (S.284-301) - FÜNFTER VORTRAG
    GA176/14: 15 Marker (S.302-316) - SECHSTER VORTRAG
    GA176/15: 14 Marker (S.317-330) - SIEBENTER VORTRAG
    GA176/16: 18 Marker (S.331-349) - ACHTER VORTRAG
    GA176/17: 18 Marker (S.350-392) - NEUNTER VORTRAG

  Gesamt: 349 Marker eingefügt
  Gespeichert in: GA176.json
  Archiviert: GA176.json

============================================================
Verarbeite GA176 (MD)
============================================================
  MD-Ordner: GA176-Menschliche und menschheitliche Entwicklungswahrheiten
  PDF: Steiner, Rudolf GA 176 1982 - Menschliche und menschheitliche Entwicklungswarhheiten.pdf
  Extrahiere PDF-Seiten...
  392 Seiten mit Seitenzahlen
  18 MD-Dateien gefunden
    GA176/1: 13/13 Marker (S.12-24)
    GA176/10: 20/20 Marker (S.225-244)
    GA176/11: 17/18 Marker (S.245-262)
    GA176/12: 21/21 Marker (S.263-283)
    GA176/13: 18/18 Marker (S.284-301)
    GA176/14: 15/15 Marker (S.302-316)
    GA176/15: 14/14 Marker (S.317-330)
    GA176/16: 18/19 Marker (S.331-349)
    GA176/17: 18/43 Marker (S.350-392)
    GA176/2: 20/20 Marker (S.25-44)
    GA176/3: 25/25 Marker (S.45-69)
    GA176/4: 29/29 Marker (S.70-98)
    GA176/5: 27/27 Marker (S.99-125)
    GA176/6: 26/26 Marker (S.126-151)
    GA176/7: 23/23 Marker (S.152-174)
    GA176/8: 24/28 Marker (S.175-202)
    GA176/9: 22/22 Marker (S.203-224)

  Gesamt: 350 Marker in 17 Dateien
  JSON: 0 Marker
  MD: 0 Marker

============================================================
Verarbeite GA177
============================================================

============================================================
Verarbeite GA177
============================================================
  PDF: Steiner, Rudolf GA 177 1999 - Die spirituellen Hintergründe der äußeren Welt.pdf
  Extrahiere PDF-Seiten...
  294 Seiten mit Seitenzahlen
  14 Vorträge geladen
    GA177/1: 16 Marker (S.11-26) - ERSTER VORTRAG
    GA177/2: 15 Marker (S.27-42) - ZWEITER VORTRAG
    GA177/3: 20 Marker (S.43-63) - DRITTER VORTRAG
    GA177/4: 17 Marker (S.64-80) - VIERTER VORTRAG
    GA177/5: 18 Marker (S.81-98) - FÜNFTER VORTRAG
    GA177/6: 18 Marker (S.99-116) - SECHSTER VORTRAG
    GA177/7: 21 Marker (S.117-137) - SIEBENTER VORTRAG
    GA177/8: 19 Marker (S.138-157) - ACHTER VORTRAG
    GA177/9: 16 Marker (S.158-173) - NEUNTER VORTRAG
    GA177/10: 17 Marker (S.174-193) - ZEHNTER VORTRAG
    GA177/11: 17 Marker (S.194-211) - ELFTER VORTRAG
    GA177/12: 16 Marker (S.212-228) - ZWÖLFTER VORTRAG
    GA177/13: 18 Marker (S.229-247) - DREIZEHNTER VORTRAG
    GA177/14: 22 Marker (S.248-294) - VIERZEHNTER VORTRAG

  Gesamt: 250 Marker eingefügt
  Gespeichert in: GA177.json
  Archiviert: GA177.json

============================================================
Verarbeite GA177 (MD)
============================================================
  MD-Ordner: GA177-Die spirituellen Hintergründe der äußeren Welt
  PDF: Steiner, Rudolf GA 177 1999 - Die spirituellen Hintergründe der äußeren Welt.pdf
  Extrahiere PDF-Seiten...
  294 Seiten mit Seitenzahlen
  15 MD-Dateien gefunden
    GA177/1: 16/16 Marker (S.11-26)
    GA177/10: 17/20 Marker (S.174-193)
    GA177/11: 17/18 Marker (S.194-211)
    GA177/12: 16/17 Marker (S.212-228)
    GA177/13: 18/19 Marker (S.229-247)
    GA177/14: 22/47 Marker (S.248-294)
    GA177/2: 15/16 Marker (S.27-42)
    GA177/3: 20/21 Marker (S.43-63)
    GA177/4: 17/17 Marker (S.64-80)
    GA177/5: 18/18 Marker (S.81-98)
    GA177/6: 18/18 Marker (S.99-116)
    GA177/7: 21/21 Marker (S.117-137)
    GA177/8: 19/20 Marker (S.138-157)
    GA177/9: 15/16 Marker (S.158-173)

  Gesamt: 249 Marker in 14 Dateien
  JSON: 0 Marker
  MD: 0 Marker

============================================================
Verarbeite GA178
============================================================

============================================================
Verarbeite GA178
============================================================
  PDF: Steiner, Rudolf GA 178 1992 - Individuelle Geistwesen und ihr Wirken in der Seele des Menschen.pdf
  Extrahiere PDF-Seiten...
  264 Seiten mit Seitenzahlen
  9 Vorträge geladen
    GA178/1: 38 Marker (S.9-46) - DIE ERKENNTNIS DES ÜBERSINNLICHEN UND DI
    GA178/2: 30 Marker (S.47-76) - DAS GEHEIMNIS DES DOPPELGÄNGERS. GEOGRAP
    GA178/3: 22 Marker (S.77-98) - HINTER DEN KULISSEN DES ÄUSSEREN GESCHEH
    GA178/4: 24 Marker (S.99-122) - Zweiter Vortrag
    GA178/5: 25 Marker (S.123-148) - ÜBER DIE PSYCHOANALYSE
    GA178/6: 21 Marker (S.149-169) - Zweiter Vortrag Dornach
    GA178/7: 24 Marker (S.170-193) - INDIVIDUELLE GEISTWESEN UND EINHEITLICHE
    GA178/8: 20 Marker (S.194-214) - Zweiter Vortrag
    GA178/9: 20 Marker (S.215-264) - Dritter Vortrag Dornach

  Gesamt: 224 Marker eingefügt
  Gespeichert in: GA178.json
  Archiviert: GA178.json

============================================================
Verarbeite GA178 (MD)
============================================================
  MD-Ordner: GA178-Individuelle Geistwesen und ihr Wirken in der Seele des Menschen
  PDF: Steiner, Rudolf GA 178 1992 - Individuelle Geistwesen und ihr Wirken in der Seele des Menschen.pdf
  Extrahiere PDF-Seiten...
  264 Seiten mit Seitenzahlen
  10 MD-Dateien gefunden
    GA178/1: 38/38 Marker (S.9-46)
    GA178/2: 30/30 Marker (S.47-76)
    GA178/3: 22/22 Marker (S.77-98)
    GA178/4: 24/24 Marker (S.99-122)
    GA178/5: 25/26 Marker (S.123-148)
    GA178/6: 21/21 Marker (S.149-169)
    GA178/7: 24/24 Marker (S.170-193)
    GA178/8: 20/21 Marker (S.194-214)
    GA178/9: 20/50 Marker (S.215-264)

  Gesamt: 224 Marker in 9 Dateien
  JSON: 0 Marker
  MD: 0 Marker

============================================================
Verarbeite GA179
============================================================

============================================================
Verarbeite GA179
============================================================
  PDF: Steiner, Rudolf GA 179 1993 - Geschichtliche Notwendigkeit und Freiheit.pdf
  Extrahiere PDF-Seiten...
  174 Seiten mit Seitenzahlen
  8 Vorträge geladen
    GA179/1: 26 Marker (S.9-34) - ERSTER VORTRAG
    GA179/2: 19 Marker (S.35-53) - ZWEITER VORTRAG
    GA179/3: 16 Marker (S.54-70) - DRITTER VORTRAG
    GA179/4: 18 Marker (S.71-88) - VIERTER VORTRAG
    GA179/5: 14 Marker (S.89-103) - FÜNFTER VORTRAG
    GA179/6: 17 Marker (S.104-120) - SECHSTER VORTRAG
    GA179/7: 20 Marker (S.121-141) - SIEBENTER VORTRAG
    GA179/8: 17 Marker (S.142-174) - ACHTER VORTRAG

  Gesamt: 147 Marker eingefügt
  Gespeichert in: GA179.json
  Archiviert: GA179.json

============================================================
Verarbeite GA179 (MD)
============================================================
  MD-Ordner: GA179-Geschichtliche Notwendigkeit und Freiheit
  PDF: Steiner, Rudolf GA 179 1993 - Geschichtliche Notwendigkeit und Freiheit.pdf
  Extrahiere PDF-Seiten...
  174 Seiten mit Seitenzahlen
  9 MD-Dateien gefunden
    GA179/1: 26/26 Marker (S.9-34)
    GA179/2: 19/19 Marker (S.35-53)
    GA179/3: 16/17 Marker (S.54-70)
    GA179/4: 18/18 Marker (S.71-88)
    GA179/5: 14/15 Marker (S.89-103)
    GA179/6: 17/17 Marker (S.104-120)
    GA179/7: 20/21 Marker (S.121-141)
    GA179/8: 17/33 Marker (S.142-174)

  Gesamt: 147 Marker in 8 Dateien
  JSON: 0 Marker
  MD: 0 Marker

============================================================
Verarbeite GA180
============================================================

============================================================
Verarbeite GA180
============================================================
  PDF: Steiner, Rudolf GA 180 1980 - Mysterienwahrheiten und Weihnachtsimpulse.pdf
  Extrahiere PDF-Seiten...
  350 Seiten mit Seitenzahlen
  15 Vorträge geladen
    GA180/1: 19 Marker (S.9-27) - ERSTER VORTRAG
    GA180/2: 13 Marker (S.28-41) - ZWEITER VORTRAG
    GA180/3: 15 Marker (S.42-56) - DRITTER VORTRAG
    GA180/4: 17 Marker (S.57-73) - VIERTER VORTRAG
    GA180/5: 16 Marker (S.74-89) - FÜNFTER VORTRAG
    GA180/6: 40 Marker (S.90-130) - SECHSTER VORTRAG
    GA180/7: 19 Marker (S.131-149) - ACHTER VORTRAG
    GA180/8: 20 Marker (S.150-170) - NEUNTER VORTRAG
    GA180/9: 16 Marker (S.171-188) - ZEHNTER VORTRAG
    GA180/10: 19 Marker (S.189-208) - ELFTER VORTRAG
    GA180/11: 19 Marker (S.209-228) - ZWÖLFTER VORTRAG
    GA180/12: 24 Marker (S.229-252) - DREIZEHNTER VORTRAG
    GA180/13: 30 Marker (S.253-282) - VIERZEHNTER VORTRAG
    GA180/14: 21 Marker (S.283-303) - FÜNFZEHNTER VORTRAG
    GA180/15: 29 Marker (S.304-351) - SECHZEHNTER VORTRAG

  Gesamt: 317 Marker eingefügt
  Gespeichert in: GA180.json
  Archiviert: GA180.json

============================================================
Verarbeite GA180 (MD)
============================================================
  MD-Ordner: GA180-Mysterienwahrheiten und Weihnachtsimpulse
  PDF: Steiner, Rudolf GA 180 1980 - Mysterienwahrheiten und Weihnachtsimpulse.pdf
  Extrahiere PDF-Seiten...
  350 Seiten mit Seitenzahlen
  16 MD-Dateien gefunden
    GA180/1: 19/19 Marker (S.9-27)
    GA180/10: 19/20 Marker (S.189-208)
    GA180/11: 19/20 Marker (S.209-228)
    GA180/12: 24/24 Marker (S.229-252)
    GA180/13: 30/30 Marker (S.253-282)
    GA180/14: 21/21 Marker (S.283-303)
    GA180/15: 29/48 Marker (S.304-351)
    GA180/2: 13/14 Marker (S.28-41)
    GA180/3: 15/15 Marker (S.42-56)
    GA180/4: 17/17 Marker (S.57-73)
    GA180/5: 16/16 Marker (S.74-89)
    GA180/6: 40/41 Marker (S.90-130)
    GA180/7: 19/19 Marker (S.131-149)
    GA180/8: 20/21 Marker (S.150-170)
    GA180/9: 16/18 Marker (S.171-188)

  Gesamt: 317 Marker in 15 Dateien
  JSON: 0 Marker
  MD: 0 Marker

============================================================
Verarbeite GA181
============================================================

============================================================
Verarbeite GA181
============================================================
  PDF: Steiner, Rudolf GA 181 1991 - Erdensterben und Weltenleben.pdf
  Extrahiere PDF-Seiten...
  480 Seiten mit Seitenzahlen
  21 Vorträge geladen
    GA181/1: 18 Marker (S.11-28) - ERSTER VORTRAG
    GA181/2: 21 Marker (S.29-49) - ZWEITER VORTRAG
    GA181/3: 18 Marker (S.50-67) - DRITTER VORTRAG
    GA181/4: 20 Marker (S.68-87) - VIERTER VORTRAG
    GA181/5: 18 Marker (S.88-105) - FÜNFTER VORTRAG
    GA181/6: 19 Marker (S.106-124) - SECHSTER VORTRAG
    GA181/7: 18 Marker (S.125-144) - SIEBENTER VORTRAG
    GA181/8: 17 Marker (S.145-161) - ACHTER VORTRAG
    GA181/9: 18 Marker (S.162-179) - NEUNTER VORTRAG
    GA181/10: 21 Marker (S.180-201) - ZEHNTER VORTRAG
    GA181/11: 15 Marker (S.202-216) - ELFTER VORTRAG
    GA181/12: 17 Marker (S.217-234) - ZWÖLFTER VORTRAG
    GA181/13: 21 Marker (S.235-255) - DREIZEHNTER VORTRAG
    GA181/14: 21 Marker (S.256-278) - VIERZEHNTER VORTRAG
    GA181/15: 17 Marker (S.279-295) - FÜNFZEHNTER VORTRAG
    GA181/16: 24 Marker (S.296-319) - SECHZEHNTER VORTRAG
    GA181/17: 19 Marker (S.320-338) - SIEBZEHNTER VORTRAG
    GA181/18: 20 Marker (S.339-358) - ACHTZEHNTER VORTRAG
    GA181/19: 24 Marker (S.359-382) - NEUNZEHNTER VORTRAG
    GA181/20: 25 Marker (S.383-407) - ZWANZIGSTER VORTRAG
    GA181/21: 23 Marker (S.408-480) - EINUNDZWANZIGSTER VORTRAG

  Gesamt: 414 Marker eingefügt
  Gespeichert in: GA181.json
  Archiviert: GA181.json

============================================================
Verarbeite GA181 (MD)
============================================================
  MD-Ordner: GA181-Erdensterben und Weltenleben.Anthroposophische Lebensgaben. Bewusstseins-Notwendigkeiten
  PDF: Steiner, Rudolf GA 181 1991 - Erdensterben und Weltenleben.pdf
  Extrahiere PDF-Seiten...
  480 Seiten mit Seitenzahlen
  22 MD-Dateien gefunden
    GA181/1: 18/18 Marker (S.11-28)
    GA181/10: 21/22 Marker (S.180-201)
    GA181/11: 15/15 Marker (S.202-216)
    GA181/12: 17/18 Marker (S.217-234)
    GA181/13: 21/21 Marker (S.235-255)
    GA181/14: 21/23 Marker (S.256-278)
    GA181/15: 17/17 Marker (S.279-295)
    GA181/16: 24/24 Marker (S.296-319)
    GA181/17: 19/19 Marker (S.320-338)
    GA181/18: 20/20 Marker (S.339-358)
    GA181/19: 24/24 Marker (S.359-382)
    GA181/2: 21/21 Marker (S.29-49)
    GA181/20: 25/25 Marker (S.383-407)
    GA181/21: 22/73 Marker (S.408-480)
    GA181/3: 18/18 Marker (S.50-67)
    GA181/4: 20/20 Marker (S.68-87)
    GA181/5: 18/18 Marker (S.88-105)
    GA181/6: 19/19 Marker (S.106-124)
    GA181/7: 18/20 Marker (S.125-144)
    GA181/8: 17/17 Marker (S.145-161)
    GA181/9: 18/18 Marker (S.162-179)

  Gesamt: 413 Marker in 21 Dateien
  JSON: 0 Marker
  MD: 0 Marker

============================================================
Verarbeite GA182
============================================================

============================================================
Verarbeite GA182
============================================================
  PDF: Steiner, Rudolf GA 182 1996 - Der Tod als Lebenswandlung.pdf
  Extrahiere PDF-Seiten...
  206 Seiten mit Seitenzahlen
  7 Vorträge geladen
    GA182/1: 27 Marker (S.9-35) - DIE DREI REICHE DER TOTEN DAS LEBEN ZWIS
    GA182/2: 22 Marker (S.36-57) - DER TOD ALS LEBENSWANDLUNG
    GA182/3: 22 Marker (S.58-79) - MENSCH UND WELT
    GA182/4: 24 Marker (S.80-103) - ZEICHEN DER ZEIT OSTEN
    GA182/5: 34 Marker (S.104-137) - DAS SICH-AUFBÄUMEN DER MENSCHEN GEGEN DE
    GA182/6: 23 Marker (S.138-160) - WAS TUT DER ENGEL IN UNSEREM ASTRALLEIB
    GA182/7: 29 Marker (S.161-206) - WIE FINDE ICH DEN CHRISTUS

  Gesamt: 181 Marker eingefügt
  Gespeichert in: GA182.json
  Archiviert: GA182.json

============================================================
Verarbeite GA182 (MD)
============================================================
  MD-Ordner: GA182-Der Tod als Lebenswandlung
  PDF: Steiner, Rudolf GA 182 1996 - Der Tod als Lebenswandlung.pdf
  Extrahiere PDF-Seiten...
  206 Seiten mit Seitenzahlen
  8 MD-Dateien gefunden
    GA182/1: 27/27 Marker (S.9-35)
    GA182/2: 22/22 Marker (S.36-57)
    GA182/3: 22/22 Marker (S.58-79)
    GA182/4: 24/24 Marker (S.80-103)
    GA182/5: 34/34 Marker (S.104-137)
    GA182/6: 23/23 Marker (S.138-160)
    GA182/7: 29/46 Marker (S.161-206)

  Gesamt: 181 Marker in 7 Dateien
  JSON: 0 Marker
  MD: 0 Marker

============================================================
Verarbeite GA183
============================================================

============================================================
Verarbeite GA183
============================================================
  PDF: Steiner, Rudolf GA 183, 1990 - Die Wissenschaft vom Werden des Menschen.pdf
  Extrahiere PDF-Seiten...
  208 Seiten mit Seitenzahlen
  9 Vorträge geladen
    GA183/1: 20 Marker (S.9-28) - ERSTER VORTRAG
    GA183/2: 14 Marker (S.29-43) - ZWEITER VORTRAG
    GA183/3: 14 Marker (S.44-58) - DRITTER VORTRAG
    GA183/4: 16 Marker (S.59-74) - VIERTER VORTRAG
    GA183/5: 21 Marker (S.75-96) - FÜNFTER VORTRAG
    GA183/6: 25 Marker (S.97-121) - SECHSTER VORTRAG
    GA183/7: 22 Marker (S.122-143) - SIEBENTER VORTRAG
    GA183/8: 15 Marker (S.144-158) - ACHTER VORTRAG
    GA183/9: 26 Marker (S.159-208) - NEUNTER VORTRAG

  Gesamt: 173 Marker eingefügt
  Gespeichert in: GA183.json
  Archiviert: GA183.json

============================================================
Verarbeite GA183 (MD)
============================================================
  MD-Ordner: GA183-Die Wissenschaft vom Werden des Menschen
  PDF: Steiner, Rudolf GA 183, 1990 - Die Wissenschaft vom Werden des Menschen.pdf
  Extrahiere PDF-Seiten...
  208 Seiten mit Seitenzahlen
  10 MD-Dateien gefunden
    GA183/1: 20/20 Marker (S.9-28)
    GA183/2: 14/15 Marker (S.29-43)
    GA183/3: 14/15 Marker (S.44-58)
    GA183/4: 16/16 Marker (S.59-74)
    GA183/5: 21/22 Marker (S.75-96)
    GA183/6: 25/25 Marker (S.97-121)
    GA183/7: 22/22 Marker (S.122-143)
    GA183/8: 15/15 Marker (S.144-158)
    GA183/9: 26/50 Marker (S.159-208)

  Gesamt: 173 Marker in 9 Dateien
  JSON: 0 Marker
  MD: 0 Marker

============================================================
Verarbeite GA184
============================================================

============================================================
Verarbeite GA184
============================================================
  PDF: Steiner, Rudolf GA 184 2002 - Die Polarität von Dauer und Entwicklung.pdf
  Extrahiere PDF-Seiten...
  347 Seiten mit Seitenzahlen
  15 Vorträge geladen
    GA184/1: 22 Marker (S.9-30) - ERSTER VORTRAG
    GA184/2: 19 Marker (S.31-50) - ZWEITER VORTRAG
    GA184/3: 27 Marker (S.51-78) - DRITTER VORTRAG
    GA184/4: 22 Marker (S.79-101) - VIERTER VORTRAG
    GA184/5: 20 Marker (S.102-121) - FÜNFTER VORTRAG
    GA184/6: 21 Marker (S.122-143) - SECHSTER VORTRAG
    GA184/7: 13 Marker (S.144-156) - SIEBENTER VORTRAG
    GA184/8: 17 Marker (S.157-173) - ACHTER VORTRAG
    GA184/9: 21 Marker (S.174-195) - NEUNTER VORTRAG
    GA184/10: 23 Marker (S.196-218) - ZEHNTER VORTRAG
    GA184/11: 13 Marker (S.219-231) - ELFTER VORTRAG
    GA184/12: 25 Marker (S.232-256) - ZWÖLFTER VORTRAG
    GA184/13: 18 Marker (S.257-275) - DREIZEHNTER VORTRAG
    GA184/14: 23 Marker (S.276-298) - VIERZEHNTER VORTRAG
    GA184/15: 23 Marker (S.299-348) - FÜNFZEHNTER VORTRAG

  Gesamt: 307 Marker eingefügt
  Gespeichert in: GA184.json
  Archiviert: GA184.json

============================================================
Verarbeite GA184 (MD)
============================================================
  MD-Ordner: GA184-Die Polarität von Dauer und Entwickelung im Menschenleben
  PDF: Steiner, Rudolf GA 184 2002 - Die Polarität von Dauer und Entwicklung.pdf
  Extrahiere PDF-Seiten...
  347 Seiten mit Seitenzahlen
  16 MD-Dateien gefunden
    GA184/1: 21/22 Marker (S.9-30)
    GA184/10: 23/23 Marker (S.196-218)
    GA184/11: 13/13 Marker (S.219-231)
    GA184/12: 25/25 Marker (S.232-256)
    GA184/13: 18/19 Marker (S.257-275)
    GA184/14: 23/23 Marker (S.276-298)
    GA184/15: 23/50 Marker (S.299-348)
    GA184/2: 19/20 Marker (S.31-50)
    GA184/3: 27/28 Marker (S.51-78)
    GA184/4: 22/23 Marker (S.79-101)
    GA184/5: 20/20 Marker (S.102-121)
    GA184/6: 21/22 Marker (S.122-143)
    GA184/7: 13/13 Marker (S.144-156)
    GA184/8: 17/17 Marker (S.157-173)
    GA184/9: 21/22 Marker (S.174-195)

  Gesamt: 306 Marker in 15 Dateien
  JSON: 0 Marker
  MD: 0 Marker

============================================================
Verarbeite GA185
============================================================

============================================================
Verarbeite GA185
============================================================
  PDF: Steiner, Rudolf GA 185 1982 - Geschichtliche Symptomatologie.pdf
  Extrahiere PDF-Seiten...
  254 Seiten mit Seitenzahlen
  9 Vorträge geladen
    GA185/1: 24 Marker (S.11-36) - ERSTER VORTRAG
    GA185/2: 23 Marker (S.37-62) - ZWEITER VORTRAG
    GA185/3: 20 Marker (S.63-84) - DRITTER VORTRAG
    GA185/4: 20 Marker (S.85-106) - VIERTER VORTRAG
    GA185/5: 18 Marker (S.107-126) - FÜNFTER VORTRAG
    GA185/6: 24 Marker (S.127-152) - SECHSTER VORTRAG
    GA185/7: 25 Marker (S.153-180) - SIEBENTER VORTRAG
    GA185/8: 17 Marker (S.181-199) - ACHTER VORTRAG
    GA185/9: 32 Marker (S.200-254) - NEUNTER VORTRAG

  Gesamt: 203 Marker eingefügt
  Gespeichert in: GA185.json
  Archiviert: GA185.json

============================================================
Verarbeite GA185 (MD)
============================================================
  MD-Ordner: GA185-Geschichtliche Symptomatologie
  PDF: Steiner, Rudolf GA 185 1982 - Geschichtliche Symptomatologie.pdf
  Extrahiere PDF-Seiten...
  254 Seiten mit Seitenzahlen
  10 MD-Dateien gefunden
    GA185/1: 24/26 Marker (S.11-36)
    GA185/2: 23/26 Marker (S.37-62)
    GA185/3: 20/22 Marker (S.63-84)
    GA185/4: 20/22 Marker (S.85-106)
    GA185/5: 18/20 Marker (S.107-126)
    GA185/6: 24/26 Marker (S.127-152)
    GA185/7: 25/28 Marker (S.153-180)
    GA185/8: 17/19 Marker (S.181-199)
    GA185/9: 32/55 Marker (S.200-254)

  Gesamt: 203 Marker in 9 Dateien
  JSON: 0 Marker
  MD: 0 Marker

============================================================
Verarbeite GA186
============================================================

============================================================
Verarbeite GA186
============================================================
  PDF: Steiner, Rudolf GA 186 1990 - Die soziale Grundforderung unserer Zeit.pdf
  Extrahiere PDF-Seiten...
  337 Seiten mit Seitenzahlen
  11 Vorträge geladen
    GA186/1: 28 Marker (S.9-36) - ERSTER VORTRAG
    GA186/2: 19 Marker (S.37-55) - ZWEITER VORTRAG
    GA186/3: 32 Marker (S.56-87) - DRITTER VORTRAG
    GA186/4: 22 Marker (S.88-110) - VIERTER VORTRAG
    GA186/5: 19 Marker (S.111-129) - FÜNFTER VORTRAG
    GA186/6: 28 Marker (S.130-157) - SECHSTER VORTRAG
    GA186/7: 30 Marker (S.158-187) - SIEBENTER VORTRAG
    GA186/8: 24 Marker (S.188-211) - ACHTER VORTRAG
    GA186/9: 25 Marker (S.212-236) - NEUNTER VORTRAG
    GA186/10: 30 Marker (S.237-267) - ZEHNTER VORTRAG
    GA186/11: 51 Marker (S.268-336) - Elfter Vortrag

  Gesamt: 308 Marker eingefügt
  Gespeichert in: GA186.json
  Archiviert: GA186.json

============================================================
Verarbeite GA186 (MD)
============================================================
  MD-Ordner: GA186-Die soziale Grundforderung unserer Zeit   In geänderter Zeitlage
  PDF: Steiner, Rudolf GA 186 1990 - Die soziale Grundforderung unserer Zeit.pdf
  Extrahiere PDF-Seiten...
  337 Seiten mit Seitenzahlen
  12 MD-Dateien gefunden
    GA186/1: 28/28 Marker (S.9-36)
    GA186/10: 30/31 Marker (S.237-267)
    GA186/11: 51/69 Marker (S.268-336)
    GA186/2: 19/19 Marker (S.37-55)
    GA186/3: 32/32 Marker (S.56-87)
    GA186/4: 22/23 Marker (S.88-110)
    GA186/5: 19/19 Marker (S.111-129)
    GA186/6: 27/28 Marker (S.130-157)
    GA186/7: 30/30 Marker (S.158-187)
    GA186/8: 24/24 Marker (S.188-211)
    GA186/9: 25/25 Marker (S.212-236)

  Gesamt: 307 Marker in 11 Dateien
  JSON: 0 Marker
  MD: 0 Marker

============================================================
Verarbeite GA187
============================================================

============================================================
Verarbeite GA187
============================================================
  PDF: Steiner, Rudolf GA 187 1995 - Wie kann die Menschheit den Christus wiederfinden.pdf
  Extrahiere PDF-Seiten...
  207 Seiten mit Seitenzahlen
  8 Vorträge geladen
    GA187/1: 17 Marker (S.11-29) - ERSTER VORTRAG
    GA187/2: 11 Marker (S.30-43) - ZWEITER VORTRAG
    GA187/3: 21 Marker (S.44-66) - DRITTER VORTRAG
    GA187/4: 24 Marker (S.67-93) - VIERTER VORTRAG
    GA187/5: 18 Marker (S.94-113) - FÜNFTER VORTRAG
    GA187/6: 25 Marker (S.114-140) - SECHSTER VORTRAG
    GA187/7: 23 Marker (S.141-165) - SIEBENTER VORTRAG
    GA187/8: 23 Marker (S.166-206) - ACHTER VORTRAG

  Gesamt: 162 Marker eingefügt
  Gespeichert in: GA187.json
  Archiviert: GA187.json

============================================================
Verarbeite GA187 (MD)
============================================================
  MD-Ordner: GA187-Wie kann die Menschheit den Christus wiederfinden
  PDF: Steiner, Rudolf GA 187 1995 - Wie kann die Menschheit den Christus wiederfinden.pdf
  Extrahiere PDF-Seiten...
  207 Seiten mit Seitenzahlen
  9 MD-Dateien gefunden
    GA187/1: 17/19 Marker (S.11-29)
    GA187/2: 11/14 Marker (S.30-43)
    GA187/3: 21/23 Marker (S.44-66)
    GA187/4: 24/27 Marker (S.67-93)
    GA187/5: 18/20 Marker (S.94-113)
    GA187/6: 25/27 Marker (S.114-140)
    GA187/7: 23/25 Marker (S.141-165)
    GA187/8: 23/41 Marker (S.166-206)

  Gesamt: 162 Marker in 8 Dateien
  JSON: 0 Marker
  MD: 0 Marker

============================================================
Verarbeite GA188
============================================================

============================================================
Verarbeite GA188
============================================================
  PDF: Steiner, Rudolf GA 188 1982 - Der Goetheanismus ein Umwandlungsimpuls.pdf
  Extrahiere PDF-Seiten...
  261 Seiten mit Seitenzahlen
  12 Vorträge geladen
    GA188/1: 21 Marker (S.11-34) - ERSTER VORTRAG
    GA188/2: 16 Marker (S.35-52) - ZWEITER VORTRAG
    GA188/3: 29 Marker (S.53-83) - DRITTER VORTRAG
    GA188/4: 19 Marker (S.84-104) - VIERTER VORTRAG
    GA188/5: 18 Marker (S.105-124) - FÜNFTER VORTRAG
    GA188/6: 19 Marker (S.125-145) - SECHSTER VORTRAG
    GA188/7: 22 Marker (S.146-169) - SIEBENTER VORTRAG
    GA188/8: 8 Marker (S.170-180) - ACHTER VORTRAG
    GA188/9: 21 Marker (S.181-203) - NEUNTER VORTRAG
    GA188/10: 16 Marker (S.204-221) - ZEHNTER VORTRAG
    GA188/11: 13 Marker (S.222-236) - ELFTER VORTRAG
    GA188/12: 8 Marker (S.237-262) - ZWÖLFTER VORTRAG

  Gesamt: 210 Marker eingefügt
  Gespeichert in: GA188.json
  Archiviert: GA188.json

============================================================
Verarbeite GA188 (MD)
============================================================
  MD-Ordner: GA188-Der Goetheanismus ein Umwandlungsimpuls und Auferstehungsgedanke
  PDF: Steiner, Rudolf GA 188 1982 - Der Goetheanismus ein Umwandlungsimpuls.pdf
  Extrahiere PDF-Seiten...
  261 Seiten mit Seitenzahlen
  13 MD-Dateien gefunden
    GA188/1: 21/24 Marker (S.11-34)
    GA188/10: 16/18 Marker (S.204-221)
    GA188/11: 13/15 Marker (S.222-236)
    GA188/12: 8/26 Marker (S.237-262)
    GA188/2: 16/18 Marker (S.35-52)
    GA188/3: 29/31 Marker (S.53-83)
    GA188/4: 19/21 Marker (S.84-104)
    GA188/5: 18/20 Marker (S.105-124)
    GA188/6: 19/21 Marker (S.125-145)
    GA188/7: 22/24 Marker (S.146-169)
    GA188/8: 8/11 Marker (S.170-180)
    GA188/9: 21/23 Marker (S.181-203)

  Gesamt: 210 Marker in 12 Dateien
  JSON: 0 Marker
  MD: 0 Marker

============================================================
Verarbeite GA189
============================================================

============================================================
Verarbeite GA189
============================================================
  PDF: Steiner, Rudolf GA 189 1980 - Die soziale Frage als Bewusstseinsfrage.pdf
  Extrahiere PDF-Seiten...
  184 Seiten mit Seitenzahlen
  8 Vorträge geladen
    GA189/1: 19 Marker (S.11-29) - ERSTER VORTRAG
    GA189/2: 23 Marker (S.30-52) - ZWEITER VORTRAG
    GA189/3: 23 Marker (S.53-75) - DRITTER VORTRAG
    GA189/4: 19 Marker (S.76-94) - VIERTER VORTRAG
    GA189/5: 19 Marker (S.95-113) - FÜNFTER VORTRAG
    GA189/6: 23 Marker (S.114-136) - SECHSTER VORTRAG
    GA189/7: 16 Marker (S.137-152) - SIEBENTER VORTRAG
    GA189/8: 17 Marker (S.153-184) - ACHTER VORTRAG

  Gesamt: 159 Marker eingefügt
  Gespeichert in: GA189.json
  Archiviert: GA189.json

============================================================
Verarbeite GA189 (MD)
============================================================
  MD-Ordner: GA189-Die soziale Frage als Bewusstseinsfrage
  PDF: Steiner, Rudolf GA 189 1980 - Die soziale Frage als Bewusstseinsfrage.pdf
  Extrahiere PDF-Seiten...
  184 Seiten mit Seitenzahlen
  9 MD-Dateien gefunden
    GA189/1: 19/19 Marker (S.11-29)
    GA189/2: 23/23 Marker (S.30-52)
    GA189/3: 23/23 Marker (S.53-75)
    GA189/4: 19/19 Marker (S.76-94)
    GA189/5: 19/19 Marker (S.95-113)
    GA189/6: 23/23 Marker (S.114-136)
    GA189/7: 16/16 Marker (S.137-152)
    GA189/8: 17/32 Marker (S.153-184)

  Gesamt: 159 Marker in 8 Dateien
  JSON: 0 Marker
  MD: 0 Marker

============================================================
Verarbeite GA190
============================================================

============================================================
Verarbeite GA190
============================================================
  FEHLER: Keine PDF gefunden

============================================================
Verarbeite GA190 (MD)
============================================================
  MD-Ordner: GA190-Vergangenheits- und Zukunftsimpulse im sozialen Geschehen
  FEHLER: Keine PDF gefunden
  JSON: 0 Marker
  MD: 0 Marker

============================================================
Verarbeite GA191
============================================================

============================================================
Verarbeite GA191
============================================================
  PDF: Steiner, Rudolf GA 191 1989 - Soziales Verständnis aus geisteswissenschaftlicher Erkenntnis.pdf
  Extrahiere PDF-Seiten...
  297 Seiten mit Seitenzahlen
  15 Vorträge geladen
    GA191/1: 18 Marker (S.13-30) - ERSTER VORTRAG
    GA191/2: 18 Marker (S.31-48) - ZWEITER VORTRAG
    GA191/3: 19 Marker (S.49-67) - DRITTER VORTRAG
    GA191/4: 21 Marker (S.68-88) - VIERTER VORTRAG
    GA191/5: 12 Marker (S.89-100) - FÜNFTER VORTRAG
    GA191/6: 22 Marker (S.101-123) - SECHSTER VORTRAG
    GA191/7: 18 Marker (S.124-142) - SIEBENTER VORTRAG
    GA191/8: 21 Marker (S.143-164) - ACHTER VORTRAG
    GA191/9: 14 Marker (S.165-179) - NEUNTER VORTRAG
    GA191/10: 14 Marker (S.180-193) - ZEHNTER VORTRAG
    GA191/11: 17 Marker (S.194-210) - ELFTER VORTRAG
    GA191/12: 14 Marker (S.211-224) - ZWÖLFTER VORTRAG
    GA191/13: 21 Marker (S.225-245) - DREIZEHNTER VORTRAG
    GA191/14: 20 Marker (S.246-265) - VIERZEHNTER VORTRAG
    GA191/15: 16 Marker (S.266-296) - FÜNFZEHNTER VORTRAG

  Gesamt: 265 Marker eingefügt
  Gespeichert in: GA191.json
  Archiviert: GA191.json

============================================================
Verarbeite GA191 (MD)
============================================================
  MD-Ordner: GA191-Soziales Verständnis aus geisteswissenschaftlicher Erkenntnis
  PDF: Steiner, Rudolf GA 191 1989 - Soziales Verständnis aus geisteswissenschaftlicher Erkenntnis.pdf
  Extrahiere PDF-Seiten...
  297 Seiten mit Seitenzahlen
  16 MD-Dateien gefunden
    GA191/1: 18/18 Marker (S.13-30)
    GA191/10: 14/14 Marker (S.180-193)
    GA191/11: 17/17 Marker (S.194-210)
    GA191/12: 14/14 Marker (S.211-224)
    GA191/13: 21/21 Marker (S.225-245)
    GA191/14: 20/20 Marker (S.246-265)
    GA191/15: 16/31 Marker (S.266-296)
    GA191/2: 18/18 Marker (S.31-48)
    GA191/3: 19/19 Marker (S.49-67)
    GA191/4: 21/21 Marker (S.68-88)
    GA191/5: 12/12 Marker (S.89-100)
    GA191/6: 22/23 Marker (S.101-123)
    GA191/7: 18/19 Marker (S.124-142)
    GA191/8: 20/22 Marker (S.143-164)
    GA191/9: 14/15 Marker (S.165-179)

  Gesamt: 264 Marker in 15 Dateien
  JSON: 0 Marker
  MD: 0 Marker

============================================================
Verarbeite GA192
============================================================

============================================================
Verarbeite GA192
============================================================
  PDF: Steiner, Rudolf GA 192 1991 - Geisteswissenschaftliche Behandlung sozialer und pädagogischer Fragen.pdf
  Extrahiere PDF-Seiten...
  415 Seiten mit Seitenzahlen
  17 Vorträge geladen
    GA192/1: 24 Marker (S.12-36) - ERSTER VORTRAG
    GA192/2: 24 Marker (S.37-61) - ZWEITER VORTRAG
    GA192/3: 19 Marker (S.62-81) - DRITTER VORTRAG
    GA192/4: 22 Marker (S.82-104) - VIERTER VORTRAG
    GA192/5: 22 Marker (S.105-127) - FÜNFTER VORTRAG
    GA192/6: 18 Marker (S.128-146) - SECHSTER VORTRAG
    GA192/7: 17 Marker (S.147-165) - SIEBENTER VORTRAG
    GA192/8: 18 Marker (S.166-184) - ACHTER VORTRAG
    GA192/9: 19 Marker (S.185-204) - NEUNTER VORTRAG
    GA192/10: 22 Marker (S.205-228) - ZEHNTER VORTRAG
    GA192/11: 24 Marker (S.229-253) - ELFTER VORTRAG
    GA192/12: 21 Marker (S.254-275) - ZWÖLFTER VORTRAG
    GA192/13: 23 Marker (S.276-299) - DREIZEHNTER VORTRAG
    GA192/14: 23 Marker (S.300-323) - VIERZEHNTER VORTRAG
    GA192/15: 24 Marker (S.324-348) - FÜNFZEHNTER VORTRAG
    GA192/16: 20 Marker (S.349-369) - SECHZEHNTER VORTRAG
    GA192/17: 23 Marker (S.370-414) - SIEBZEHNTER VORTRAG

  Gesamt: 363 Marker eingefügt
  Gespeichert in: GA192.json
  Archiviert: GA192.json

============================================================
Verarbeite GA192 (MD)
============================================================
  MD-Ordner: GA192-Geisteswissenschaftliche Behandlung sozialer und pädagogischer Fragen
  PDF: Steiner, Rudolf GA 192 1991 - Geisteswissenschaftliche Behandlung sozialer und pädagogischer Fragen.pdf
  Extrahiere PDF-Seiten...
  415 Seiten mit Seitenzahlen
  18 MD-Dateien gefunden
    GA192/1: 24/25 Marker (S.12-36)
    GA192/10: 22/24 Marker (S.205-228)
    GA192/11: 24/25 Marker (S.229-253)
    GA192/12: 21/22 Marker (S.254-275)
    GA192/13: 23/24 Marker (S.276-299)
    GA192/14: 23/24 Marker (S.300-323)
    GA192/15: 24/25 Marker (S.324-348)
    GA192/16: 20/21 Marker (S.349-369)
    GA192/17: 23/45 Marker (S.370-414)
    GA192/2: 24/25 Marker (S.37-61)
    GA192/3: 19/20 Marker (S.62-81)
    GA192/4: 22/23 Marker (S.82-104)
    GA192/5: 22/23 Marker (S.105-127)
    GA192/6: 18/19 Marker (S.128-146)
    GA192/7: 17/19 Marker (S.147-165)
    GA192/8: 18/19 Marker (S.166-184)
    GA192/9: 19/20 Marker (S.185-204)

  Gesamt: 363 Marker in 17 Dateien
  JSON: 0 Marker
  MD: 0 Marker

============================================================
Verarbeite GA193
============================================================

============================================================
Verarbeite GA193
============================================================
  PDF: Steiner, Rudolf GA 193 1989 - Der innere Aspekt des sozialen Rätsels.pdf
  Extrahiere PDF-Seiten...
  212 Seiten mit Seitenzahlen
  10 Vorträge geladen
    GA193/1: 14 Marker (S.9-22) - ERSTER VORTRAG
    GA193/2: 23 Marker (S.23-45) - ZWEITER VORTRAG
    GA193/3: 20 Marker (S.46-65) - DRITTER VORTRAG
    GA193/4: 20 Marker (S.66-85) - VIERTER VORTRAG
    GA193/5: 17 Marker (S.86-102) - FÜNFTER VORTRAG
    GA193/6: 19 Marker (S.103-121) - SECHSTER VORTRAG
    GA193/7: 20 Marker (S.122-141) - SIEBENTER VORTRAG
    GA193/8: 18 Marker (S.142-159) - ACHTER VORTRAG
    GA193/9: 21 Marker (S.160-180) - NEUNTER VORTRAG
    GA193/10: 20 Marker (S.181-212) - ZEHNTER VORTRAG

  Gesamt: 192 Marker eingefügt
  Gespeichert in: GA193.json
  Archiviert: GA193.json

============================================================
Verarbeite GA193 (MD)
============================================================
  MD-Ordner: GA193-Der innere Aspekt des sozialen Rätsels
  PDF: Steiner, Rudolf GA 193 1989 - Der innere Aspekt des sozialen Rätsels.pdf
  Extrahiere PDF-Seiten...
  212 Seiten mit Seitenzahlen
  11 MD-Dateien gefunden
    GA193/1: 14/14 Marker (S.9-22)
    GA193/10: 20/32 Marker (S.181-212)
    GA193/2: 23/23 Marker (S.23-45)
    GA193/3: 20/20 Marker (S.46-65)
    GA193/4: 20/20 Marker (S.66-85)
    GA193/5: 17/17 Marker (S.86-102)
    GA193/6: 19/19 Marker (S.103-121)
    GA193/7: 20/20 Marker (S.122-141)
    GA193/8: 18/18 Marker (S.142-159)
    GA193/9: 21/21 Marker (S.160-180)

  Gesamt: 192 Marker in 10 Dateien
  JSON: 0 Marker
  MD: 0 Marker

============================================================
Verarbeite GA194
============================================================

============================================================
Verarbeite GA194
============================================================
  PDF: Steiner, Rudolf GA 194 1994 - Die Sendung Michaels.pdf
  Extrahiere PDF-Seiten...
  263 Seiten mit Seitenzahlen
  14 Vorträge geladen
    GA194/1: 14 Marker (S.13-28) - ERSTER VORTRAG
    GA194/2: 16 Marker (S.29-46) - ZWEITER VORTRAG
    GA194/3: 17 Marker (S.47-65) - DRITTER VORTRAG
    GA194/4: 19 Marker (S.66-86) - VIERTER VORTRAG
    GA194/5: 15 Marker (S.87-103) - FÜNFTER VORTRAG
    GA194/6: 15 Marker (S.104-121) - SECHSTER VORTRAG
    GA194/7: 16 Marker (S.122-140) - SIEBENTER VORTRAG
    GA194/8: 14 Marker (S.141-156) - ACHTER VORTRAG
    GA194/9: 17 Marker (S.157-176) - NEUNTER VORTRAG
    GA194/10: 14 Marker (S.177-193) - ZEHNTER VORTRAG
    GA194/11: 20 Marker (S.194-217) - ELFTER VORTRAG
    GA194/12: 16 Marker (S.218-240) - ZWÖLFTER VORTRAG
    GA194/13: 1 Marker (S.241-242) - Einleitung zum Vortrag vom 28. November 
    GA194/14: 4 Marker (S.243-264) - Einleitung zum Vortrag vom 7. Dezember 1

  Gesamt: 198 Marker eingefügt
  Gespeichert in: GA194.json
  Archiviert: GA194.json

============================================================
Verarbeite GA194 (MD)
============================================================
  MD-Ordner: GA194-Die Sendung Michaels
  PDF: Steiner, Rudolf GA 194 1994 - Die Sendung Michaels.pdf
  Extrahiere PDF-Seiten...
  263 Seiten mit Seitenzahlen
  15 MD-Dateien gefunden
    GA194/1: 14/16 Marker (S.13-28)
    GA194/10: 14/17 Marker (S.177-193)
    GA194/11: 20/24 Marker (S.194-217)
    GA194/12: 16/23 Marker (S.218-240)
    GA194/13: 1/2 Marker (S.241-242)
    GA194/14: 4/22 Marker (S.243-264)
    GA194/2: 16/18 Marker (S.29-46)
    GA194/3: 17/19 Marker (S.47-65)
    GA194/4: 19/21 Marker (S.66-86)
    GA194/5: 15/17 Marker (S.87-103)
    GA194/6: 15/18 Marker (S.104-121)
    GA194/7: 16/19 Marker (S.122-140)
    GA194/8: 14/16 Marker (S.141-156)
    GA194/9: 17/20 Marker (S.157-176)

  Gesamt: 198 Marker in 14 Dateien
  JSON: 0 Marker
  MD: 0 Marker

============================================================
Verarbeite GA195
============================================================

============================================================
Verarbeite GA195
============================================================
  PDF: Steiner, Rudolf GA 195 1986 - Weltsilvester und Neujahrsgedanken.pdf
  Extrahiere PDF-Seiten...
  96 Seiten mit Seitenzahlen
  5 Vorträge geladen
    GA195/1: 20 Marker (S.9-29) - ERSTER VORTRAG
    GA195/2: 14 Marker (S.30-43) - ZWEITER VORTRAG
    GA195/3: 15 Marker (S.44-58) - DRITTER VORTRAG
    GA195/4: 11 Marker (S.59-69) - VIERTER VORTRAG
    GA195/5: 15 Marker (S.70-96) - FÜNFTER VORTRAG

  Gesamt: 75 Marker eingefügt
  Gespeichert in: GA195.json
  Archiviert: GA195.json

============================================================
Verarbeite GA195 (MD)
============================================================
  MD-Ordner: GA195-Weltsilvester und Neujahrsgedanken
  PDF: Steiner, Rudolf GA 195 1986 - Weltsilvester und Neujahrsgedanken.pdf
  Extrahiere PDF-Seiten...
  96 Seiten mit Seitenzahlen
  6 MD-Dateien gefunden
    GA195/1: 20/21 Marker (S.9-29)
    GA195/2: 14/14 Marker (S.30-43)
    GA195/3: 15/15 Marker (S.44-58)
    GA195/4: 11/11 Marker (S.59-69)
    GA195/5: 15/27 Marker (S.70-96)

  Gesamt: 75 Marker in 5 Dateien
  JSON: 0 Marker
  MD: 0 Marker

============================================================
Verarbeite GA196
============================================================

============================================================
Verarbeite GA196
============================================================
  PDF: Steiner, Rudolf GA 196 1992 - Geistige und soziale Wandlungen in der Menschheitsentwickelung.pdf
  Extrahiere PDF-Seiten...
  336 Seiten mit Seitenzahlen
  17 Vorträge geladen
    GA196/1: 14 Marker (S.9-22) - ERSTER VORTRAG
    GA196/2: 13 Marker (S.23-37) - ZWEITER VORTRAG
    GA196/3: 17 Marker (S.38-54) - DRITTER VORTRAG
    GA196/4: 16 Marker (S.55-70) - VIERTER VORTRAG
    GA196/5: 18 Marker (S.71-88) - FÜNFTER VORTRAG
    GA196/6: 15 Marker (S.89-105) - SECHSTER VORTRAG
    GA196/7: 29 Marker (S.106-134) - SIEBENTER VORTRAG
    GA196/8: 16 Marker (S.135-150) - NEUNTER VORTRAG
    GA196/9: 16 Marker (S.151-166) - ZEHNTER VORTRAG
    GA196/10: 13 Marker (S.167-179) - ELFTER VORTRAG
    GA196/11: 15 Marker (S.180-195) - ZWÖLFTER VORTRAG
    GA196/12: 14 Marker (S.196-210) - DREIZEHNTER VORTRAG
    GA196/13: 16 Marker (S.211-227) - VIERZEHNTER VORTRAG
    GA196/14: 14 Marker (S.228-243) - FÜNFZEHNTER VORTRAG
    GA196/15: 16 Marker (S.244-259) - SECHZEHNTER VORTRAG
    GA196/16: 13 Marker (S.260-274) - SIEBZEHNTER VORTRAG
    GA196/17: 19 Marker (S.275-336) - ACHTZEHNTER VORTRAG

  Gesamt: 274 Marker eingefügt
  Gespeichert in: GA196.json
  Archiviert: GA196.json

============================================================
Verarbeite GA196 (MD)
============================================================
  MD-Ordner: GA196-Geistige und soziale Wandlungen in der Menschheitsentwickelung
  PDF: Steiner, Rudolf GA 196 1992 - Geistige und soziale Wandlungen in der Menschheitsentwickelung.pdf
  Extrahiere PDF-Seiten...
  336 Seiten mit Seitenzahlen
  18 MD-Dateien gefunden
    GA196/1: 14/14 Marker (S.9-22)
    GA196/10: 13/13 Marker (S.167-179)
    GA196/11: 15/16 Marker (S.180-195)
    GA196/12: 14/15 Marker (S.196-210)
    GA196/13: 16/17 Marker (S.211-227)
    GA196/14: 14/16 Marker (S.228-243)
    GA196/15: 16/16 Marker (S.244-259)
    GA196/16: 13/15 Marker (S.260-274)
    GA196/17: 19/62 Marker (S.275-336)
    GA196/2: 13/15 Marker (S.23-37)
    GA196/3: 17/17 Marker (S.38-54)
    GA196/4: 16/16 Marker (S.55-70)
    GA196/5: 17/18 Marker (S.71-88)
    GA196/6: 15/17 Marker (S.89-105)
    GA196/7: 29/29 Marker (S.106-134)
    GA196/8: 16/16 Marker (S.135-150)
    GA196/9: 16/16 Marker (S.151-166)

  Gesamt: 273 Marker in 17 Dateien
  JSON: 0 Marker
  MD: 0 Marker

============================================================
Verarbeite GA197
============================================================

============================================================
Verarbeite GA197
============================================================
  PDF: Steiner, Rudolf GA 197 1996 - Gegensätze in der Menschheitsentwickelung.pdf
  Extrahiere PDF-Seiten...
  224 Seiten mit Seitenzahlen
  11 Vorträge geladen
    GA197/1: 15 Marker (S.11-27) - ERSTER VORTRAG
    GA197/2: 12 Marker (S.28-41) - ZWEITER VORTRAG
    GA197/3: 15 Marker (S.42-58) - DRITTER VORTRAG
    GA197/4: 15 Marker (S.59-75) - VIERTER VORTRAG
    GA197/5: 19 Marker (S.76-96) - FÜNFTER VORTRAG
    GA197/6: 15 Marker (S.97-114) - SECHSTER VORTRAG
    GA197/7: 15 Marker (S.115-131) - SIEBENTER VORTRAG
    GA197/8: 15 Marker (S.132-148) - ACHTER VORTRAG
    GA197/9: 18 Marker (S.149-168) - NEUNTER VORTRAG
    GA197/10: 20 Marker (S.169-190) - ZEHNTER VORTRAG
    GA197/11: 19 Marker (S.191-224) - ELFTER VORTRAG

  Gesamt: 178 Marker eingefügt
  Gespeichert in: GA197.json
  Archiviert: GA197.json

============================================================
Verarbeite GA197 (MD)
============================================================
  MD-Ordner: GA197-Gegensätze in der Menschheitsentwickelung West und Ost - Materialismus und Mystik -Wissen und Glauben
  PDF: Steiner, Rudolf GA 197 1996 - Gegensätze in der Menschheitsentwickelung.pdf
  Extrahiere PDF-Seiten...
  224 Seiten mit Seitenzahlen
  12 MD-Dateien gefunden
    GA197/1: 15/17 Marker (S.11-27)
    GA197/10: 20/22 Marker (S.169-190)
    GA197/11: 19/34 Marker (S.191-224)
    GA197/2: 12/14 Marker (S.28-41)
    GA197/3: 15/17 Marker (S.42-58)
    GA197/4: 15/17 Marker (S.59-75)
    GA197/5: 19/21 Marker (S.76-96)
    GA197/6: 15/18 Marker (S.97-114)
    GA197/7: 15/17 Marker (S.115-131)
    GA197/8: 15/17 Marker (S.132-148)
    GA197/9: 18/20 Marker (S.149-168)

  Gesamt: 178 Marker in 11 Dateien
  JSON: 0 Marker
  MD: 0 Marker

============================================================
Verarbeite GA198
============================================================

============================================================
Verarbeite GA198
============================================================
  PDF: Steiner, Rudolf GA 198 1984 - Heilfaktoren für den sozialen Organismus.pdf
  Extrahiere PDF-Seiten...
  320 Seiten mit Seitenzahlen
  17 Vorträge geladen
    GA198/1: 10 Marker (S.13-24) - ERSTER VORTRAG
    GA198/2: 15 Marker (S.25-41) - ZWEITER VORTRAG
    GA198/3: 13 Marker (S.42-56) - DRITTER VORTRAG
    GA198/4: 14 Marker (S.57-72) - VIERTER VORTRAG
    GA198/5: 11 Marker (S.73-86) - FÜNFTER VORTRAG
    GA198/6: 15 Marker (S.87-103) - SECHSTER VORTRAG
    GA198/7: 12 Marker (S.104-117) - SIEBENTER VORTRAG
    GA198/8: 16 Marker (S.118-135) - ACHTER VORTRAG
    GA198/9: 14 Marker (S.136-151) - NEUNTER VORTRAG
    GA198/10: 17 Marker (S.152-171) - ZEHNTER VORTRAG
    GA198/11: 16 Marker (S.172-189) - ELFTER VORTRAG
    GA198/12: 24 Marker (S.190-215) - ZWÖLFTER VORTRAG
    GA198/13: 15 Marker (S.216-232) - DREIZEHNTER VORTRAG
    GA198/14: 16 Marker (S.233-251) - VIERZEHNTER VORTRAG
    GA198/15: 14 Marker (S.252-267) - FÜNFZEHNTER VORTRAG
    GA198/16: 15 Marker (S.268-284) - SECHZEHNTER VORTRAG
    GA198/17: 14 Marker (S.285-320) - SIEBZEHNTER VORTRAG

  Gesamt: 251 Marker eingefügt
  Gespeichert in: GA198.json
  Archiviert: GA198.json

============================================================
Verarbeite GA198 (MD)
============================================================
  MD-Ordner: GA198-Heilfaktoren für den sozialen Organismus 1
  PDF: Steiner, Rudolf GA 198 1984 - Heilfaktoren für den sozialen Organismus.pdf
  Extrahiere PDF-Seiten...
  320 Seiten mit Seitenzahlen
  18 MD-Dateien gefunden
    GA198/1: 10/12 Marker (S.13-24)
    GA198/10: 17/20 Marker (S.152-171)
    GA198/11: 16/18 Marker (S.172-189)
    GA198/12: 24/26 Marker (S.190-215)
    GA198/13: 15/17 Marker (S.216-232)
    GA198/14: 16/19 Marker (S.233-251)
    GA198/15: 14/16 Marker (S.252-267)
    GA198/16: 15/17 Marker (S.268-284)
    GA198/17: 14/36 Marker (S.285-320)
    GA198/2: 15/17 Marker (S.25-41)
    GA198/3: 13/15 Marker (S.42-56)
    GA198/4: 14/16 Marker (S.57-72)
    GA198/5: 11/14 Marker (S.73-86)
    GA198/6: 15/17 Marker (S.87-103)
    GA198/7: 12/14 Marker (S.104-117)
    GA198/8: 16/18 Marker (S.118-135)
    GA198/9: 14/16 Marker (S.136-151)

  Gesamt: 251 Marker in 17 Dateien
  JSON: 0 Marker
  MD: 0 Marker

============================================================
Verarbeite GA199
============================================================

============================================================
Verarbeite GA199
============================================================
  PDF: Steiner, Rudolf GA 199 1985 - Geisteswissenschaft als Erkenntnis der Grundimpulse sozialer Gestaltung.pdf
  Extrahiere PDF-Seiten...
  315 Seiten mit Seitenzahlen
  18 Vorträge geladen
    GA199/1: 19 Marker (S.9-27) - ERSTER VORTRAG
    GA199/2: 15 Marker (S.28-43) - ZWEITER VORTRAG
    GA199/3: 15 Marker (S.44-60) - DRITTER VORTRAG
    GA199/4: 18 Marker (S.61-78) - VIERTER VORTRAG
    GA199/5: 16 Marker (S.79-94) - FÜNFTER VORTRAG
    GA199/6: 14 Marker (S.95-108) - SECHSTER VORTRAG
    GA199/7: 19 Marker (S.109-127) - SIEBENTER VORTRAG
    GA199/8: 17 Marker (S.128-144) - ACHTER VORTRAG
    GA199/9: 18 Marker (S.145-162) - NEUNTER VORTRAG
    GA199/10: 14 Marker (S.163-177) - ZEHNTER VORTRAG
    GA199/11: 14 Marker (S.178-191) - ELFTER VORTRAG
    GA199/12: 15 Marker (S.192-206) - ZWÖLFTER VORTRAG
    GA199/13: 16 Marker (S.207-223) - DREIZEHNTER VORTRAG
    GA199/14: 13 Marker (S.224-237) - VIERZEHNTER VORTRAG
    GA199/15: 15 Marker (S.238-252) - FÜNFZEHNTER VORTRAG
    GA199/16: 18 Marker (S.253-270) - SECHZEHNTER VORTRAG
    GA199/17: 8 Marker (S.271-278) - ANSPRACHE
    GA199/18: 17 Marker (S.279-316) - SIEBZEHNTER VORTRAG

  Gesamt: 281 Marker eingefügt
  Gespeichert in: GA199.json
  Archiviert: GA199.json

============================================================
Verarbeite GA199 (MD)
============================================================
  MD-Ordner: GA199-Geisteswissenschaft als Erkenntnis der Grundimpulse sozialer Gestaltung
  PDF: Steiner, Rudolf GA 199 1985 - Geisteswissenschaft als Erkenntnis der Grundimpulse sozialer Gestaltung.pdf
  Extrahiere PDF-Seiten...
  315 Seiten mit Seitenzahlen
  19 MD-Dateien gefunden
    GA199/1: 19/19 Marker (S.9-27)
    GA199/10: 14/15 Marker (S.163-177)
    GA199/11: 14/14 Marker (S.178-191)
    GA199/12: 15/15 Marker (S.192-206)
    GA199/13: 16/17 Marker (S.207-223)
    GA199/14: 13/14 Marker (S.224-237)
    GA199/15: 15/15 Marker (S.238-252)
    GA199/16: 18/18 Marker (S.253-270)
    GA199/17: 8/8 Marker (S.271-278)
    GA199/18: 17/38 Marker (S.279-316)
    GA199/2: 15/16 Marker (S.28-43)
    GA199/3: 15/17 Marker (S.44-60)
    GA199/4: 18/18 Marker (S.61-78)
    GA199/5: 16/16 Marker (S.79-94)
    GA199/6: 14/14 Marker (S.95-108)
    GA199/7: 19/19 Marker (S.109-127)
    GA199/8: 17/17 Marker (S.128-144)
    GA199/9: 18/18 Marker (S.145-162)

  Gesamt: 281 Marker in 18 Dateien
  JSON: 0 Marker
  MD: 0 Marker

============================================================
Verarbeite GA200
============================================================

============================================================
Verarbeite GA200
============================================================
  PDF: Steiner, Rudolf GA 200 2003 - Die neue Geistigkeit und das Christus-Erlebnis.pdf
  Extrahiere PDF-Seiten...
  158 Seiten mit Seitenzahlen
  7 Vorträge geladen
    GA200/1: 21 Marker (S.9-31) - ERSTER VORTRAG
    GA200/2: 15 Marker (S.32-46) - ZWEITER VORTRAG
    GA200/3: 18 Marker (S.47-64) - DRITTER VORTRAG
    GA200/4: 18 Marker (S.65-83) - VIERTER VORTRAG
    GA200/5: 19 Marker (S.84-102) - FÜNFTER VORTRAG
    GA200/6: 18 Marker (S.103-120) - SECHSTER VORTRAG
    GA200/7: 21 Marker (S.121-158) - SIEBENTER VORTRAG

  Gesamt: 130 Marker eingefügt
  Gespeichert in: GA200.json
  Archiviert: GA200.json

============================================================
Verarbeite GA200 (MD)
============================================================
  MD-Ordner: GA200-Die neue Geistigkeit und das Christus-Erlebnis des 20. JH
  PDF: Steiner, Rudolf GA 200 2003 - Die neue Geistigkeit und das Christus-Erlebnis.pdf
  Extrahiere PDF-Seiten...
  158 Seiten mit Seitenzahlen
  8 MD-Dateien gefunden
    GA200/1: 21/23 Marker (S.9-31)
    GA200/2: 15/15 Marker (S.32-46)
    GA200/3: 18/18 Marker (S.47-64)
    GA200/4: 18/19 Marker (S.65-83)
    GA200/5: 19/19 Marker (S.84-102)
    GA200/6: 18/18 Marker (S.103-120)
    GA200/7: 21/38 Marker (S.121-158)

  Gesamt: 130 Marker in 7 Dateien
  JSON: 0 Marker
  MD: 0 Marker

============================================================
ZUSAMMENFASSUNG
============================================================
  Verarbeitet: 50 GAs
  JSON Marker: 0
  MD Marker: 0

  Log gespeichert: pagebreaks_ga151-200_20260108_091042.json
