
############################################################
# Verarbeite GA301 bis GA354
# Log: pagebreaks_ga301-354_20260108_091210.json
############################################################

============================================================
Verarbeite GA301
============================================================

============================================================
Verarbeite GA301
============================================================
  PDF: Steiner, Rudolf GA 301, 1991 - Die Erneuerung der pädagogisch-didaktischen Kunst.pdf
  Extrahiere PDF-Seiten...
  284 Seiten mit Seitenzahlen
  20 Vorträge geladen
    GA301/1: 17 Marker (S.1-284) - ERSTER VORTRAG
    GA301/2: 18 Marker (S.1-284) - ZWEITER VORTRAG
    GA301/3: 12 Marker (S.1-284) - DRITTER VORTRAG
    GA301/4: 16 Marker (S.1-284) - VIERTER VORTRAG
    GA301/5: 14 Marker (S.1-284) - FÜNFTER VORTRAG
    GA301/6: 15 Marker (S.1-284) - SECHSTER VORTRAG
    GA301/7: 4 Marker (S.1-284) - SIEBENTER VORTRAG
    GA301/8: 15 Marker (S.1-284) - ACHTER VORTRAG
    GA301/9: 16 Marker (S.1-284) - NEUNTER VORTRAG
    GA301/10: 16 Marker (S.1-284) - ZEHNTER VORTRAG
    GA301/11: 16 Marker (S.1-284) - ELFTER VORTRAG
    GA301/12: 18 Marker (S.1-284) - ZWÖLFTER VORTRAG
    GA301/13: 14 Marker (S.1-284) - DREIZEHNTER VORTRAG
    GA301/14: 15 Marker (S.1-284) - VIERZEHNTER VORTRAG
    GA301/15: 4 Marker (S.1-284) - FRAGENBEANTWORTUNG IM ANSCHLUSS AN DEN E
    GA301/16: 3 Marker (S.1-284) - AUS DER FRAGENBEANTWORTUNG IM ANSCHLUSS 
    GA301/17: 6 Marker (S.1-284) - AUS DER FRAGENBEANTWORTUNG IM ANSCHLUSS 
    GA301/18: 4 Marker (S.1-284) - AUS DER FRAGENBEANTWORTUNG IM ANSCHLUSS 
    GA301/19: 7 Marker (S.1-284) - EINLEITENDE WORTE ZUR EURYTHMIE-AUFFÜHRU
    GA301/20: 6 Marker (S.1-284) - EINLEITENDE WORTE ZUR EURYTHMIE-AUFFÜHRU

  Gesamt: 236 Marker eingefügt
  Gespeichert in: GA301.json
  Archiviert: GA301.json

============================================================
Verarbeite GA301 (MD)
============================================================
  MD-Ordner: GA301-Die Erneuerung der pädagogisch-didaktischen Kunst durch Geisteswissenschaft
  PDF: Steiner, Rudolf GA 301, 1991 - Die Erneuerung der pädagogisch-didaktischen Kunst.pdf
  Extrahiere PDF-Seiten...
  284 Seiten mit Seitenzahlen
  21 MD-Dateien gefunden
    GA301/1: 17/284 Marker (S.1-284)
    GA301/10: 16/284 Marker (S.1-284)
    GA301/11: 16/284 Marker (S.1-284)
    GA301/12: 18/284 Marker (S.1-284)
    GA301/13: 14/284 Marker (S.1-284)
    GA301/14: 15/284 Marker (S.1-284)
    GA301/15: 4/284 Marker (S.1-284)
    GA301/16: 3/284 Marker (S.1-284)
    GA301/17: 6/284 Marker (S.1-284)
    GA301/18: 4/284 Marker (S.1-284)
    GA301/19: 7/284 Marker (S.1-284)
    GA301/2: 18/284 Marker (S.1-284)
    GA301/20: 6/284 Marker (S.1-284)
    GA301/3: 12/284 Marker (S.1-284)
    GA301/4: 16/284 Marker (S.1-284)
    GA301/5: 14/284 Marker (S.1-284)
    GA301/6: 15/284 Marker (S.1-284)
    GA301/7: 4/284 Marker (S.1-284)
    GA301/8: 15/284 Marker (S.1-284)
    GA301/9: 16/284 Marker (S.1-284)

  Gesamt: 236 Marker in 20 Dateien
  JSON: 0 Marker
  MD: 0 Marker

============================================================
Verarbeite GA302
============================================================

============================================================
Verarbeite GA302
============================================================
  PDF: Steiner, Rudolf GA 302, 1986 - Menschenerkenntnis und Unterrichtsgestaltung.pdf
  Extrahiere PDF-Seiten...
  143 Seiten mit Seitenzahlen
  8 Vorträge geladen
    GA302/1: 18 Marker (S.1-143) - ERSTER VORTRAG
    GA302/2: 15 Marker (S.1-143) - ZWEITER VORTRAG
    GA302/3: 12 Marker (S.1-143) - DRITTER VORTRAG
    GA302/4: 16 Marker (S.1-143) - VIERTER VORTRAG
    GA302/5: 12 Marker (S.1-143) - FÜNFTER VORTRAG
    GA302/6: 18 Marker (S.1-143) - SECHSTER VORTRAG
    GA302/7: 15 Marker (S.1-143) - SIEBENTER VORTRAG
    GA302/8: 17 Marker (S.1-143) - ACHTER VORTRAG

  Gesamt: 123 Marker eingefügt
  Gespeichert in: GA302.json
  Archiviert: GA302.json

============================================================
Verarbeite GA302 (MD)
============================================================
  MD-Ordner: GA302-Menschenerkenntnis und Unterrichtsgestaltung
  PDF: Steiner, Rudolf GA 302, 1986 - Menschenerkenntnis und Unterrichtsgestaltung.pdf
  Extrahiere PDF-Seiten...
  143 Seiten mit Seitenzahlen
  9 MD-Dateien gefunden
    GA302/1: 18/143 Marker (S.1-143)
    GA302/2: 15/143 Marker (S.1-143)
    GA302/3: 12/143 Marker (S.1-143)
    GA302/4: 16/143 Marker (S.1-143)
    GA302/5: 12/143 Marker (S.1-143)
    GA302/6: 18/143 Marker (S.1-143)
    GA302/7: 15/143 Marker (S.1-143)
    GA302/8: 17/143 Marker (S.1-143)

  Gesamt: 123 Marker in 8 Dateien
  JSON: 0 Marker
  MD: 0 Marker

============================================================
Verarbeite GA303
============================================================

============================================================
Verarbeite GA303
============================================================
  PDF: Steiner, Rudolf GA 303, 1987 - Die gesunde Entwickelung des Menschenwesens.pdf
  Extrahiere PDF-Seiten...
  384 Seiten mit Seitenzahlen
  17 Vorträge geladen
    GA303/1: 16 Marker (S.1-384) - ERSTER VORTRAG
    GA303/2: 7 Marker (S.1-384) - ZWEITER VORTRAG
    GA303/3: 19 Marker (S.1-384) - DRITTER VORTRAG
    GA303/4: 21 Marker (S.1-384) - VIERTER VORTRAG
    GA303/5: 19 Marker (S.1-384) - FÜNFTER VORTRAG
    GA303/6: 20 Marker (S.1-384) - SECHSTER VORTRAG
    GA303/7: 18 Marker (S.1-384) - SIEBENTER VORTRAG
    GA303/8: 19 Marker (S.1-384) - ACHTER VORTRAG
    GA303/9: 7 Marker (S.1-384) - NEUNTER VORTRAG
    GA303/10: 7 Marker (S.1-384) - ZEHNTER VORTRAG
    GA303/11: 13 Marker (S.1-384) - ELFTER VORTRAG
    GA303/12: 17 Marker (S.1-384) - ZWÖLFTER VORTRAG
    GA303/13: 5 Marker (S.1-384) - DREIZEHNTER VORTRAG
    GA303/14: 19 Marker (S.1-384) - VIERZEHNTER VORTRAG
    GA303/15: 11 Marker (S.1-384) - FÜNFZEHNTER VORTRAG
    GA303/16: 13 Marker (S.1-384) - SECHZEHNTER VORTRAG
    GA303/17: 6 Marker (S.1-384) - Aus der Diskussion vom 3. Januar 1922

  Gesamt: 237 Marker eingefügt
  Gespeichert in: GA303.json
  Archiviert: GA303.json

============================================================
Verarbeite GA303 (MD)
============================================================
  MD-Ordner: GA303-Die gesunde Entwickelung des Leiblich-Physischen als Grundlage der freien Entfaltung des Seelisch-Geistigen
  PDF: Steiner, Rudolf GA 303, 1987 - Die gesunde Entwickelung des Menschenwesens.pdf
  Extrahiere PDF-Seiten...
  384 Seiten mit Seitenzahlen
  18 MD-Dateien gefunden
    GA303/1: 16/384 Marker (S.1-384)
    GA303/10: 7/384 Marker (S.1-384)
    GA303/11: 13/384 Marker (S.1-384)
    GA303/12: 17/384 Marker (S.1-384)
    GA303/13: 5/384 Marker (S.1-384)
    GA303/14: 19/384 Marker (S.1-384)
    GA303/15: 11/384 Marker (S.1-384)
    GA303/16: 11/384 Marker (S.1-384)
    GA303/17: 6/384 Marker (S.1-384)
    GA303/2: 7/384 Marker (S.1-384)
    GA303/3: 19/384 Marker (S.1-384)
    GA303/4: 21/384 Marker (S.1-384)
    GA303/5: 19/384 Marker (S.1-384)
    GA303/6: 20/384 Marker (S.1-384)
    GA303/7: 18/384 Marker (S.1-384)
    GA303/8: 19/384 Marker (S.1-384)
    GA303/9: 7/384 Marker (S.1-384)

  Gesamt: 235 Marker in 17 Dateien
  JSON: 0 Marker
  MD: 0 Marker

============================================================
Verarbeite GA304
============================================================

============================================================
Verarbeite GA304
============================================================
  PDF: Steiner, Rudolf GA 304, 1979 - Erziehungs- und Unterrichtsmethoden auf anthroposophischer.pdf
  Extrahiere PDF-Seiten...
  228 Seiten mit Seitenzahlen
  9 Vorträge geladen
    GA304/1: 26 Marker (S.1-228) - DIE ANTHROPOSOPHISCHE GEISTESWISSENSCHAF
    GA304/2: 30 Marker (S.1-228) - ERZIEHUNGS
    GA304/3: 26 Marker (S.1-228) - DIE PÄDAGOGISCHE BEDEUTUNG DER ERKENNTNI
    GA304/4: 7 Marker (S.1-228) - DIE PÄDAGOGISCHE GRUNDLAGE DER WALDORFSC
    GA304/5: 11 Marker (S.1-228) - Erster Vortrag
    GA304/6: 7 Marker (S.1-228) - Zweiter Vortrag
    GA304/7: 8 Marker (S.1-228) - DAS DRAMA MIT BEZUG AUF DIE ERZIEHUNG
    GA304/8: 9 Marker (S.1-228) - SHAKESPEARE UND DIE NEUEN IDEALE
    GA304/9: 5 Marker (S.1-228) - EIN VORTRAG ÜBER PÄDAGOGIK WÄHREND DES «

  Gesamt: 129 Marker eingefügt
  Gespeichert in: GA304.json
  Archiviert: GA304.json

============================================================
Verarbeite GA304 (MD)
============================================================
  MD-Ordner: GA304-Erziehungs- und Unterrichtsmethoden auf anthroposophischer Grundlage
  PDF: Steiner, Rudolf GA 304, 1979 - Erziehungs- und Unterrichtsmethoden auf anthroposophischer.pdf
  Extrahiere PDF-Seiten...
  228 Seiten mit Seitenzahlen
  10 MD-Dateien gefunden
    GA304/1: 26/228 Marker (S.1-228)
    GA304/2: 30/228 Marker (S.1-228)
    GA304/3: 26/228 Marker (S.1-228)
    GA304/4: 7/228 Marker (S.1-228)
    GA304/5: 11/228 Marker (S.1-228)
    GA304/6: 7/228 Marker (S.1-228)
    GA304/7: 8/228 Marker (S.1-228)
    GA304/8: 9/228 Marker (S.1-228)
    GA304/9: 5/228 Marker (S.1-228)

  Gesamt: 129 Marker in 9 Dateien
  JSON: 0 Marker
  MD: 0 Marker

============================================================
Verarbeite GA305
============================================================

============================================================
Verarbeite GA305
============================================================
  PDF: Steiner, Rudolf GA 305, 1991 - Die geistig-seelischen Grundkräfte der Erziehungskunst.pdf
  Extrahiere PDF-Seiten...
  272 Seiten mit Seitenzahlen
  15 Vorträge geladen
    GA305/1: 15 Marker (S.1-272) - ERSTER VORTRAG
    GA305/2: 13 Marker (S.1-272) - ZWEITER VORTRAG
    GA305/3: 17 Marker (S.1-272) - DRITTER VORTRAG
    GA305/4: 20 Marker (S.1-272) - VIERTER VORTRAG
    GA305/5: 20 Marker (S.1-272) - SONDERVORTRAG
    GA305/6: 5 Marker (S.1-272) - FÜNFTER VORTRAG
    GA305/7: 8 Marker (S.1-272) - SECHSTER VORTRAG
    GA305/8: 9 Marker (S.1-272) - SIEBENTER VORTRAG
    GA305/9: 12 Marker (S.1-272) - ACHTER VORTRAG
    GA305/10: 4 Marker (S.1-272) - NEUNTER VORTRAG
    GA305/11: 19 Marker (S.1-272) - ZEHNTER VORTRAG
    GA305/12: 21 Marker (S.1-272) - ELFTER VORTRAG
    GA305/13: 21 Marker (S.1-272) - ZWÖLFTER VORTRAG
    GA305/14: 3 Marker (S.1-272) - ANSPRACHE
    GA305/15: 2 Marker (S.1-272) - SCHLUSSWORT

  Gesamt: 189 Marker eingefügt
  Gespeichert in: GA305.json
  Archiviert: GA305.json

============================================================
Verarbeite GA305 (MD)
============================================================
  MD-Ordner: GA305-Die geistig-seelischen Grundkräfte der Erziehungskunst
  PDF: Steiner, Rudolf GA 305, 1991 - Die geistig-seelischen Grundkräfte der Erziehungskunst.pdf
  Extrahiere PDF-Seiten...
  272 Seiten mit Seitenzahlen
  16 MD-Dateien gefunden
    GA305/1: 15/272 Marker (S.1-272)
    GA305/10: 4/272 Marker (S.1-272)
    GA305/11: 19/272 Marker (S.1-272)
    GA305/12: 21/272 Marker (S.1-272)
    GA305/13: 21/272 Marker (S.1-272)
    GA305/14: 3/272 Marker (S.1-272)
    GA305/15: 2/272 Marker (S.1-272)
    GA305/2: 13/272 Marker (S.1-272)
    GA305/3: 17/272 Marker (S.1-272)
    GA305/4: 20/272 Marker (S.1-272)
    GA305/5: 20/272 Marker (S.1-272)
    GA305/6: 5/272 Marker (S.1-272)
    GA305/7: 8/272 Marker (S.1-272)
    GA305/8: 9/272 Marker (S.1-272)
    GA305/9: 12/272 Marker (S.1-272)

  Gesamt: 189 Marker in 15 Dateien
  JSON: 0 Marker
  MD: 0 Marker

============================================================
Verarbeite GA306
============================================================

============================================================
Verarbeite GA306
============================================================
  PDF: Steiner, Rudolf GA 306, 1989 - Die pädagogische Praxis vom Gesichtspunkte.pdf
  Extrahiere PDF-Seiten...
  216 Seiten mit Seitenzahlen
  9 Vorträge geladen
    GA306/1: 22 Marker (S.1-216) - ERSTER VORTRAG
    GA306/2: 19 Marker (S.1-216) - ZWEITER VORTRAG
    GA306/3: 15 Marker (S.1-216) - DRITTER VORTRAG
    GA306/4: 22 Marker (S.1-216) - VIERTER VORTRAG
    GA306/5: 5 Marker (S.1-216) - FÜNFTER VORTRAG
    GA306/6: 6 Marker (S.1-216) - SECHSTER VORTRAG
    GA306/7: 19 Marker (S.1-216) - SIEBENTER VORTRAG
    GA306/8: 13 Marker (S.1-216) - ACHTER VORTRAG
    GA306/9: 5 Marker (S.1-216) - EINLEITENDE WORTE ZUR EURYTHMIE-AUFFÜHRU

  Gesamt: 126 Marker eingefügt
  Gespeichert in: GA306.json
  Archiviert: GA306.json

============================================================
Verarbeite GA306 (MD)
============================================================
  MD-Ordner: GA306-Die pädagogische Praxis vom Gesichtspunkte geisteswissenschaftlicher Menschenerkenntnis
  PDF: Steiner, Rudolf GA 306, 1989 - Die pädagogische Praxis vom Gesichtspunkte.pdf
  Extrahiere PDF-Seiten...
  216 Seiten mit Seitenzahlen
  10 MD-Dateien gefunden
    GA306/1: 22/216 Marker (S.1-216)
    GA306/2: 19/216 Marker (S.1-216)
    GA306/3: 15/216 Marker (S.1-216)
    GA306/4: 22/216 Marker (S.1-216)
    GA306/5: 5/216 Marker (S.1-216)
    GA306/6: 6/216 Marker (S.1-216)
    GA306/7: 19/216 Marker (S.1-216)
    GA306/8: 13/216 Marker (S.1-216)
    GA306/9: 5/216 Marker (S.1-216)

  Gesamt: 126 Marker in 9 Dateien
  JSON: 0 Marker
  MD: 0 Marker

============================================================
Verarbeite GA307
============================================================

============================================================
Verarbeite GA307
============================================================
  PDF: Steiner, Rudolf GA 307, 1986 - Gegenwärtiges Geistesleben und Erziehung.pdf
  Extrahiere PDF-Seiten...
  281 Seiten mit Seitenzahlen
  15 Vorträge geladen
    GA307/1: 18 Marker (S.1-286) - ERSTER VORTRAG
    GA307/2: 18 Marker (S.1-286) - ZWEITER VORTRAG
    GA307/3: 18 Marker (S.1-286) - DRITTER VORTRAG
    GA307/4: 3 Marker (S.1-286) - VIERTER VORTRAG
    GA307/5: 13 Marker (S.1-286) - FÜNFTER VORTRAG
    GA307/6: 19 Marker (S.1-286) - SECHSTER VORTRAG
    GA307/7: 18 Marker (S.1-286) - SIEBENTER VORTRAG
    GA307/8: 15 Marker (S.1-286) - ACHTER VORTRAG
    GA307/9: 2 Marker (S.1-286) - NEUNTER VORTRAG
    GA307/10: 19 Marker (S.1-286) - ZEHNTER VORTRAG
    GA307/11: 12 Marker (S.1-286) - ELFTER VORTRAG
    GA307/12: 9 Marker (S.1-286) - ZWÖLFTER VORTRAG
    GA307/13: 5 Marker (S.1-286) - DREIZEHNTER VORTRAG
    GA307/14: 4 Marker (S.1-286) - VIERZEHNTER VORTRAG
    GA307/15: 3 Marker (S.1-286) - Einleitende Worte zu einer Eurythmievors

  Gesamt: 176 Marker eingefügt
  Gespeichert in: GA307.json
  Archiviert: GA307.json

============================================================
Verarbeite GA307 (MD)
============================================================
  MD-Ordner: GA307-Gegenwärtiges Geistesleben und Erziehung
  PDF: Steiner, Rudolf GA 307, 1986 - Gegenwärtiges Geistesleben und Erziehung.pdf
  Extrahiere PDF-Seiten...
  281 Seiten mit Seitenzahlen
  16 MD-Dateien gefunden
    GA307/1: 18/286 Marker (S.1-286)
    GA307/10: 19/286 Marker (S.1-286)
    GA307/11: 12/286 Marker (S.1-286)
    GA307/12: 9/286 Marker (S.1-286)
    GA307/13: 5/286 Marker (S.1-286)
    GA307/14: 4/286 Marker (S.1-286)
    GA307/15: 3/286 Marker (S.1-286)
    GA307/2: 18/286 Marker (S.1-286)
    GA307/3: 18/286 Marker (S.1-286)
    GA307/4: 14/286 Marker (S.1-286)
    GA307/5: 13/286 Marker (S.1-286)
    GA307/6: 19/286 Marker (S.1-286)
    GA307/7: 18/286 Marker (S.1-286)
    GA307/8: 15/286 Marker (S.1-286)
    GA307/9: 2/286 Marker (S.1-286)

  Gesamt: 187 Marker in 15 Dateien
  JSON: 0 Marker
  MD: 0 Marker

============================================================
Verarbeite GA308
============================================================

============================================================
Verarbeite GA308
============================================================
  PDF: Steiner, Rudolf GA 308, 1986 - Die Methodik des Lehrens und die Lebensbedingungen des Erziehens.pdf
  Extrahiere PDF-Seiten...
  100 Seiten mit Seitenzahlen
  6 Vorträge geladen
    GA308/1: 16 Marker (S.1-100) - ERSTER VORTRAG
    GA308/2: 19 Marker (S.1-100) - ZWEITER VORTRAG
    GA308/3: 16 Marker (S.1-100) - DRITTER VORTRAG
    GA308/4: 16 Marker (S.1-100) - VIERTER VORTRAG
    GA308/5: 15 Marker (S.1-100) - FÜNFTER VORTRAG
    GA308/6: 3 Marker (S.1-100) - EINE ERZIEHUNGSTAGUNG DER WALDORFSCHULE 

  Gesamt: 85 Marker eingefügt
  Gespeichert in: GA308.json
  Archiviert: GA308.json

============================================================
Verarbeite GA308 (MD)
============================================================
  MD-Ordner: GA308-Die Methodik des Lehrens und die Lebensbedingungen des Erziehens
  PDF: Steiner, Rudolf GA 308, 1986 - Die Methodik des Lehrens und die Lebensbedingungen des Erziehens.pdf
  Extrahiere PDF-Seiten...
  100 Seiten mit Seitenzahlen
  7 MD-Dateien gefunden
    GA308/1: 16/100 Marker (S.1-100)
    GA308/2: 19/100 Marker (S.1-100)
    GA308/3: 16/100 Marker (S.1-100)
    GA308/4: 16/100 Marker (S.1-100)
    GA308/5: 15/100 Marker (S.1-100)
    GA308/6: 3/100 Marker (S.1-100)

  Gesamt: 85 Marker in 6 Dateien
  JSON: 0 Marker
  MD: 0 Marker

============================================================
Verarbeite GA309
============================================================

============================================================
Verarbeite GA309
============================================================
  PDF: Steiner, Rudolf GA 309 1981 - Anthroposophische Pädagogik und ihre Voraussetzungen.pdf
  Extrahiere PDF-Seiten...
  112 Seiten mit Seitenzahlen
  5 Vorträge geladen
    GA309/1: 16 Marker (S.1-112) - ERSTER VORTRAG
    GA309/2: 18 Marker (S.1-112) - ZWEITER VORTRAG
    GA309/3: 18 Marker (S.1-112) - DRITTER VORTRAG
    GA309/4: 15 Marker (S.1-112) - VIERTER VORTRAG
    GA309/5: 15 Marker (S.1-112) - FÜNFTER VORTRAG

  Gesamt: 82 Marker eingefügt
  Gespeichert in: GA309.json
  Archiviert: GA309.json

============================================================
Verarbeite GA309 (MD)
============================================================
  MD-Ordner: GA309-Anthroposophische Pädagogik und ihre Voraussetzungen
  PDF: Steiner, Rudolf GA 309 1981 - Anthroposophische Pädagogik und ihre Voraussetzungen.pdf
  Extrahiere PDF-Seiten...
  112 Seiten mit Seitenzahlen
  6 MD-Dateien gefunden
    GA309/1: 16/112 Marker (S.1-112)
    GA309/2: 18/112 Marker (S.1-112)
    GA309/3: 18/112 Marker (S.1-112)
    GA309/4: 15/112 Marker (S.1-112)
    GA309/5: 15/112 Marker (S.1-112)

  Gesamt: 82 Marker in 5 Dateien
  JSON: 0 Marker
  MD: 0 Marker

============================================================
Verarbeite GA310
============================================================

============================================================
Verarbeite GA310
============================================================
  PDF: Steiner, Rudolf GA 310, 1989 - Der pädagogische Wert der Menschenerkenntnis.pdf
  Extrahiere PDF-Seiten...
  200 Seiten mit Seitenzahlen
  10 Vorträge geladen
    GA310/1: 16 Marker (S.1-200) - ERSTER VORTRAG
    GA310/2: 20 Marker (S.1-200) - ZWEITER VORTRAG
    GA310/3: 23 Marker (S.1-200) - DRITTER VORTRAG
    GA310/4: 19 Marker (S.1-200) - VIERTER VORTRAG
    GA310/5: 19 Marker (S.1-200) - FÜNFTER VORTRAG
    GA310/6: 7 Marker (S.1-200) - SECHSTER VORTRAG
    GA310/7: 16 Marker (S.1-200) - SIEBENTER VORTRAG
    GA310/8: 14 Marker (S.1-200) - ACHTER VORTRAG
    GA310/9: 14 Marker (S.1-200) - NEUNTER VORTRAG
    GA310/10: 14 Marker (S.1-200) - ZEHNTER VORTRAG

  Gesamt: 162 Marker eingefügt
  Gespeichert in: GA310.json
  Archiviert: GA310.json

============================================================
Verarbeite GA310 (MD)
============================================================
  MD-Ordner: GA310-Der pädagogische Wert der Menschenerkenntnis und der Kulturwert der Pädagogik
  PDF: Steiner, Rudolf GA 310, 1989 - Der pädagogische Wert der Menschenerkenntnis.pdf
  Extrahiere PDF-Seiten...
  200 Seiten mit Seitenzahlen
  11 MD-Dateien gefunden
    GA310/1: 16/200 Marker (S.1-200)
    GA310/10: 14/200 Marker (S.1-200)
    GA310/2: 20/200 Marker (S.1-200)
    GA310/3: 23/200 Marker (S.1-200)
    GA310/4: 19/200 Marker (S.1-200)
    GA310/5: 19/200 Marker (S.1-200)
    GA310/6: 7/200 Marker (S.1-200)
    GA310/7: 16/200 Marker (S.1-200)
    GA310/8: 14/200 Marker (S.1-200)
    GA310/9: 14/200 Marker (S.1-200)

  Gesamt: 162 Marker in 10 Dateien
  JSON: 0 Marker
  MD: 0 Marker

============================================================
Verarbeite GA311
============================================================

============================================================
Verarbeite GA311
============================================================
  PDF: Steiner, Rudolf GA 311 1989 - Die Kunst des Erziehens aus dem Erfassen der Menschenwesenheit.pdf
  Extrahiere PDF-Seiten...
  152 Seiten mit Seitenzahlen
  8 Vorträge geladen
    GA311/1: 15 Marker (S.1-152) - ERSTER VORTRAG
    GA311/2: 18 Marker (S.1-152) - ZWEITER VORTRAG
    GA311/3: 16 Marker (S.1-152) - DRITTER VORTRAG
    GA311/4: 14 Marker (S.1-152) - VIERTER VORTRAG
    GA311/5: 16 Marker (S.1-152) - FÜNFTER VORTRAG
    GA311/6: 9 Marker (S.1-152) - SECHSTER VORTRAG
    GA311/7: 16 Marker (S.1-152) - SIEBENTER VORTRAG
    GA311/8: 14 Marker (S.1-152) - FRAGENBEANTWORTUNG

  Gesamt: 118 Marker eingefügt
  Gespeichert in: GA311.json
  Archiviert: GA311.json

============================================================
Verarbeite GA311 (MD)
============================================================
  MD-Ordner: GA311-Die Kunst des Erziehens aus dem Erfassen der Menschenwesenheit
  PDF: Steiner, Rudolf GA 311 1989 - Die Kunst des Erziehens aus dem Erfassen der Menschenwesenheit.pdf
  Extrahiere PDF-Seiten...
  152 Seiten mit Seitenzahlen
  9 MD-Dateien gefunden
    GA311/1: 15/152 Marker (S.1-152)
    GA311/2: 18/152 Marker (S.1-152)
    GA311/3: 16/152 Marker (S.1-152)
    GA311/4: 14/152 Marker (S.1-152)
    GA311/5: 16/152 Marker (S.1-152)
    GA311/6: 9/152 Marker (S.1-152)
    GA311/7: 16/152 Marker (S.1-152)
    GA311/8: 14/152 Marker (S.1-152)

  Gesamt: 118 Marker in 8 Dateien
  JSON: 0 Marker
  MD: 0 Marker

============================================================
Verarbeite GA312
============================================================

============================================================
Verarbeite GA312
============================================================
  PDF: Steiner, Rudolf GA 312 1999 - Geisteswissenschaft und Medizin.pdf
  Extrahiere PDF-Seiten...
  397 Seiten mit Seitenzahlen
  21 Vorträge geladen
    GA312/1: 19 Marker (S.1-400) - ERSTER VORTRAG
    GA312/2: 18 Marker (S.1-400) - ZWEITER VORTRAG
    GA312/3: 18 Marker (S.1-400) - DRITTER VORTRAG
    GA312/4: 20 Marker (S.1-400) - VIERTER VORTRAG
    GA312/5: 6 Marker (S.1-400) - FÜNFTER VORTRAG
    GA312/6: 21 Marker (S.1-400) - SECHSTER VORTRAG
    GA312/7: 6 Marker (S.1-400) - SIEBENTER VORTRAG
    GA312/8: 4 Marker (S.1-400) - ACHTER VORTRAG
    GA312/9: 12 Marker (S.1-400) - NEUNTER VORTRAG
    GA312/10: 11 Marker (S.1-400) - ZEHNTER VORTRAG
    GA312/11: 12 Marker (S.1-400) - ELFTER VORTRAG
    GA312/12: 5 Marker (S.1-400) - ZWÖLFTER VORTRAG
    GA312/13: 13 Marker (S.1-400) - DREIZEHNTER VORTRAG
    GA312/14: 13 Marker (S.1-400) - VIERZEHNTER VORTRAG
    GA312/15: 8 Marker (S.1-400) - FÜNFZEHNTER VORTRAG
    GA312/16: 6 Marker (S.1-400) - SECHZEHNTER VORTRAG
    GA312/17: 8 Marker (S.1-400) - SIEBZEHNTER VORTRAG
    GA312/18: 5 Marker (S.1-400) - ACHTZEHNTER VORTRAG
    GA312/19: 15 Marker (S.1-400) - NEUNZEHNTER VORTRAG
    GA312/20: 6 Marker (S.1-400) - ZWANZIGSTER VORTRAG
    GA312/21: 1 Marker (S.1-400) - Abschlussworte Rudolf Steiners nach der 

  Gesamt: 227 Marker eingefügt
  Gespeichert in: GA312.json
  Archiviert: GA312.json

============================================================
Verarbeite GA312 (MD)
============================================================
  MD-Ordner: GA312-Geisteswissenschaft und Medizin
  PDF: Steiner, Rudolf GA 312 1999 - Geisteswissenschaft und Medizin.pdf
  Extrahiere PDF-Seiten...
  397 Seiten mit Seitenzahlen
  22 MD-Dateien gefunden
    GA312/1: 19/400 Marker (S.1-400)
    GA312/10: 11/400 Marker (S.1-400)
    GA312/11: 12/400 Marker (S.1-400)
    GA312/12: 5/400 Marker (S.1-400)
    GA312/13: 13/400 Marker (S.1-400)
    GA312/14: 13/400 Marker (S.1-400)
    GA312/15: 8/400 Marker (S.1-400)
    GA312/16: 6/400 Marker (S.1-400)
    GA312/17: 8/400 Marker (S.1-400)
    GA312/18: 5/400 Marker (S.1-400)
    GA312/19: 15/400 Marker (S.1-400)
    GA312/2: 18/400 Marker (S.1-400)
    GA312/20: 6/400 Marker (S.1-400)
    GA312/21: 1/400 Marker (S.1-400)
    GA312/3: 18/400 Marker (S.1-400)
    GA312/4: 20/400 Marker (S.1-400)
    GA312/5: 6/400 Marker (S.1-400)
    GA312/6: 21/400 Marker (S.1-400)
    GA312/7: 6/400 Marker (S.1-400)
    GA312/8: 4/400 Marker (S.1-400)
    GA312/9: 12/400 Marker (S.1-400)

  Gesamt: 227 Marker in 21 Dateien
  JSON: 0 Marker
  MD: 0 Marker

============================================================
Verarbeite GA313
============================================================

============================================================
Verarbeite GA313
============================================================
  PDF: Steiner, Rudolf GA 313 2001 - Geisteswissenschaftliche Gesichtspunkte zur Therapie.pdf
  Extrahiere PDF-Seiten...
  190 Seiten mit Seitenzahlen
  11 Vorträge geladen
    GA313/1: 1 Marker (S.1-190) - GA 313
    GA313/2: 2 Marker (S.1-190) - INHALT
    GA313/3: 16 Marker (S.1-190) - ERSTER VORTRAG
    GA313/4: 21 Marker (S.1-190) - ZWEITER VORTRAG
    GA313/5: 17 Marker (S.1-190) - DRITTER VORTRAG
    GA313/6: 17 Marker (S.1-190) - VIERTER VORTRAG
    GA313/7: 16 Marker (S.1-190) - FÜNFTER VORTRAG
    GA313/8: 17 Marker (S.1-190) - SECHSTER VORTRAG
    GA313/9: 19 Marker (S.1-190) - SIEBENTER VORTRAG
    GA313/10: 20 Marker (S.1-190) - ACHTER VORTRAG
    GA313/11: 6 Marker (S.1-190) - NEUNTER VORTRAG

  Gesamt: 152 Marker eingefügt
  Gespeichert in: GA313.json
  Archiviert: GA313.json

============================================================
Verarbeite GA313 (MD)
============================================================
  MD-Ordner: GA313-Geisteswissenschaftliche Gesichtspunkte zur Therapie
  PDF: Steiner, Rudolf GA 313 2001 - Geisteswissenschaftliche Gesichtspunkte zur Therapie.pdf
  Extrahiere PDF-Seiten...
  190 Seiten mit Seitenzahlen
  12 MD-Dateien gefunden
    GA313/1: 1/190 Marker (S.1-190)
    GA313/10: 20/190 Marker (S.1-190)
    GA313/11: 6/190 Marker (S.1-190)
    GA313/2: 2/190 Marker (S.1-190)
    GA313/3: 16/190 Marker (S.1-190)
    GA313/4: 21/190 Marker (S.1-190)
    GA313/5: 17/190 Marker (S.1-190)
    GA313/6: 17/190 Marker (S.1-190)
    GA313/7: 16/190 Marker (S.1-190)
    GA313/8: 17/190 Marker (S.1-190)
    GA313/9: 19/190 Marker (S.1-190)

  Gesamt: 152 Marker in 11 Dateien
  JSON: 0 Marker
  MD: 0 Marker

============================================================
Verarbeite GA314
============================================================

============================================================
Verarbeite GA314
============================================================
  PDF: Steiner, Rudolf GA 314 1989 - Physiologisch-Therapeutisches auf Grundlage der Geisteswissenschaft.pdf
  Extrahiere PDF-Seiten...
  349 Seiten mit Seitenzahlen
  16 Vorträge geladen
    GA314/1: 12 Marker (S.1-350) - Physiologisch-Therapeutisches auf Grundl
    GA314/2: 11 Marker (S.1-350) - ZWEITER VORTRAG
    GA314/3: 13 Marker (S.1-350) - DRITTER VORTRAG
    GA314/4: 18 Marker (S.1-350) - VIERTER VORTRAG
    GA314/5: 22 Marker (S.1-350) - Anthroposophische Grundlagen für die Arz
    GA314/6: 19 Marker (S.1-350) - ZWEITER VORTRAG
    GA314/7: 9 Marker (S.1-350) - DRITTER VORTRAG
    GA314/8: 20 Marker (S.1-350) - VIERTER VORTRAG
    GA314/9: 6 Marker (S.1-350) - Zur Therapie. ERSTER VORTRAG
    GA314/10: 5 Marker (S.1-350) - ZWEITER VORTRAG
    GA314/11: 11 Marker (S.1-350) - DRITTER VORTRAG
    GA314/12: 31 Marker (S.1-350) - DIE HYGIENE ALS SOZIALE FRAGE
    GA314/13: 9 Marker (S.1-350) - ZUR PSYCHIATRIE
    GA314/14: 8 Marker (S.1-350) - ANSPRACHE
    GA314/15: 14 Marker (S.1-350) - AUS BESPRECHUNGEN MIT PRAKTIZIERENDEN ÄR
    GA314/16: 11 Marker (S.1-350) - II.

  Gesamt: 219 Marker eingefügt
  Gespeichert in: GA314.json
  Archiviert: GA314.json

============================================================
Verarbeite GA314 (MD)
============================================================
  MD-Ordner: GA314-Physiologisch-Therapeutisches auf Grundlage der Geisteswissenschaft
  PDF: Steiner, Rudolf GA 314 1989 - Physiologisch-Therapeutisches auf Grundlage der Geisteswissenschaft.pdf
  Extrahiere PDF-Seiten...
  349 Seiten mit Seitenzahlen
  17 MD-Dateien gefunden
    GA314/1: 12/350 Marker (S.1-350)
    GA314/10: 5/350 Marker (S.1-350)
    GA314/11: 11/350 Marker (S.1-350)
    GA314/12: 31/350 Marker (S.1-350)
    GA314/13: 9/350 Marker (S.1-350)
    GA314/14: 8/350 Marker (S.1-350)
    GA314/15: 14/350 Marker (S.1-350)
    GA314/16: 11/350 Marker (S.1-350)
    GA314/2: 11/350 Marker (S.1-350)
    GA314/3: 13/350 Marker (S.1-350)
    GA314/4: 18/350 Marker (S.1-350)
    GA314/5: 22/350 Marker (S.1-350)
    GA314/6: 19/350 Marker (S.1-350)
    GA314/7: 9/350 Marker (S.1-350)
    GA314/8: 20/350 Marker (S.1-350)
    GA314/9: 6/350 Marker (S.1-350)

  Gesamt: 219 Marker in 16 Dateien
  JSON: 0 Marker
  MD: 0 Marker

============================================================
Verarbeite GA315
============================================================

============================================================
Verarbeite GA315
============================================================
  PDF: Steiner, Rudolf GA 315 2003 - Heileurythmie.pdf
  Extrahiere PDF-Seiten...
  174 Seiten mit Seitenzahlen
  8 Vorträge geladen
    GA315/1: 10 Marker (S.1-174) - ERSTER VORTRAG
    GA315/2: 12 Marker (S.1-174) - ZWEITER VORTRAG
    GA315/3: 13 Marker (S.1-174) - DRITTER VORTRAG
    GA315/4: 11 Marker (S.1-174) - VIERTER VORTRAG
    GA315/5: 10 Marker (S.1-174) - FÜNFTER VORTRAG
    GA315/6: 13 Marker (S.1-174) - SECHSTER VORTRAG
    GA315/7: 12 Marker (S.1-174) - SIEBENTER VORTRAG
    GA315/8: 18 Marker (S.1-174) - ACHTER VORTRAG

  Gesamt: 99 Marker eingefügt
  Gespeichert in: GA315.json
  Archiviert: GA315.json

============================================================
Verarbeite GA315 (MD)
============================================================
  MD-Ordner: GA315-Heileurythmie
  PDF: Steiner, Rudolf GA 315 2003 - Heileurythmie.pdf
  Extrahiere PDF-Seiten...
  174 Seiten mit Seitenzahlen
  9 MD-Dateien gefunden
    GA315/1: 10/174 Marker (S.1-174)
    GA315/2: 12/174 Marker (S.1-174)
    GA315/3: 13/174 Marker (S.1-174)
    GA315/4: 11/174 Marker (S.1-174)
    GA315/5: 10/174 Marker (S.1-174)
    GA315/6: 13/174 Marker (S.1-174)
    GA315/7: 12/174 Marker (S.1-174)
    GA315/8: 18/174 Marker (S.1-174)

  Gesamt: 99 Marker in 8 Dateien
  JSON: 0 Marker
  MD: 0 Marker

============================================================
Verarbeite GA316
============================================================

============================================================
Verarbeite GA316
============================================================
  PDF: Steiner, Rudolf GA 316 2003 - Meditative Betrachtungen und Anleitungen zur Vertiefung der Heilkunst.pdf
  Extrahiere PDF-Seiten...
  262 Seiten mit Seitenzahlen
  16 Vorträge geladen
    GA316/1: 13 Marker (S.1-262) - WEIHNACHTSKURS. ERSTER VORTRAG
    GA316/2: 15 Marker (S.1-262) - ZWEITER VORTRAG
    GA316/3: 15 Marker (S.1-262) - DRITTER VORTRAG
    GA316/4: 14 Marker (S.1-262) - VIERTER VORTRAG
    GA316/5: 15 Marker (S.1-262) - FÜNFTER VORTRAG
    GA316/6: 6 Marker (S.1-262) - SECHSTER VORTRAG
    GA316/7: 17 Marker (S.1-262) - SIEBENTER VORTRAG
    GA316/8: 4 Marker (S.1-262) - ACHTER VORTRAG
    GA316/9: 16 Marker (S.1-262) - OSTERKURS
    GA316/10: 10 Marker (S.1-262) - ZWEITER VORTRAG
    GA316/11: 17 Marker (S.1-262) - DRITTER VORTRAG
    GA316/12: 15 Marker (S.1-262) - VIERTER VORTRAG
    GA316/13: 16 Marker (S.1-262) - FÜNFTER VORTRAG
    GA316/14: 7 Marker (S.1-262) - Erster Rundbrief
    GA316/15: 8 Marker (S.1-262) - Anhang zum Kursus für Mediziner Zusammen
    GA316/16: 2 Marker (S.1-262) - MEDITATION

  Gesamt: 190 Marker eingefügt
  Gespeichert in: GA316.json
  Archiviert: GA316.json

============================================================
Verarbeite GA316 (MD)
============================================================
  MD-Ordner: GA316-Meditative Betrachtungen und Anleitungen zur Vertiefung der Heilkunst
  PDF: Steiner, Rudolf GA 316 2003 - Meditative Betrachtungen und Anleitungen zur Vertiefung der Heilkunst.pdf
  Extrahiere PDF-Seiten...
  262 Seiten mit Seitenzahlen
  17 MD-Dateien gefunden
    GA316/1: 13/262 Marker (S.1-262)
    GA316/10: 10/262 Marker (S.1-262)
    GA316/11: 17/262 Marker (S.1-262)
    GA316/12: 10/262 Marker (S.1-262)
    GA316/13: 16/262 Marker (S.1-262)
    GA316/14: 7/262 Marker (S.1-262)
    GA316/15: 8/262 Marker (S.1-262)
    GA316/16: 2/262 Marker (S.1-262)
    GA316/2: 15/262 Marker (S.1-262)
    GA316/3: 15/262 Marker (S.1-262)
    GA316/4: 14/262 Marker (S.1-262)
    GA316/5: 15/262 Marker (S.1-262)
    GA316/6: 6/262 Marker (S.1-262)
    GA316/7: 17/262 Marker (S.1-262)
    GA316/8: 2/262 Marker (S.1-262)
    GA316/9: 16/262 Marker (S.1-262)

  Gesamt: 183 Marker in 16 Dateien
  JSON: 0 Marker
  MD: 0 Marker

============================================================
Verarbeite GA317
============================================================

============================================================
Verarbeite GA317
============================================================
  PDF: Steiner, Rudolf GA 317 1995 - Heilpädagogischer Kurs.pdf
  Extrahiere PDF-Seiten...
  217 Seiten mit Seitenzahlen
  11 Vorträge geladen
    GA317/1: 13 Marker (S.1-217) - ERSTER VORTRAG
    GA317/2: 17 Marker (S.1-217) - ZWEITER VORTRAG
    GA317/3: 19 Marker (S.1-217) - DRITTER VORTRAG
    GA317/4: 15 Marker (S.1-217) - VIERTER VORTRAG
    GA317/5: 13 Marker (S.1-217) - FÜNFTER VORTRAG
    GA317/6: 8 Marker (S.1-217) - SECHSTER VORTRAG
    GA317/7: 4 Marker (S.1-217) - ACHTER VORTRAG
    GA317/8: 7 Marker (S.1-217) - NEUNTER VORTRAG
    GA317/9: 16 Marker (S.1-217) - ZEHNTER VORTRAG
    GA317/10: 16 Marker (S.1-217) - ELFTER VORTRAG
    GA317/11: 12 Marker (S.1-217) - ZWÖLFTER VORTRAG

  Gesamt: 140 Marker eingefügt
  Gespeichert in: GA317.json
  Archiviert: GA317.json

============================================================
Verarbeite GA317 (MD)
============================================================
  MD-Ordner: GA317-Heilpädagogischer Kurs
  PDF: Steiner, Rudolf GA 317 1995 - Heilpädagogischer Kurs.pdf
  Extrahiere PDF-Seiten...
  217 Seiten mit Seitenzahlen
  12 MD-Dateien gefunden
    GA317/1: 13/217 Marker (S.1-217)
    GA317/10: 16/217 Marker (S.1-217)
    GA317/11: 12/217 Marker (S.1-217)
    GA317/2: 18/217 Marker (S.1-217)
    GA317/3: 19/217 Marker (S.1-217)
    GA317/4: 15/217 Marker (S.1-217)
    GA317/5: 13/217 Marker (S.1-217)
    GA317/6: 8/217 Marker (S.1-217)
    GA317/7: 4/217 Marker (S.1-217)
    GA317/8: 7/217 Marker (S.1-217)
    GA317/9: 16/217 Marker (S.1-217)

  Gesamt: 141 Marker in 11 Dateien
  JSON: 0 Marker
  MD: 0 Marker

============================================================
Verarbeite GA318
============================================================

============================================================
Verarbeite GA318
============================================================
  PDF: Steiner, Rudolf GA 318 1994 - Das Zusammenwirken von Ärzten und Seelsorgern.pdf
  Extrahiere PDF-Seiten...
  204 Seiten mit Seitenzahlen
  11 Vorträge geladen
    GA318/1: 12 Marker (S.1-206) - ERSTER VORTRAG
    GA318/2: 14 Marker (S.1-206) - ZWEITER VORTRAG
    GA318/3: 15 Marker (S.1-206) - DRITTER VORTRAG
    GA318/4: 8 Marker (S.1-206) - VIERTER VORTRAG
    GA318/5: 15 Marker (S.1-206) - FÜNFTER VORTRAG
    GA318/6: 13 Marker (S.1-206) - SECHSTER VORTRAG
    GA318/7: 6 Marker (S.1-206) - SIEBENTER VORTRAG
    GA318/8: 12 Marker (S.1-206) - ACHTER VORTRAG
    GA318/9: 13 Marker (S.1-206) - NEUNTER VORTRAG
    GA318/10: 17 Marker (S.1-206) - ZEHNTER VORTRAG
    GA318/11: 6 Marker (S.1-206) - ELFTER VORTRAG

  Gesamt: 131 Marker eingefügt
  Gespeichert in: GA318.json
  Archiviert: GA318.json

============================================================
Verarbeite GA318 (MD)
============================================================
  MD-Ordner: GA318-Das Zusammenwirken von Ärzten und Seelsorgern
  PDF: Steiner, Rudolf GA 318 1994 - Das Zusammenwirken von Ärzten und Seelsorgern.pdf
  Extrahiere PDF-Seiten...
  204 Seiten mit Seitenzahlen
  12 MD-Dateien gefunden
    GA318/1: 12/206 Marker (S.1-206)
    GA318/10: 17/206 Marker (S.1-206)
    GA318/11: 6/206 Marker (S.1-206)
    GA318/2: 14/206 Marker (S.1-206)
    GA318/3: 15/206 Marker (S.1-206)
    GA318/4: 8/206 Marker (S.1-206)
    GA318/5: 15/206 Marker (S.1-206)
    GA318/6: 13/206 Marker (S.1-206)
    GA318/7: 6/206 Marker (S.1-206)
    GA318/8: 12/206 Marker (S.1-206)
    GA318/9: 13/206 Marker (S.1-206)

  Gesamt: 131 Marker in 11 Dateien
  JSON: 0 Marker
  MD: 0 Marker

============================================================
Verarbeite GA319
============================================================

============================================================
Verarbeite GA319
============================================================
  PDF: Steiner, Rudolf GA 319 1994 - Anthroposophische Menschenerkenntnis und Medizin.pdf
  Extrahiere PDF-Seiten...
  255 Seiten mit Seitenzahlen
  12 Vorträge geladen
    GA319/1: 25 Marker (S.1-256) - ERSTER VORTRAG
    GA319/2: 9 Marker (S.1-256) - ZWEITER VORTRAG
    GA319/3: 8 Marker (S.1-256) - DRITTER VORTRAG
    GA319/4: 6 Marker (S.1-256) - VIERTER VORTRAG
    GA319/5: 24 Marker (S.1-256) - FÜNFTER VORTRAG
    GA319/6: 14 Marker (S.1-256) - SECHSTER VORTRAG
    GA319/7: 9 Marker (S.1-256) - FRAGENBEANTWORTUNG
    GA319/8: 6 Marker (S.1-256) - SIEBENTER VORTRAG
    GA319/9: 16 Marker (S.1-256) - ACHTER VORTRAG
    GA319/10: 3 Marker (S.1-256) - NEUNTER VORTRAG
    GA319/11: 6 Marker (S.1-256) - ZEHNTER VORTRAG
    GA319/12: 11 Marker (S.1-256) - ELFTER VORTRAG

  Gesamt: 137 Marker eingefügt
  Gespeichert in: GA319.json
  Archiviert: GA319.json

============================================================
Verarbeite GA319 (MD)
============================================================
  MD-Ordner: GA319-Anthroposophische Menschenerkenntnis und Medizin
  PDF: Steiner, Rudolf GA 319 1994 - Anthroposophische Menschenerkenntnis und Medizin.pdf
  Extrahiere PDF-Seiten...
  255 Seiten mit Seitenzahlen
  13 MD-Dateien gefunden
    GA319/1: 25/256 Marker (S.1-256)
    GA319/10: 3/256 Marker (S.1-256)
    GA319/11: 6/256 Marker (S.1-256)
    GA319/12: 11/256 Marker (S.1-256)
    GA319/2: 9/256 Marker (S.1-256)
    GA319/3: 8/256 Marker (S.1-256)
    GA319/4: 6/256 Marker (S.1-256)
    GA319/5: 24/256 Marker (S.1-256)
    GA319/6: 14/256 Marker (S.1-256)
    GA319/7: 9/256 Marker (S.1-256)
    GA319/8: 6/256 Marker (S.1-256)
    GA319/9: 16/256 Marker (S.1-256)

  Gesamt: 137 Marker in 12 Dateien
  JSON: 0 Marker
  MD: 0 Marker

============================================================
Verarbeite GA320
============================================================

============================================================
Verarbeite GA320
============================================================
  PDF: Steiner, Rudolf GA 320 2000 - Geisteswissenschaftliche Impulse zur Entwickelung der Physik.pdf
  Extrahiere PDF-Seiten...
  207 Seiten mit Seitenzahlen
  11 Vorträge geladen
    GA320/1: 15 Marker (S.1-208) - DISKUSSIONSVOTUM
    GA320/2: 17 Marker (S.1-208) - ERSTER VORTRAG
    GA320/3: 18 Marker (S.1-208) - ZWEITER VORTRAG
    GA320/4: 17 Marker (S.1-208) - DRITTER VORTRAG
    GA320/5: 14 Marker (S.1-208) - VIERTER VORTRAG
    GA320/6: 9 Marker (S.1-208) - FÜNFTER VORTRAG
    GA320/7: 17 Marker (S.1-208) - SECHSTER VORTRAG
    GA320/8: 13 Marker (S.1-208) - SIEBENTER VORTRAG
    GA320/9: 14 Marker (S.1-208) - ACHTER VORTRAG
    GA320/10: 4 Marker (S.1-208) - NEUNTER VORTRAG
    GA320/11: 18 Marker (S.1-208) - ZEHNTER VORTRAG

  Gesamt: 156 Marker eingefügt
  Gespeichert in: GA320.json
  Archiviert: GA320.json

============================================================
Verarbeite GA320 (MD)
============================================================
  MD-Ordner: GA320-Geisteswissenschaftliche Impulse zur Entwickelung der Physik
  PDF: Steiner, Rudolf GA 320 2000 - Geisteswissenschaftliche Impulse zur Entwickelung der Physik.pdf
  Extrahiere PDF-Seiten...
  207 Seiten mit Seitenzahlen
  12 MD-Dateien gefunden
    GA320/1: 15/208 Marker (S.1-208)
    GA320/10: 4/208 Marker (S.1-208)
    GA320/11: 18/208 Marker (S.1-208)
    GA320/2: 17/208 Marker (S.1-208)
    GA320/3: 18/208 Marker (S.1-208)
    GA320/4: 17/208 Marker (S.1-208)
    GA320/5: 14/208 Marker (S.1-208)
    GA320/6: 9/208 Marker (S.1-208)
    GA320/7: 17/208 Marker (S.1-208)
    GA320/8: 13/208 Marker (S.1-208)
    GA320/9: 14/208 Marker (S.1-208)

  Gesamt: 156 Marker in 11 Dateien
  JSON: 0 Marker
  MD: 0 Marker

============================================================
Verarbeite GA321
============================================================

============================================================
Verarbeite GA321
============================================================
  PDF: Steiner, Rudolf GA 321 2000 - Geisteswissenschaftliche Impulse zur Entwickelung der Physik II.pdf
  Extrahiere PDF-Seiten...
  238 Seiten mit Seitenzahlen
  14 Vorträge geladen
    GA321/1: 19 Marker (S.1-240) - ERSTER VORTRAG
    GA321/2: 6 Marker (S.1-240) - ZWEITER VORTRAG
    GA321/3: 14 Marker (S.1-240) - DRITTER VORTRAG
    GA321/4: 14 Marker (S.1-240) - VIERTER VORTRAG
    GA321/5: 8 Marker (S.1-240) - FÜNFTER VORTRAG
    GA321/6: 3 Marker (S.1-240) - SECHSTER VORTRAG
    GA321/7: 13 Marker (S.1-240) - SIEBENTER VORTRAG
    GA321/8: 13 Marker (S.1-240) - ACHTER VORTRAG
    GA321/9: 13 Marker (S.1-240) - NEUNTER VORTRAG
    GA321/10: 10 Marker (S.1-240) - ZEHNTER VORTRAG
    GA321/11: 6 Marker (S.1-240) - ELFTER VORTRAG
    GA321/12: 6 Marker (S.1-240) - ZWÖLFTER VORTRAG
    GA321/13: 12 Marker (S.1-240) - DREIZEHNTER VORTRAG
    GA321/14: 6 Marker (S.1-240) - VIERZEHNTER VORTRAG

  Gesamt: 143 Marker eingefügt
  Gespeichert in: GA321.json
  Archiviert: GA321.json

============================================================
Verarbeite GA321 (MD)
============================================================
  MD-Ordner: GA321-Geisteswissenschaftliche Impulse zur Entwickelung der Physik
  PDF: Steiner, Rudolf GA 321 2000 - Geisteswissenschaftliche Impulse zur Entwickelung der Physik II.pdf
  Extrahiere PDF-Seiten...
  238 Seiten mit Seitenzahlen
  15 MD-Dateien gefunden
    GA321/1: 19/240 Marker (S.1-240)
    GA321/10: 10/240 Marker (S.1-240)
    GA321/11: 6/240 Marker (S.1-240)
    GA321/12: 6/240 Marker (S.1-240)
    GA321/13: 12/240 Marker (S.1-240)
    GA321/14: 6/240 Marker (S.1-240)
    GA321/2: 6/240 Marker (S.1-240)
    GA321/3: 14/240 Marker (S.1-240)
    GA321/4: 14/240 Marker (S.1-240)
    GA321/5: 8/240 Marker (S.1-240)
    GA321/6: 3/240 Marker (S.1-240)
    GA321/7: 13/240 Marker (S.1-240)
    GA321/8: 13/240 Marker (S.1-240)
    GA321/9: 13/240 Marker (S.1-240)

  Gesamt: 143 Marker in 14 Dateien
  JSON: 0 Marker
  MD: 0 Marker

============================================================
Verarbeite GA322
============================================================

============================================================
Verarbeite GA322
============================================================
  PDF: Steiner, Rudolf GA 322 1981 - Grenzen der Naturerkenntnis.pdf
  Extrahiere PDF-Seiten...
  140 Seiten mit Seitenzahlen
  8 Vorträge geladen
    GA322/1: 13 Marker (S.1-140) - ERSTER VORTRAG
    GA322/2: 13 Marker (S.1-140) - ZWEITER VORTRAG
    GA322/3: 14 Marker (S.1-140) - DRITTER VORTRAG
    GA322/4: 14 Marker (S.1-140) - VIERTER VORTRAG
    GA322/5: 14 Marker (S.1-140) - FÜNFTER VORTRAG
    GA322/6: 15 Marker (S.1-140) - SECHSTER VORTRAG
    GA322/7: 17 Marker (S.1-140) - SIEBENTER VORTRAG
    GA322/8: 19 Marker (S.1-140) - ACHTER VORTRAG

  Gesamt: 119 Marker eingefügt
  Gespeichert in: GA322.json
  Archiviert: GA322.json

============================================================
Verarbeite GA322 (MD)
============================================================
  MD-Ordner: GA322-Grenzen der Naturerkenntnis und ihre Überwindung
  PDF: Steiner, Rudolf GA 322 1981 - Grenzen der Naturerkenntnis.pdf
  Extrahiere PDF-Seiten...
  140 Seiten mit Seitenzahlen
  9 MD-Dateien gefunden
    GA322/1: 13/140 Marker (S.1-140)
    GA322/2: 13/140 Marker (S.1-140)
    GA322/3: 14/140 Marker (S.1-140)
    GA322/4: 14/140 Marker (S.1-140)
    GA322/5: 14/140 Marker (S.1-140)
    GA322/6: 15/140 Marker (S.1-140)
    GA322/7: 17/140 Marker (S.1-140)
    GA322/8: 19/140 Marker (S.1-140)

  Gesamt: 119 Marker in 8 Dateien
  JSON: 0 Marker
  MD: 0 Marker

============================================================
Verarbeite GA323
============================================================

============================================================
Verarbeite GA323
============================================================
  PDF: Steiner, Rudolf GA 323 1997 - Das Verhältnis der verschiedenen naturwissenschaftlichen Gebiete zur Astronomie.pdf
  Extrahiere PDF-Seiten...
  375 Seiten mit Seitenzahlen
  18 Vorträge geladen
    GA323/1: 21 Marker (S.1-376) - ERSTER VORTRAG
    GA323/2: 17 Marker (S.1-376) - ZWEITER VORTRAG
    GA323/3: 16 Marker (S.1-376) - DRITTER VORTRAG
    GA323/4: 9 Marker (S.1-376) - VIERTER VORTRAG
    GA323/5: 20 Marker (S.1-376) - FÜNFTER VORTRAG
    GA323/6: 14 Marker (S.1-376) - SECHSTER VORTRAG
    GA323/7: 16 Marker (S.1-376) - SIEBENTER VORTRAG
    GA323/8: 10 Marker (S.1-376) - ACHTER VORTRAG
    GA323/9: 5 Marker (S.1-376) - NEUNTER VORTRAG
    GA323/10: 9 Marker (S.1-376) - ZEHNTER VORTRAG
    GA323/11: 6 Marker (S.1-376) - ELFTER VORTRAG
    GA323/12: 13 Marker (S.1-376) - ZWÖLFTER VORTRAG
    GA323/13: 10 Marker (S.1-376) - DREIZEHNTER VORTRAG
    GA323/14: 15 Marker (S.1-376) - VIERZEHNTER VORTRAG
    GA323/15: 9 Marker (S.1-376) - FÜNFZEHNTER VORTRAG
    GA323/16: 17 Marker (S.1-376) - SECHZEHNTER VORTRAG
    GA323/17: 16 Marker (S.1-376) - SIEBZEHNTER VORTRAG
    GA323/18: 3 Marker (S.1-376) - ACHTZEHNTER VORTRAG

  Gesamt: 226 Marker eingefügt
  Gespeichert in: GA323.json
  Archiviert: GA323.json

============================================================
Verarbeite GA323 (MD)
============================================================
  MD-Ordner: GA323-Das Verhältnis der verschiedenen naturwissenschaftlichen Gebiete zur Astronomie
  PDF: Steiner, Rudolf GA 323 1997 - Das Verhältnis der verschiedenen naturwissenschaftlichen Gebiete zur Astronomie.pdf
  Extrahiere PDF-Seiten...
  375 Seiten mit Seitenzahlen
  19 MD-Dateien gefunden
    GA323/1: 21/376 Marker (S.1-376)
    GA323/10: 9/376 Marker (S.1-376)
    GA323/11: 6/376 Marker (S.1-376)
    GA323/12: 13/376 Marker (S.1-376)
    GA323/13: 10/376 Marker (S.1-376)
    GA323/14: 15/376 Marker (S.1-376)
    GA323/15: 9/376 Marker (S.1-376)
    GA323/16: 17/376 Marker (S.1-376)
    GA323/17: 16/376 Marker (S.1-376)
    GA323/18: 3/376 Marker (S.1-376)
    GA323/2: 17/376 Marker (S.1-376)
    GA323/3: 16/376 Marker (S.1-376)
    GA323/4: 9/376 Marker (S.1-376)
    GA323/5: 20/376 Marker (S.1-376)
    GA323/6: 14/376 Marker (S.1-376)
    GA323/7: 16/376 Marker (S.1-376)
    GA323/8: 10/376 Marker (S.1-376)
    GA323/9: 5/376 Marker (S.1-376)

  Gesamt: 226 Marker in 18 Dateien
  JSON: 0 Marker
  MD: 0 Marker

============================================================
Verarbeite GA324
============================================================

============================================================
Verarbeite GA324
============================================================
  PDF: Steiner, Rudolf GA 324 1991 - Naturbeobachtung, Experiment, Mathematik.pdf
  Extrahiere PDF-Seiten...
  160 Seiten mit Seitenzahlen
  9 Vorträge geladen
    GA324/1: 19 Marker (S.1-160) - ERSTER VORTRAG
    GA324/2: 15 Marker (S.1-160) - ZWEITER VORTRAG
    GA324/3: 17 Marker (S.1-160) - DRITTER VORTRAG
    GA324/4: 17 Marker (S.1-160) - VIERTER VORTRAG
    GA324/5: 14 Marker (S.1-160) - FÜNFTER VORTRAG
    GA324/6: 20 Marker (S.1-160) - SECHSTER VORTRAG
    GA324/7: 5 Marker (S.1-160) - SIEBENTER VORTRAG
    GA324/8: 9 Marker (S.1-160) - ACHTER VORTRAG
    GA324/9: 3 Marker (S.1-160) - DISKUSSIONSVOTUM

  Gesamt: 119 Marker eingefügt
  Gespeichert in: GA324.json
  Archiviert: GA324.json

============================================================
Verarbeite GA324 (MD)
============================================================
  MD-Ordner: GA324-Naturbeobachtung  Mathematik  wissenschaftliches Experiment und Erkenntnisergebnisse
  PDF: Steiner, Rudolf GA 324 1991 - Naturbeobachtung, Experiment, Mathematik.pdf
  Extrahiere PDF-Seiten...
  160 Seiten mit Seitenzahlen
  10 MD-Dateien gefunden
    GA324/1: 19/160 Marker (S.1-160)
    GA324/2: 15/160 Marker (S.1-160)
    GA324/3: 17/160 Marker (S.1-160)
    GA324/4: 17/160 Marker (S.1-160)
    GA324/5: 14/160 Marker (S.1-160)
    GA324/6: 20/160 Marker (S.1-160)
    GA324/7: 5/160 Marker (S.1-160)
    GA324/8: 9/160 Marker (S.1-160)
    GA324/9: 3/160 Marker (S.1-160)

  Gesamt: 119 Marker in 9 Dateien
  JSON: 0 Marker
  MD: 0 Marker

============================================================
Verarbeite GA325
============================================================

============================================================
Verarbeite GA325
============================================================
  PDF: Steiner, Rudolf GA 325 1989 - Die Naturwissenschaft und die weltgeschichtliche Entwickelung der Menschheit.pdf
  Extrahiere PDF-Seiten...
  180 Seiten mit Seitenzahlen
  6 Vorträge geladen
    GA325/1: 31 Marker (S.1-180) - Das europäische Geistesleben im neunzehn
    GA325/2: 25 Marker (S.1-180) - ZWEITER VORTRAG
    GA325/3: 16 Marker (S.1-180) - Die Naturwissenschaft und die weltgeschi
    GA325/4: 22 Marker (S.1-180) - ZWEITER VORTRAG
    GA325/5: 6 Marker (S.1-180) - DRITTER VORTRAG
    GA325/6: 6 Marker (S.1-180) - VIERTER VORTRAG

  Gesamt: 106 Marker eingefügt
  Gespeichert in: GA325.json
  Archiviert: GA325.json

============================================================
Verarbeite GA325 (MD)
============================================================
  MD-Ordner: GA325-Die Naturwissenschaft und die weltgeschichtliche Entwickelung der Menschheit seit dem Altertum
  PDF: Steiner, Rudolf GA 325 1989 - Die Naturwissenschaft und die weltgeschichtliche Entwickelung der Menschheit.pdf
  Extrahiere PDF-Seiten...
  180 Seiten mit Seitenzahlen
  7 MD-Dateien gefunden
    GA325/1: 31/180 Marker (S.1-180)
    GA325/2: 25/180 Marker (S.1-180)
    GA325/3: 16/180 Marker (S.1-180)
    GA325/4: 22/180 Marker (S.1-180)
    GA325/5: 6/180 Marker (S.1-180)
    GA325/6: 6/180 Marker (S.1-180)

  Gesamt: 106 Marker in 6 Dateien
  JSON: 0 Marker
  MD: 0 Marker

============================================================
Verarbeite GA326
============================================================

============================================================
Verarbeite GA326
============================================================
  PDF: Steiner, Rudolf GA 326 1977 - Der Entstehungsmoment der Naturwissenschaft in der Weltgeschichte.pdf
  Extrahiere PDF-Seiten...
  172 Seiten mit Seitenzahlen
  9 Vorträge geladen
    GA326/1: 15 Marker (S.1-172) - ERSTER VORTRAG
    GA326/2: 15 Marker (S.1-172) - ZWEITER VORTRAG
    GA326/3: 17 Marker (S.1-172) - DRITTER VORTRAG
    GA326/4: 12 Marker (S.1-172) - VIERTER VORTRAG
    GA326/5: 5 Marker (S.1-172) - FÜNFTER VORTRAG
    GA326/6: 15 Marker (S.1-172) - SECHSTER VORTRAG
    GA326/7: 18 Marker (S.1-172) - SIEBENTER VORTRAG
    GA326/8: 22 Marker (S.1-172) - ACHTER VORTRAG
    GA326/9: 5 Marker (S.1-172) - NEUNTER VORTRAG

  Gesamt: 124 Marker eingefügt
  Gespeichert in: GA326.json
  Archiviert: GA326.json

============================================================
Verarbeite GA326 (MD)
============================================================
  MD-Ordner: GA326-Der Entstehungsmoment der Naturwissenschaft in der Weltgeschichte und ihre seitherige Entwickelung
  PDF: Steiner, Rudolf GA 326 1977 - Der Entstehungsmoment der Naturwissenschaft in der Weltgeschichte.pdf
  Extrahiere PDF-Seiten...
  172 Seiten mit Seitenzahlen
  10 MD-Dateien gefunden
    GA326/1: 15/172 Marker (S.1-172)
    GA326/2: 15/172 Marker (S.1-172)
    GA326/3: 17/172 Marker (S.1-172)
    GA326/4: 12/172 Marker (S.1-172)
    GA326/5: 5/172 Marker (S.1-172)
    GA326/6: 15/172 Marker (S.1-172)
    GA326/7: 18/172 Marker (S.1-172)
    GA326/8: 22/172 Marker (S.1-172)
    GA326/9: 5/172 Marker (S.1-172)

  Gesamt: 124 Marker in 9 Dateien
  JSON: 0 Marker
  MD: 0 Marker

============================================================
Verarbeite GA327
============================================================

============================================================
Verarbeite GA327
============================================================
  PDF: Steiner, Rudolf GA 327 1999 - Geisteswissenschaftliche Grundlagen zum Gedeihen der Landwirtschaft.pdf
  Extrahiere PDF-Seiten...
  318 Seiten mit Seitenzahlen
  10 Vorträge geladen
    GA327/1: 16 Marker (S.1-319) - ZUR EINFÜHRUNG
    GA327/2: 11 Marker (S.1-319) - ANSPRACHE
    GA327/3: 17 Marker (S.1-319) - ERSTER VORTRAG
    GA327/4: 21 Marker (S.1-319) - Die Bedingungen zum Gedeihen der Landwir
    GA327/5: 22 Marker (S.1-319) - DRITTER VORTRAG
    GA327/6: 14 Marker (S.1-319) - VIERTER VORTRAG
    GA327/7: 17 Marker (S.1-319) - FRAGENBEANTWORTUNG
    GA327/8: 18 Marker (S.1-319) - Die Individualisierung in den Maßnahmen 
    GA327/9: 7 Marker (S.1-319) - SIEBENTER VORTRAG
    GA327/10: 34 Marker (S.1-319) - ACHTER VORTRAG

  Gesamt: 177 Marker eingefügt
  Gespeichert in: GA327.json
  Archiviert: GA327.json

============================================================
Verarbeite GA327 (MD)
============================================================
  MD-Ordner: GA327-Geisteswissenschaftliche Grundlagen zum Gedeihen der Landwirtschaft
  PDF: Steiner, Rudolf GA 327 1999 - Geisteswissenschaftliche Grundlagen zum Gedeihen der Landwirtschaft.pdf
  Extrahiere PDF-Seiten...
  318 Seiten mit Seitenzahlen
  11 MD-Dateien gefunden
    GA327/1: 16/319 Marker (S.1-319)
    GA327/10: 34/319 Marker (S.1-319)
    GA327/2: 11/319 Marker (S.1-319)
    GA327/3: 17/319 Marker (S.1-319)
    GA327/4: 21/319 Marker (S.1-319)
    GA327/5: 22/319 Marker (S.1-319)
    GA327/6: 14/319 Marker (S.1-319)
    GA327/7: 17/319 Marker (S.1-319)
    GA327/8: 18/319 Marker (S.1-319)
    GA327/9: 7/319 Marker (S.1-319)

  Gesamt: 177 Marker in 10 Dateien
  JSON: 0 Marker
  MD: 0 Marker

============================================================
Verarbeite GA328
============================================================

============================================================
Verarbeite GA328
============================================================
  PDF: Steiner, Rudolf GA 328 1977 - Die soziale Frage.pdf
  Extrahiere PDF-Seiten...
  198 Seiten mit Seitenzahlen
  7 Vorträge geladen
    GA328/1: 16 Marker (S.1-198) - ERSTER VORTRAG
    GA328/2: 23 Marker (S.1-198) - ZWEITER VORTRAG
    GA328/3: 3 Marker (S.1-198) - DRITTER VORTRAG
    GA328/4: 12 Marker (S.1-198) - VIERTER VORTRAG
    GA328/5: 9 Marker (S.1-198) - DAS SOZIALE WOLLEN ALS GRUNDLAGE EINER N
    GA328/6: 10 Marker (S.1-198) - WELCHEN SINN HAT DIE ARBEIT DES MODERNEN
    GA328/7: 14 Marker (S.1-198) - AUFZEICHNUNGEN ZU DEN ZÜRCHER VORTRÄGEN 

  Gesamt: 87 Marker eingefügt
  Gespeichert in: GA328.json
  Archiviert: GA328.json

============================================================
Verarbeite GA328 (MD)
============================================================
  MD-Ordner: GA328-Die soziale Frage
  PDF: Steiner, Rudolf GA 328 1977 - Die soziale Frage.pdf
  Extrahiere PDF-Seiten...
  198 Seiten mit Seitenzahlen
  8 MD-Dateien gefunden
    GA328/1: 16/198 Marker (S.1-198)
    GA328/2: 23/198 Marker (S.1-198)
    GA328/3: 3/198 Marker (S.1-198)
    GA328/4: 12/198 Marker (S.1-198)
    GA328/5: 9/198 Marker (S.1-198)
    GA328/6: 10/198 Marker (S.1-198)
    GA328/7: 5/198 Marker (S.1-198)

  Gesamt: 78 Marker in 7 Dateien
  JSON: 0 Marker
  MD: 0 Marker

============================================================
Verarbeite GA329
============================================================

============================================================
Verarbeite GA329
============================================================
  PDF: Steiner, Rudolf GA 329 1985 - Die Befreiung des Menschenwesens als Grundlage für eine soziale Neugestaltung.pdf
  Extrahiere PDF-Seiten...
  345 Seiten mit Seitenzahlen
  10 Vorträge geladen
    GA329/1: 41 Marker (S.1-348) - DIE WIRKLICHEN GRUNDLAGEN EINES VÖLKERBU
    GA329/2: 26 Marker (S.1-348) - WELCHEN SINN HAT DIE ARBEIT DES MODERNEN
    GA329/3: 11 Marker (S.1-348) - PROLETARISCHE FORDERUNGEN UND DEREN KÜNF
    GA329/4: 21 Marker (S.1-348) - PROLETARISCHE FORDERUNGEN UND DEREN KÜNF
    GA329/5: 13 Marker (S.1-348) - SOZIALES WOLLEN UND PROLETARISCHE FORDER
    GA329/6: 11 Marker (S.1-348) - DIE GEISTESWISSENSCHAFTLICHE GRUNDLAGE D
    GA329/7: 10 Marker (S.1-348) - GEISTESWISSENSCHAFT (ANTHROPOSOPHIE) UND
    GA329/8: 14 Marker (S.1-348) - DER GEIST ALS FÜHRER DURCH DIE SINNES- U
    GA329/9: 6 Marker (S.1-348) - DER GEIST ALS FÜHRER DURCH DIE SINNES- U
    GA329/10: 4 Marker (S.1-348) - ANHANG

  Gesamt: 157 Marker eingefügt
  Gespeichert in: GA329.json
  Archiviert: GA329.json

============================================================
Verarbeite GA329 (MD)
============================================================
  MD-Ordner: GA329-Die Befreiung des Menschenwesens als Grundlage für eine soziale Neugestaltung
  PDF: Steiner, Rudolf GA 329 1985 - Die Befreiung des Menschenwesens als Grundlage für eine soziale Neugestaltung.pdf
  Extrahiere PDF-Seiten...
  345 Seiten mit Seitenzahlen
  11 MD-Dateien gefunden
    GA329/1: 41/348 Marker (S.1-348)
    GA329/10: 4/348 Marker (S.1-348)
    GA329/2: 26/348 Marker (S.1-348)
    GA329/3: 11/348 Marker (S.1-348)
    GA329/4: 21/348 Marker (S.1-348)
    GA329/5: 13/348 Marker (S.1-348)
    GA329/6: 11/348 Marker (S.1-348)
    GA329/7: 10/348 Marker (S.1-348)
    GA329/8: 14/348 Marker (S.1-348)
    GA329/9: 6/348 Marker (S.1-348)

  Gesamt: 157 Marker in 10 Dateien
  JSON: 0 Marker
  MD: 0 Marker

============================================================
Verarbeite GA330
============================================================

============================================================
Verarbeite GA330
============================================================
  PDF: Steiner, Rudolf GA 330 1983 - Neugestaltung des sozialen Organismus.pdf
  Extrahiere PDF-Seiten...
  440 Seiten mit Seitenzahlen
  14 Vorträge geladen
    GA330/1: 6 Marker (S.1-440) - AN DAS DEUTSCHE VOLK UND AN DIE KULTURWE
    GA330/2: 42 Marker (S.1-440) - ÖFFENTLICHER VORTRAG FÜR DIE VERSAMMLUNG
    GA330/3: 13 Marker (S.1-440) - PROLETARISCHE FORDERUNGEN UND DEREN KÜNF
    GA330/4: 10 Marker (S.1-440) - WAS UND WIE SOLL SOZIALISIERT WERDEN
    GA330/5: 13 Marker (S.1-440) - DIE KERNPUNKTE DER SOZIALEN FRAGE IN DEN
    GA330/6: 3 Marker (S.1-440) - WEGE AUS DER SOZIALEN NOT UND ZU EINEM P
    GA330/7: 7 Marker (S.1-440) - DIE ZUKUNFT VON KAPITAL UND MENSCHLICHER
    GA330/8: 3 Marker (S.1-440) - EINZELHEITEN ÜBER DIE NEUGESTALTUNG DES 
    GA330/9: 14 Marker (S.1-440) - DER IMPULS ZUM DREIGLIEDRIGEN ORGANISMUS
    GA330/10: 5 Marker (S.1-440) - DAS SOZIALE IN DEN RECHTS- UND WIRTSCHAF
    GA330/11: 8 Marker (S.1-440) - FREIHEIT FÜR DEN GEIST
    GA330/12: 10 Marker (S.1-440) - DIE AUFGABEN DER SCHULEN UND DER DREIGLI
    GA330/13: 5 Marker (S.1-440) - DER WEG ZU ÜBERSINNLICHEN ERFAHRUNGEN UN
    GA330/14: 10 Marker (S.1-440) - Studienabend über «Die Kernpunkte der so

  Gesamt: 149 Marker eingefügt
  Gespeichert in: GA330.json
  Archiviert: GA330.json

============================================================
Verarbeite GA330 (MD)
============================================================
  MD-Ordner: GA330-Neugestaltung des sozialen Organismus
  PDF: Steiner, Rudolf GA 330 1983 - Neugestaltung des sozialen Organismus.pdf
  Extrahiere PDF-Seiten...
  440 Seiten mit Seitenzahlen
  15 MD-Dateien gefunden
    GA330/1: 6/440 Marker (S.1-440)
    GA330/10: 5/440 Marker (S.1-440)
    GA330/11: 8/440 Marker (S.1-440)
    GA330/12: 10/440 Marker (S.1-440)
    GA330/13: 5/440 Marker (S.1-440)
    GA330/14: 10/440 Marker (S.1-440)
    GA330/2: 42/440 Marker (S.1-440)
    GA330/3: 13/440 Marker (S.1-440)
    GA330/4: 10/440 Marker (S.1-440)
    GA330/5: 13/440 Marker (S.1-440)
    GA330/6: 3/440 Marker (S.1-440)
    GA330/7: 7/440 Marker (S.1-440)
    GA330/8: 3/440 Marker (S.1-440)
    GA330/9: 14/440 Marker (S.1-440)

  Gesamt: 149 Marker in 14 Dateien
  JSON: 0 Marker
  MD: 0 Marker

============================================================
Verarbeite GA331
============================================================

============================================================
Verarbeite GA331
============================================================
  PDF: Steiner, Rudolf GA 331 1989 - Betriebsräte und Sozialisierung.pdf
  Extrahiere PDF-Seiten...
  320 Seiten mit Seitenzahlen
  9 Vorträge geladen
    GA331/1: 2 Marker (S.1-320) - VERSAMMLUNG DER ARBEITERAUSSCHÜSSE DER G
    GA331/2: 35 Marker (S.1-320) - ERSTER DISKUSSIONSABEND
    GA331/3: 18 Marker (S.1-320) - ZWEITER DISKUSSIONSABEND
    GA331/4: 13 Marker (S.1-320) - DRITTER DISKUSSIONSABEND
    GA331/5: 4 Marker (S.1-320) - VIERTER DISKUSSIONSABEND
    GA331/6: 6 Marker (S.1-320) - FÜNFTER DISKUSSIONSABEND
    GA331/7: 3 Marker (S.1-320) - SECHSTER DISKUSSIONSABEND
    GA331/8: 2 Marker (S.1-320) - SIEBENTER DISKUSSIONSABEND
    GA331/9: 3 Marker (S.1-320) - Zur Bildung der vorbereitenden Württembe

  Gesamt: 86 Marker eingefügt
  Gespeichert in: GA331.json
  Archiviert: GA331.json

============================================================
Verarbeite GA331 (MD)
============================================================
  MD-Ordner: GA331-Betriebsräte und Sozialisierung
  PDF: Steiner, Rudolf GA 331 1989 - Betriebsräte und Sozialisierung.pdf
  Extrahiere PDF-Seiten...
  320 Seiten mit Seitenzahlen
  10 MD-Dateien gefunden
    GA331/1: 2/320 Marker (S.1-320)
    GA331/2: 35/320 Marker (S.1-320)
    GA331/3: 18/320 Marker (S.1-320)
    GA331/4: 13/320 Marker (S.1-320)
    GA331/5: 4/320 Marker (S.1-320)
    GA331/6: 6/320 Marker (S.1-320)
    GA331/7: 3/320 Marker (S.1-320)
    GA331/8: 2/320 Marker (S.1-320)
    GA331/9: 3/320 Marker (S.1-320)

  Gesamt: 86 Marker in 9 Dateien
  JSON: 0 Marker
  MD: 0 Marker

============================================================
Verarbeite GA332
============================================================

============================================================
Verarbeite GA332
============================================================
  PDF: Steiner, Rudolf GA 332a 1977 - Soziale Zukunft.pdf
  Extrahiere PDF-Seiten...
  238 Seiten mit Seitenzahlen

============================================================
Verarbeite GA332 (MD)
============================================================
  MD-Ordner: GA332a-Soziale Zukunft
  PDF: Steiner, Rudolf GA 332a 1977 - Soziale Zukunft.pdf
  Extrahiere PDF-Seiten...
  238 Seiten mit Seitenzahlen
  7 MD-Dateien gefunden
    GA332/1: 29/238 Marker (S.1-238)
    GA332/2: 15/238 Marker (S.1-238)
    GA332/3: 21/238 Marker (S.1-238)
    GA332/4: 17/238 Marker (S.1-238)
    GA332/5: 9/238 Marker (S.1-238)
    GA332/6: 5/238 Marker (S.1-238)

  Gesamt: 96 Marker in 6 Dateien
  JSON: 0 Marker
  MD: 0 Marker

============================================================
Verarbeite GA333
============================================================

============================================================
Verarbeite GA333
============================================================
  PDF: Steiner, Rudolf GA 333 1985 - Gedankenfreiheit und soziale Kräfte.pdf
  Extrahiere PDF-Seiten...
  176 Seiten mit Seitenzahlen
  6 Vorträge geladen
    GA333/1: 32 Marker (S.1-176) - DIE DREIFACHE GESTALT DER SOZIALEN FRAGE
    GA333/2: 14 Marker (S.1-176) - DIE ERKENNTNIS DES ÜBERSINNLICHEN MENSCH
    GA333/3: 23 Marker (S.1-176) - DIE VERWIRKLICHUNG DER IDEALE FREIHEIT
    GA333/4: 18 Marker (S.1-176) - GEISTESWISSENSCHAFT
    GA333/5: 8 Marker (S.1-176) - DIE WELTBILANZ DES GEISTES UND SEELENLEB
    GA333/6: 9 Marker (S.1-176) - GEIST-ERKENNTNIS ALS TATENGRUNDLAGE

  Gesamt: 104 Marker eingefügt
  Gespeichert in: GA333.json
  Archiviert: GA333.json

============================================================
Verarbeite GA333 (MD)
============================================================
  MD-Ordner: GA333-Gedankenfreiheit und soziale Kräfte
  PDF: Steiner, Rudolf GA 333 1985 - Gedankenfreiheit und soziale Kräfte.pdf
  Extrahiere PDF-Seiten...
  176 Seiten mit Seitenzahlen
  7 MD-Dateien gefunden
    GA333/1: 32/176 Marker (S.1-176)
    GA333/2: 14/176 Marker (S.1-176)
    GA333/3: 23/176 Marker (S.1-176)
    GA333/4: 18/176 Marker (S.1-176)
    GA333/5: 8/176 Marker (S.1-176)
    GA333/6: 9/176 Marker (S.1-176)

  Gesamt: 104 Marker in 6 Dateien
  JSON: 0 Marker
  MD: 0 Marker

============================================================
Verarbeite GA334
============================================================

============================================================
Verarbeite GA334
============================================================
  PDF: Steiner, Rudolf GA 334, 1983 - Vom Einheitsstaat zum dreigliedrigen sozialen Organismus.pdf
  Extrahiere PDF-Seiten...
  312 Seiten mit Seitenzahlen
  11 Vorträge geladen
    GA334/1: 25 Marker (S.1-312) - WEGE UND ZIELE DER GEISTESWISSENSCHAFT (
    GA334/2: 23 Marker (S.1-312) - DIE GEISTESWISSENSCHAFTLICHEN GRUNDLAGEN
    GA334/3: 8 Marker (S.1-312) - DIE SITTLICHEN UND RELIGIÖSEN KRÄFTE IM 
    GA334/4: 20 Marker (S.1-312) - UNGEIST UND GEIST IN DER GEGENWART UND F
    GA334/5: 17 Marker (S.1-312) - DIE GEISTIGEN KRÄFTE IN DER ERZIEHUNGSKU
    GA334/6: 27 Marker (S.1-312) - DREIGLIEDERUNG UND GEGENWÄRTIGE WELTLAGE
    GA334/7: 22 Marker (S.1-312) - ANSPRACHE VOR DEM SCHWEIZER STAATSBÜRGER
    GA334/8: 12 Marker (S.1-312) - DIE GEGENWÄRTIGE WIRTSCHAFTSKRISIS UND D
    GA334/9: 6 Marker (S.1-312) - GEISTESWISSENSCHAFT (ANTHROPOSOPHIE) IM 
    GA334/10: 4 Marker (S.1-312) - SEELENWESEN UND SITTLICHER MENSCHENWERT 
    GA334/11: 5 Marker (S.1-312) - DIE GEISTIGEN UND SITTLICHEN KRÄFTE DER 

  Gesamt: 169 Marker eingefügt
  Gespeichert in: GA334.json
  Archiviert: GA334.json

============================================================
Verarbeite GA334 (MD)
============================================================
  MD-Ordner: GA334-Vom Einheitsstaat zum dreigliedrigen sozialen Organismus
  PDF: Steiner, Rudolf GA 334, 1983 - Vom Einheitsstaat zum dreigliedrigen sozialen Organismus.pdf
  Extrahiere PDF-Seiten...
  312 Seiten mit Seitenzahlen
  12 MD-Dateien gefunden
    GA334/1: 25/312 Marker (S.1-312)
    GA334/10: 4/312 Marker (S.1-312)
    GA334/11: 5/312 Marker (S.1-312)
    GA334/2: 23/312 Marker (S.1-312)
    GA334/3: 8/312 Marker (S.1-312)
    GA334/4: 20/312 Marker (S.1-312)
    GA334/5: 17/312 Marker (S.1-312)
    GA334/6: 27/312 Marker (S.1-312)
    GA334/7: 22/312 Marker (S.1-312)
    GA334/8: 12/312 Marker (S.1-312)
    GA334/9: 6/312 Marker (S.1-312)

  Gesamt: 169 Marker in 11 Dateien
  JSON: 0 Marker
  MD: 0 Marker

============================================================
Verarbeite GA335
============================================================

============================================================
Verarbeite GA335
============================================================
  PDF: Steiner, Rudolf GA 335 2005 - Die Krisis der Gegenwart und der Weg zu gesundem Denken.pdf
  Extrahiere PDF-Seiten...
  0 Seiten mit Seitenzahlen

============================================================
Verarbeite GA335 (MD)
============================================================
  MD-Ordner: GA335-Die Krisis der Gegenwart und der Weg zu gesundem Denken
  PDF: Steiner, Rudolf GA 335 2005 - Die Krisis der Gegenwart und der Weg zu gesundem Denken.pdf
  Extrahiere PDF-Seiten...
  0 Seiten mit Seitenzahlen
  JSON: 0 Marker
  MD: 0 Marker

============================================================
Verarbeite GA336
============================================================

============================================================
Verarbeite GA336
============================================================
  PDF: Steiner, Rudolf GA 336.pdf
  Extrahiere PDF-Seiten...
  0 Seiten mit Seitenzahlen

============================================================
Verarbeite GA336 (MD)
============================================================
  MD-Ordner: GA336-Die großen Fragen der Zeit und die anthroposophische Geist-Erkenntnis
  PDF: Steiner, Rudolf GA 336.pdf
  Extrahiere PDF-Seiten...
  0 Seiten mit Seitenzahlen
  JSON: 0 Marker
  MD: 0 Marker

============================================================
Verarbeite GA337
============================================================

============================================================
Verarbeite GA337
============================================================
  PDF: Steiner, Rudolf GA 337a 1999 - Soziale Ideen Soziale Wirklichkeit Soziale Praxis.pdf
  Extrahiere PDF-Seiten...
  415 Seiten mit Seitenzahlen

============================================================
Verarbeite GA337 (MD)
============================================================
  MD-Ordner: GA337a-Soziale Ideen - Soziale Wirklichkeit - Soziale Praxis
  PDF: Steiner, Rudolf GA 337a 1999 - Soziale Ideen Soziale Wirklichkeit Soziale Praxis.pdf
  Extrahiere PDF-Seiten...
  415 Seiten mit Seitenzahlen
  10 MD-Dateien gefunden
    GA337/1: 4/415 Marker (S.2-416)
    GA337/2: 37/415 Marker (S.2-416)
    GA337/3: 36/415 Marker (S.2-416)
    GA337/4: 9/415 Marker (S.2-416)
    GA337/5: 10/415 Marker (S.2-416)
    GA337/6: 13/415 Marker (S.2-416)
    GA337/7: 15/415 Marker (S.2-416)
    GA337/8: 9/415 Marker (S.2-416)
    GA337/9: 6/415 Marker (S.2-416)

  Gesamt: 139 Marker in 9 Dateien
  JSON: 0 Marker
  MD: 0 Marker

============================================================
Verarbeite GA338
============================================================

============================================================
Verarbeite GA338
============================================================
  PDF: Steiner, Rudolf GA 338 1986 - Wie wirkt man für den Impuls der Dreigliederung des soziale Organismus.pdf
  Extrahiere PDF-Seiten...
  332 Seiten mit Seitenzahlen
  13 Vorträge geladen
    GA338/1: 10 Marker (S.1-336) - ERSTER VORTRAG
    GA338/2: 6 Marker (S.1-336) - ZWEITER VORTRAG
    GA338/3: 16 Marker (S.1-336) - DRITTER VORTRAG
    GA338/4: 19 Marker (S.1-336) - VIERTER VORTRAG
    GA338/5: 17 Marker (S.1-336) - FÜNFTER VORTRAG
    GA338/6: 7 Marker (S.1-336) - SECHSTER VORTRAG
    GA338/7: 9 Marker (S.1-336) - SIEBENTER VORTRAG
    GA338/8: 16 Marker (S.1-336) - ACHTER VORTRAG
    GA338/9: 5 Marker (S.1-336) - NEUNTER VORTRAG
    GA338/10: 3 Marker (S.1-336) - ZEHNTER VORTRAG
    GA338/11: 5 Marker (S.1-336) - ERSTER VORTRAG
    GA338/12: 17 Marker (S.1-336) - ZWEITER VORTRAG
    GA338/13: 27 Marker (S.1-336) - FRAGENBEANTWORTUNG

  Gesamt: 157 Marker eingefügt
  Gespeichert in: GA338.json
  Archiviert: GA338.json

============================================================
Verarbeite GA338 (MD)
============================================================
  MD-Ordner: GA338-Wie wirkt man für den Impuls der Dreigliederung des sozialen Organismus
  PDF: Steiner, Rudolf GA 338 1986 - Wie wirkt man für den Impuls der Dreigliederung des soziale Organismus.pdf
  Extrahiere PDF-Seiten...
  332 Seiten mit Seitenzahlen
  14 MD-Dateien gefunden
    GA338/1: 10/336 Marker (S.1-336)
    GA338/10: 3/336 Marker (S.1-336)
    GA338/11: 5/336 Marker (S.1-336)
    GA338/12: 17/336 Marker (S.1-336)
    GA338/13: 27/336 Marker (S.1-336)
    GA338/2: 6/336 Marker (S.1-336)
    GA338/3: 16/336 Marker (S.1-336)
    GA338/4: 19/336 Marker (S.1-336)
    GA338/5: 17/336 Marker (S.1-336)
    GA338/6: 7/336 Marker (S.1-336)
    GA338/7: 9/336 Marker (S.1-336)
    GA338/8: 16/336 Marker (S.1-336)
    GA338/9: 5/336 Marker (S.1-336)

  Gesamt: 157 Marker in 13 Dateien
  JSON: 0 Marker
  MD: 0 Marker

============================================================
Verarbeite GA339
============================================================

============================================================
Verarbeite GA339
============================================================
  PDF: Steiner, Rudolf GA 339 1984 - Anthroposophie, soziale Dreigliederung und Redekunst.pdf
  Extrahiere PDF-Seiten...
  132 Seiten mit Seitenzahlen
  6 Vorträge geladen
    GA339/1: 17 Marker (S.1-132) - ERSTER VORTRAG
    GA339/2: 18 Marker (S.1-132) - ZWEITER VORTRAG
    GA339/3: 19 Marker (S.1-132) - DRITTER VORTRAG
    GA339/4: 21 Marker (S.1-132) - VIERTER VORTRAG
    GA339/5: 18 Marker (S.1-132) - FÜNFTER VORTRAG
    GA339/6: 18 Marker (S.1-132) - SECHSTER VORTRAG

  Gesamt: 111 Marker eingefügt
  Gespeichert in: GA339.json
  Archiviert: GA339.json

============================================================
Verarbeite GA339 (MD)
============================================================
  MD-Ordner: GA339-Anthroposophie  soziale Dreigliederung und Redekunst
  PDF: Steiner, Rudolf GA 339 1984 - Anthroposophie, soziale Dreigliederung und Redekunst.pdf
  Extrahiere PDF-Seiten...
  132 Seiten mit Seitenzahlen
  7 MD-Dateien gefunden
    GA339/1: 17/132 Marker (S.1-132)
    GA339/2: 18/132 Marker (S.1-132)
    GA339/3: 19/132 Marker (S.1-132)
    GA339/4: 21/132 Marker (S.1-132)
    GA339/5: 18/132 Marker (S.1-132)
    GA339/6: 18/132 Marker (S.1-132)

  Gesamt: 111 Marker in 6 Dateien
  JSON: 0 Marker
  MD: 0 Marker

============================================================
Verarbeite GA340
============================================================

============================================================
Verarbeite GA340
============================================================
  PDF: Steiner, Rudolf GA 340 2002 - Nationalökonomischer Kurs.pdf
  Extrahiere PDF-Seiten...
  240 Seiten mit Seitenzahlen
  14 Vorträge geladen
    GA340/1: 16 Marker (S.1-240) - ERSTER VORTRAG
    GA340/2: 15 Marker (S.1-240) - ZWEITER VORTRAG
    GA340/3: 13 Marker (S.1-240) - DRITTER VORTRAG
    GA340/4: 13 Marker (S.1-240) - VIERTER VORTRAG
    GA340/5: 13 Marker (S.1-240) - FÜNFTER VORTRAG
    GA340/6: 7 Marker (S.1-240) - SECHSTER VORTRAG
    GA340/7: 5 Marker (S.1-240) - SIEBENTER VORTRAG
    GA340/8: 12 Marker (S.1-240) - ACHTER VORTRAG
    GA340/9: 13 Marker (S.1-240) - NEUNTER VORTRAG
    GA340/10: 11 Marker (S.1-240) - ZEHNTER VORTRAG
    GA340/11: 5 Marker (S.1-240) - ELFTER VORTRAG
    GA340/12: 3 Marker (S.1-240) - ZWÖLFTER VORTRAG
    GA340/13: 8 Marker (S.1-240) - DREIZEHNTER VORTRAG
    GA340/14: 6 Marker (S.1-240) - VIERZEHNTER VORTRAG

  Gesamt: 140 Marker eingefügt
  Gespeichert in: GA340.json
  Archiviert: GA340.json

============================================================
Verarbeite GA340 (MD)
============================================================
  MD-Ordner: GA340-Nationalökonomischer Kurs
  PDF: Steiner, Rudolf GA 340 2002 - Nationalökonomischer Kurs.pdf
  Extrahiere PDF-Seiten...
  240 Seiten mit Seitenzahlen
  15 MD-Dateien gefunden
    GA340/1: 16/240 Marker (S.1-240)
    GA340/10: 11/240 Marker (S.1-240)
    GA340/11: 5/240 Marker (S.1-240)
    GA340/12: 3/240 Marker (S.1-240)
    GA340/13: 8/240 Marker (S.1-240)
    GA340/14: 6/240 Marker (S.1-240)
    GA340/2: 15/240 Marker (S.1-240)
    GA340/3: 13/240 Marker (S.1-240)
    GA340/4: 13/240 Marker (S.1-240)
    GA340/5: 13/240 Marker (S.1-240)
    GA340/6: 7/240 Marker (S.1-240)
    GA340/7: 5/240 Marker (S.1-240)
    GA340/8: 12/240 Marker (S.1-240)
    GA340/9: 13/240 Marker (S.1-240)

  Gesamt: 140 Marker in 14 Dateien
  JSON: 0 Marker
  MD: 0 Marker

============================================================
Verarbeite GA341
============================================================

============================================================
Verarbeite GA341
============================================================
  PDF: Steiner, Rudolf GA 341 1986 - Nationalökonomisches Seminar.pdf
  Extrahiere PDF-Seiten...
  110 Seiten mit Seitenzahlen
  6 Vorträge geladen
    GA341/1: 18 Marker (S.1-110) - ERSTE SEMINARBESPRECHUNG
    GA341/2: 12 Marker (S.1-110) - ZWEITE SEMINARBESPRECHUNG
    GA341/3: 11 Marker (S.1-110) - DRITTE SEMINARBESPRECHUNG
    GA341/4: 5 Marker (S.1-110) - VIERTE SEMINARBESPRECHUNG
    GA341/5: 5 Marker (S.1-110) - FÜNFTE SEMINARBESPRECHUNG
    GA341/6: 2 Marker (S.1-110) - SECHSTE SEMINARBESPRECHUNG

  Gesamt: 53 Marker eingefügt
  Gespeichert in: GA341.json
  Archiviert: GA341.json

============================================================
Verarbeite GA341 (MD)
============================================================
  MD-Ordner: GA341-Nationalökonomisches Seminar
  PDF: Steiner, Rudolf GA 341 1986 - Nationalökonomisches Seminar.pdf
  Extrahiere PDF-Seiten...
  110 Seiten mit Seitenzahlen
  7 MD-Dateien gefunden
    GA341/1: 18/110 Marker (S.1-110)
    GA341/2: 12/110 Marker (S.1-110)
    GA341/3: 11/110 Marker (S.1-110)
    GA341/4: 5/110 Marker (S.1-110)
    GA341/5: 5/110 Marker (S.1-110)
    GA341/6: 2/110 Marker (S.1-110)

  Gesamt: 53 Marker in 6 Dateien
  JSON: 0 Marker
  MD: 0 Marker

============================================================
Verarbeite GA342
============================================================

============================================================
Verarbeite GA342
============================================================
  PDF: Steiner, Rudolf GA 342 1993 - Vorträge und Kurse über christlich-religiöses Wirken I.pdf
  Extrahiere PDF-Seiten...
  266 Seiten mit Seitenzahlen
  8 Vorträge geladen
    GA342/1: 34 Marker (S.1-268) - ERSTER VORTRAG
    GA342/2: 32 Marker (S.1-268) - ZWEITER VORTRAG
    GA342/3: 27 Marker (S.1-268) - DRITTER VORTRAG
    GA342/4: 21 Marker (S.1-268) - VIERTER VORTRAG
    GA342/5: 17 Marker (S.1-268) - FÜNFTER VORTRAG
    GA342/6: 19 Marker (S.1-268) - SECHSTER VORTRAG
    GA342/7: 4 Marker (S.1-268) - CHRONOLOGISCHE ÜBERSICHT
    GA342/8: 2 Marker (S.1-268) - TEILNEHMERLISTE

  Gesamt: 156 Marker eingefügt
  Gespeichert in: GA342.json
  Archiviert: GA342.json

============================================================
Verarbeite GA342 (MD)
============================================================
  MD-Ordner: GA342-Vorträge und Kurse über christlich-religiöses Wirken I
  PDF: Steiner, Rudolf GA 342 1993 - Vorträge und Kurse über christlich-religiöses Wirken I.pdf
  Extrahiere PDF-Seiten...
  266 Seiten mit Seitenzahlen
  9 MD-Dateien gefunden
    GA342/1: 34/268 Marker (S.1-268)
    GA342/2: 32/268 Marker (S.1-268)
    GA342/3: 27/268 Marker (S.1-268)
    GA342/4: 21/268 Marker (S.1-268)
    GA342/5: 17/268 Marker (S.1-268)
    GA342/6: 19/268 Marker (S.1-268)
    GA342/7: 3/268 Marker (S.1-268)
    GA342/8: 2/268 Marker (S.1-268)

  Gesamt: 155 Marker in 8 Dateien
  JSON: 0 Marker
  MD: 0 Marker

============================================================
Verarbeite GA343
============================================================

============================================================
Verarbeite GA343
============================================================
  PDF: Steiner, Rudolf GA 343a 1993 - Vorträge und Kurse über christlich-religiöses Wirken II.pdf
  Extrahiere PDF-Seiten...
  679 Seiten mit Seitenzahlen
  33 Vorträge geladen
    GA343/1: 20 Marker (S.1-679) - ERSTER VORTRAG
    GA343/2: 16 Marker (S.1-679) - ZWEITER VORTRAG
    GA343/3: 2 Marker (S.1-679) - Friedrich Rittelmeyer
    GA343/4: 18 Marker (S.1-679) - DRITTER VORTRAG
    GA343/5: 3 Marker (S.1-679) - VIERTER VORTRAG
    GA343/6: 10 Marker (S.1-679) - FÜNFTER VORTRAG
    GA343/7: 23 Marker (S.1-679) - SECHSTER VORTRAG
    GA343/8: 19 Marker (S.1-679) - SIEBENTER VORTRAG
    GA343/9: 15 Marker (S.1-679) - ACHTER VORTRAG
    GA343/10: 21 Marker (S.1-679) - NEUNTER VORTRAG
    GA343/11: 4 Marker (S.1-679) - ZEHNTER VORTRAG
    GA343/12: 4 Marker (S.1-679) - ELFTER VORTRAG
    GA343/13: 5 Marker (S.1-679) - ZWÖLFTER VORTRAG
    GA343/14: 9 Marker (S.1-679) - DREIZEHNTER VORTRAG
    GA343/15: 6 Marker (S.1-679) - VIERZEHNTER VORTRAG
    GA343/16: 2 Marker (S.1-679) - FÜNFZEHNTER VORTRAG
    GA343/17: 7 Marker (S.1-679) - SECHZEHNTER VORTRAG
    GA343/18: 6 Marker (S.1-679) - SIEBZEHNTER VORTRAG
    GA343/19: 11 Marker (S.1-679) - Besprechung nach dem siebzehnten Vortrag
    GA343/20: 3 Marker (S.1-679) - ERKLÄRUNG
    GA343/21: 5 Marker (S.1-679) - ACHTZEHNTER VORTRAG
    GA343/22: 7 Marker (S.1-679) - NEUNZEHNTER VORTRAG
    GA343/23: 18 Marker (S.1-679) - ZWANZIGSTER VORTRAG
    GA343/24: 15 Marker (S.1-679) - EINUNDZWANZIGSTER VORTRAG
    GA343/25: 2 Marker (S.1-679) - ZWEIUNDZWANZIGSTER VORTRAG
    GA343/26: 6 Marker (S.1-679) - DREIUNDZWANZIGSTER VORTRAG
    GA343/27: 8 Marker (S.1-679) - VIERUNDZWANZIGSTER VORTRAG
    GA343/28: 20 Marker (S.1-679) - FÜNFUNDZWANZIGSTER VORTRAG
    GA343/29: 16 Marker (S.1-679) - SECHSUNDZWANZIGSTER VORTRAG
    GA343/30: 3 Marker (S.1-679) - SIEBENUNDZWANZIGSTER VORTRAG
    GA343/31: 9 Marker (S.1-679) - ACHTUNDZWANZIGSTER VORTRAG
    GA343/32: 6 Marker (S.1-679) - NEUNUNDZWANZIGSTER VORTRAG
    GA343/33: 2 Marker (S.1-679) - Bilder

  Gesamt: 321 Marker eingefügt
  Gespeichert in: GA343.json
  Archiviert: GA343.json

============================================================
Verarbeite GA343 (MD)
============================================================
  MD-Ordner: GA343-Vorträge und Kurse über christlich-religiöses Wirken II
  PDF: Steiner, Rudolf GA 343a 1993 - Vorträge und Kurse über christlich-religiöses Wirken II.pdf
  Extrahiere PDF-Seiten...
  679 Seiten mit Seitenzahlen
  34 MD-Dateien gefunden
    GA343/1: 20/679 Marker (S.1-679)
    GA343/10: 21/679 Marker (S.1-679)
    GA343/11: 4/679 Marker (S.1-679)
    GA343/12: 4/679 Marker (S.1-679)
    GA343/13: 5/679 Marker (S.1-679)
    GA343/14: 9/679 Marker (S.1-679)
    GA343/15: 6/679 Marker (S.1-679)
    GA343/16: 2/679 Marker (S.1-679)
    GA343/17: 7/679 Marker (S.1-679)
    GA343/18: 6/679 Marker (S.1-679)
    GA343/19: 11/679 Marker (S.1-679)
    GA343/2: 16/679 Marker (S.1-679)
    GA343/20: 2/679 Marker (S.1-679)
    GA343/21: 5/679 Marker (S.1-679)
    GA343/22: 7/679 Marker (S.1-679)
    GA343/23: 16/679 Marker (S.1-679)
    GA343/24: 15/679 Marker (S.1-679)
    GA343/25: 2/679 Marker (S.1-679)
    GA343/26: 6/679 Marker (S.1-679)
    GA343/27: 8/679 Marker (S.1-679)
    GA343/28: 20/679 Marker (S.1-679)
    GA343/29: 15/679 Marker (S.1-679)
    GA343/3: 2/679 Marker (S.1-679)
    GA343/30: 3/679 Marker (S.1-679)
    GA343/31: 9/679 Marker (S.1-679)
    GA343/32: 6/679 Marker (S.1-679)
    GA343/33: 1/679 Marker (S.1-679)
    GA343/4: 18/679 Marker (S.1-679)
    GA343/5: 3/679 Marker (S.1-679)
    GA343/6: 10/679 Marker (S.1-679)
    GA343/7: 23/679 Marker (S.1-679)
    GA343/8: 19/679 Marker (S.1-679)
    GA343/9: 15/679 Marker (S.1-679)

  Gesamt: 316 Marker in 33 Dateien
  JSON: 0 Marker
  MD: 0 Marker

============================================================
Verarbeite GA344
============================================================

============================================================
Verarbeite GA344
============================================================
  PDF: Steiner, Rudolf GA 344 1994 - Vorträge und Kurse über christlich-religiöses Wirken III.pdf
  Extrahiere PDF-Seiten...
  288 Seiten mit Seitenzahlen
  21 Vorträge geladen
    GA344/1: 15 Marker (S.1-288) - I Mittwoch
    GA344/2: 18 Marker (S.1-288) - II Donnerstag
    GA344/3: 10 Marker (S.1-288) - III Freitag
    GA344/4: 11 Marker (S.1-288) - IV Samstag
    GA344/5: 3 Marker (S.1-288) - V Sonntag
    GA344/6: 10 Marker (S.1-288) - VI Montag
    GA344/7: 3 Marker (S.1-288) - VII Dienstag
    GA344/8: 5 Marker (S.1-288) - VIII Mittwoch
    GA344/9: 3 Marker (S.1-288) - IX Samstag
    GA344/10: 7 Marker (S.1-288) - X Sonntag
    GA344/11: 6 Marker (S.1-288) - XI Montag
    GA344/12: 13 Marker (S.1-288) - XII Montag
    GA344/13: 5 Marker (S.1-288) - XIII Dienstag
    GA344/14: 12 Marker (S.1-288) - XIV Dienstag
    GA344/15: 6 Marker (S.1-288) - XV Mittwoch
    GA344/16: 3 Marker (S.1-288) - KATALOG DER TEILNEHMERFRAGEN
    GA344/17: 4 Marker (S.1-288) - XVI Mittwoch
    GA344/18: 10 Marker (S.1-288) - XVII Donnerstag
    GA344/19: 10 Marker (S.1-288) - XVIII Donnerstag
    GA344/20: 9 Marker (S.1-288) - XIX Freitag
    GA344/21: 6 Marker (S.1-288) - Bilder

  Gesamt: 169 Marker eingefügt
  Gespeichert in: GA344.json
  Archiviert: GA344.json

============================================================
Verarbeite GA344 (MD)
============================================================
  MD-Ordner: GA344-Vorträge und Kurse über christlich-religiöses Wirken III
  PDF: Steiner, Rudolf GA 344 1994 - Vorträge und Kurse über christlich-religiöses Wirken III.pdf
  Extrahiere PDF-Seiten...
  288 Seiten mit Seitenzahlen
  22 MD-Dateien gefunden
    GA344/1: 15/288 Marker (S.1-288)
    GA344/10: 7/288 Marker (S.1-288)
    GA344/11: 6/288 Marker (S.1-288)
    GA344/12: 13/288 Marker (S.1-288)
    GA344/13: 5/288 Marker (S.1-288)
    GA344/14: 12/288 Marker (S.1-288)
    GA344/15: 6/288 Marker (S.1-288)
    GA344/16: 3/288 Marker (S.1-288)
    GA344/17: 4/288 Marker (S.1-288)
    GA344/18: 10/288 Marker (S.1-288)
    GA344/19: 10/288 Marker (S.1-288)
    GA344/2: 18/288 Marker (S.1-288)
    GA344/20: 9/288 Marker (S.1-288)
    GA344/21: 4/288 Marker (S.1-288)
    GA344/3: 10/288 Marker (S.1-288)
    GA344/4: 11/288 Marker (S.1-288)
    GA344/5: 3/288 Marker (S.1-288)
    GA344/6: 10/288 Marker (S.1-288)
    GA344/7: 3/288 Marker (S.1-288)
    GA344/8: 5/288 Marker (S.1-288)
    GA344/9: 3/288 Marker (S.1-288)

  Gesamt: 167 Marker in 21 Dateien
  JSON: 0 Marker
  MD: 0 Marker

============================================================
Verarbeite GA345
============================================================

============================================================
Verarbeite GA345
============================================================
  PDF: Steiner, Rudolf GA 345 1994 - Vorträge und Kurse über christlich-religiöses Wirken IV.pdf
  Extrahiere PDF-Seiten...
  0 Seiten mit Seitenzahlen

============================================================
Verarbeite GA345 (MD)
============================================================
  MD-Ordner: GA345-Vorträge und Kurse über christlich-religiöses Wirken IV
  PDF: Steiner, Rudolf GA 345 1994 - Vorträge und Kurse über christlich-religiöses Wirken IV.pdf
  Extrahiere PDF-Seiten...
  0 Seiten mit Seitenzahlen
  JSON: 0 Marker
  MD: 0 Marker

============================================================
Verarbeite GA346
============================================================

============================================================
Verarbeite GA346
============================================================
  PDF: Steiner, Rudolf GA 346 2001 - Vorträge und Kurse über christlich-religiöses Wirken V.pdf
  Extrahiere PDF-Seiten...
  348 Seiten mit Seitenzahlen
  21 Vorträge geladen
    GA346/1: 2 Marker (S.1-348) - BEGRÜSSUNG
    GA346/2: 11 Marker (S.1-348) - ERSTER VORTRAG
    GA346/3: 15 Marker (S.1-348) - ZWEITER VORTRAG
    GA346/4: 15 Marker (S.1-348) - DRITTER VORTRAG
    GA346/5: 14 Marker (S.1-348) - VIERTER VORTRAG
    GA346/6: 16 Marker (S.1-348) - FÜNFTER VORTRAG
    GA346/7: 11 Marker (S.1-348) - SECHSTER VORTRAG
    GA346/8: 14 Marker (S.1-348) - SIEBENTER VORTRAG
    GA346/9: 12 Marker (S.1-348) - ACHTER VORTRAG
    GA346/10: 14 Marker (S.1-348) - NEUNTER VORTRAG
    GA346/11: 13 Marker (S.1-348) - ZEHNTER VORTRAG
    GA346/12: 14 Marker (S.1-348) - ELFTER VORTRAG
    GA346/13: 3 Marker (S.1-348) - ZWÖLFTER VORTRAG
    GA346/14: 17 Marker (S.1-348) - DREIZEHNTER VORTRAG
    GA346/15: 12 Marker (S.1-348) - VIERZEHNTER VORTRAG
    GA346/16: 14 Marker (S.1-348) - FÜNFZEHNTER VORTRAG
    GA346/17: 7 Marker (S.1-348) - VORBESPRECHUNG
    GA346/18: 11 Marker (S.1-348) - SECHZEHNTER VORTRAG
    GA346/19: 14 Marker (S.1-348) - SIEBZEHNTER VORTRAG
    GA346/20: 2 Marker (S.1-348) - ACHTZEHNTER VORTRAG
    GA346/21: 13 Marker (S.1-348) - RUDOLF STEINER

  Gesamt: 244 Marker eingefügt
  Gespeichert in: GA346.json
  Archiviert: GA346.json

============================================================
Verarbeite GA346 (MD)
============================================================
  MD-Ordner: GA346-Vorträge und Kurse über christlich-religiöses Wirken V
  PDF: Steiner, Rudolf GA 346 2001 - Vorträge und Kurse über christlich-religiöses Wirken V.pdf
  Extrahiere PDF-Seiten...
  348 Seiten mit Seitenzahlen
  22 MD-Dateien gefunden
    GA346/1: 2/348 Marker (S.1-348)
    GA346/10: 14/348 Marker (S.1-348)
    GA346/11: 13/348 Marker (S.1-348)
    GA346/12: 14/348 Marker (S.1-348)
    GA346/13: 3/348 Marker (S.1-348)
    GA346/14: 17/348 Marker (S.1-348)
    GA346/15: 12/348 Marker (S.1-348)
    GA346/16: 14/348 Marker (S.1-348)
    GA346/17: 7/348 Marker (S.1-348)
    GA346/18: 11/348 Marker (S.1-348)
    GA346/19: 14/348 Marker (S.1-348)
    GA346/2: 11/348 Marker (S.1-348)
    GA346/20: 2/348 Marker (S.1-348)
    GA346/21: 2/348 Marker (S.1-348)
    GA346/3: 15/348 Marker (S.1-348)
    GA346/4: 15/348 Marker (S.1-348)
    GA346/5: 14/348 Marker (S.1-348)
    GA346/6: 16/348 Marker (S.1-348)
    GA346/7: 11/348 Marker (S.1-348)
    GA346/8: 14/348 Marker (S.1-348)
    GA346/9: 12/348 Marker (S.1-348)

  Gesamt: 233 Marker in 21 Dateien
  JSON: 0 Marker
  MD: 0 Marker

============================================================
Verarbeite GA347
============================================================

============================================================
Verarbeite GA347
============================================================
  PDF: Steiner, Rudolf GA 347 1995 - Die Erkenntnis des Menschenwesens nach Leib, Seele und Geist.pdf
  Extrahiere PDF-Seiten...
  191 Seiten mit Seitenzahlen
  10 Vorträge geladen
    GA347/1: 15 Marker (S.1-192) - ERSTER VORTRAG
    GA347/2: 18 Marker (S.1-192) - ZWEITER VORTRAG
    GA347/3: 7 Marker (S.1-192) - DRITTER VORTRAG
    GA347/4: 18 Marker (S.1-192) - VIERTER VORTRAG
    GA347/5: 17 Marker (S.1-192) - FÜNFTER VORTRAG
    GA347/6: 16 Marker (S.1-192) - SECHSTER VORTRAG
    GA347/7: 16 Marker (S.1-192) - SIEBENTER VORTRAG
    GA347/8: 15 Marker (S.1-192) - ACHTER VORTRAG
    GA347/9: 19 Marker (S.1-192) - NEUNTER VORTRAG
    GA347/10: 12 Marker (S.1-192) - ZEHNTER VORTRAG

  Gesamt: 153 Marker eingefügt
  Gespeichert in: GA347.json
  Archiviert: GA347.json

============================================================
Verarbeite GA347 (MD)
============================================================
  MD-Ordner: GA347-Die Erkenntnis des Menschenwesens nach Leib Seele und Geist. Über frühere Erdzustände
  PDF: Steiner, Rudolf GA 347 1995 - Die Erkenntnis des Menschenwesens nach Leib, Seele und Geist.pdf
  Extrahiere PDF-Seiten...
  191 Seiten mit Seitenzahlen
  11 MD-Dateien gefunden
    GA347/1: 15/192 Marker (S.1-192)
    GA347/10: 12/192 Marker (S.1-192)
    GA347/2: 18/192 Marker (S.1-192)
    GA347/3: 7/192 Marker (S.1-192)
    GA347/4: 18/192 Marker (S.1-192)
    GA347/5: 17/192 Marker (S.1-192)
    GA347/6: 16/192 Marker (S.1-192)
    GA347/7: 16/192 Marker (S.1-192)
    GA347/8: 15/192 Marker (S.1-192)
    GA347/9: 19/192 Marker (S.1-192)

  Gesamt: 153 Marker in 10 Dateien
  JSON: 0 Marker
  MD: 0 Marker

============================================================
Verarbeite GA348
============================================================

============================================================
Verarbeite GA348
============================================================
  PDF: Steiner, Rudolf GA 348 1997 - Über Gesundheit und Krankheit.pdf
  Extrahiere PDF-Seiten...
  349 Seiten mit Seitenzahlen
  18 Vorträge geladen
    GA348/1: 22 Marker (S.1-350) - ERSTER VORTRAG
    GA348/2: 21 Marker (S.1-350) - ZWEITER VORTRAG
    GA348/3: 13 Marker (S.1-350) - DRITTER VORTRAG
    GA348/4: 6 Marker (S.1-350) - VIERTER VORTRAG
    GA348/5: 17 Marker (S.1-350) - FÜNFTER VORTRAG
    GA348/6: 16 Marker (S.1-350) - SECHSTER VORTRAG
    GA348/7: 3 Marker (S.1-350) - SIEBENTER VORTRAG
    GA348/8: 19 Marker (S.1-350) - ACHTER VORTRAG
    GA348/9: 17 Marker (S.1-350) - NEUNTER VORTRAG
    GA348/10: 18 Marker (S.1-350) - ZEHNTER VORTRAG
    GA348/11: 17 Marker (S.1-350) - ELFTER VORTRAG
    GA348/12: 18 Marker (S.1-350) - ZWÖLFTER VORTRAG
    GA348/13: 20 Marker (S.1-350) - DREIZEHNTER VORTRAG
    GA348/14: 11 Marker (S.1-350) - VIERZEHNTER VORTRAG
    GA348/15: 17 Marker (S.1-350) - FÜNFZEHNTER VORTRAG
    GA348/16: 17 Marker (S.1-350) - SECHZEHNTER VORTRAG
    GA348/17: 19 Marker (S.1-350) - SIEBZEHNTER VORTRAG
    GA348/18: 17 Marker (S.1-350) - ACHTZEHNTER VORTRAG

  Gesamt: 288 Marker eingefügt
  Gespeichert in: GA348.json
  Archiviert: GA348.json

============================================================
Verarbeite GA348 (MD)
============================================================
  MD-Ordner: GA348-Über Gesundheit und Krankheit. Grundlagen einer geisteswissenschaftlichen Sinneslehre
  PDF: Steiner, Rudolf GA 348 1997 - Über Gesundheit und Krankheit.pdf
  Extrahiere PDF-Seiten...
  349 Seiten mit Seitenzahlen
  19 MD-Dateien gefunden
    GA348/1: 22/350 Marker (S.1-350)
    GA348/10: 18/350 Marker (S.1-350)
    GA348/11: 17/350 Marker (S.1-350)
    GA348/12: 18/350 Marker (S.1-350)
    GA348/13: 20/350 Marker (S.1-350)
    GA348/14: 11/350 Marker (S.1-350)
    GA348/15: 17/350 Marker (S.1-350)
    GA348/16: 17/350 Marker (S.1-350)
    GA348/17: 19/350 Marker (S.1-350)
    GA348/18: 17/350 Marker (S.1-350)
    GA348/2: 21/350 Marker (S.1-350)
    GA348/3: 13/350 Marker (S.1-350)
    GA348/4: 6/350 Marker (S.1-350)
    GA348/5: 17/350 Marker (S.1-350)
    GA348/6: 16/350 Marker (S.1-350)
    GA348/7: 3/350 Marker (S.1-350)
    GA348/8: 19/350 Marker (S.1-350)
    GA348/9: 17/350 Marker (S.1-350)

  Gesamt: 288 Marker in 18 Dateien
  JSON: 0 Marker
  MD: 0 Marker

============================================================
Verarbeite GA349
============================================================

============================================================
Verarbeite GA349
============================================================
  PDF: Steiner, Rudolf GA 349 1980 - Vom Leben des Menschen und der Erde.pdf
  Extrahiere PDF-Seiten...
  263 Seiten mit Seitenzahlen
  14 Vorträge geladen
    GA349/1: 16 Marker (S.1-264) - ERSTER VORTRAG
    GA349/2: 18 Marker (S.1-264) - ZWEITER VORTRAG
    GA349/3: 17 Marker (S.1-264) - DRITTER VORTRAG
    GA349/4: 16 Marker (S.1-264) - VIERTER VORTRAG
    GA349/5: 17 Marker (S.1-264) - FÜNFTER VORTRAG
    GA349/6: 11 Marker (S.1-264) - SECHSTER VORTRAG
    GA349/7: 16 Marker (S.1-264) - SIEBENTER VORTRAG
    GA349/8: 18 Marker (S.1-264) - ACHTER VORTRAG
    GA349/9: 8 Marker (S.1-264) - NEUNTER VORTRAG
    GA349/10: 6 Marker (S.1-264) - ZEHNTER VORTRAG
    GA349/11: 18 Marker (S.1-264) - ELFTER VORTRAG
    GA349/12: 1 Marker (S.1-264) - ZWÖLFTER VORTRAG
    GA349/13: 18 Marker (S.1-264) - DREIZEHNTER VORTRAG
    GA349/14: 18 Marker (S.1-264) - VIERZEHNTER VORTRAG

  Gesamt: 198 Marker eingefügt
  Gespeichert in: GA349.json
  Archiviert: GA349.json

============================================================
Verarbeite GA349 (MD)
============================================================
  MD-Ordner: GA349-Vom Leben des Menschen und der Erde. Über das Wesen des Christentums
  PDF: Steiner, Rudolf GA 349 1980 - Vom Leben des Menschen und der Erde.pdf
  Extrahiere PDF-Seiten...
  263 Seiten mit Seitenzahlen
  15 MD-Dateien gefunden
    GA349/1: 16/264 Marker (S.1-264)
    GA349/10: 6/264 Marker (S.1-264)
    GA349/11: 18/264 Marker (S.1-264)
    GA349/12: 1/264 Marker (S.1-264)
    GA349/13: 18/264 Marker (S.1-264)
    GA349/14: 18/264 Marker (S.1-264)
    GA349/2: 18/264 Marker (S.1-264)
    GA349/3: 17/264 Marker (S.1-264)
    GA349/4: 16/264 Marker (S.1-264)
    GA349/5: 17/264 Marker (S.1-264)
    GA349/6: 11/264 Marker (S.1-264)
    GA349/7: 16/264 Marker (S.1-264)
    GA349/8: 18/264 Marker (S.1-264)
    GA349/9: 8/264 Marker (S.1-264)

  Gesamt: 198 Marker in 14 Dateien
  JSON: 0 Marker
  MD: 0 Marker

============================================================
Verarbeite GA350
============================================================

============================================================
Verarbeite GA350
============================================================
  PDF: Steiner, Rudolf GA 350 1991 - Rhythmen im Kosmos und im Menschenwesen.pdf
  Extrahiere PDF-Seiten...
  312 Seiten mit Seitenzahlen
  16 Vorträge geladen
    GA350/1: 16 Marker (S.1-320) - Vom Wirken des Ätherischen und Astralisc
    GA350/2: 15 Marker (S.1-320) - ZWEITER VORTRAG
    GA350/3: 19 Marker (S.1-320) - DRITTER VORTRAG
    GA350/4: 13 Marker (S.1-320) - VIERTER VORTRAG
    GA350/5: 19 Marker (S.1-320) - FÜNFTER VORTRAG
    GA350/6: 16 Marker (S.1-320) - SECHSTER VORTRAG
    GA350/7: 15 Marker (S.1-320) - SIEBENTER VORTRAG
    GA350/8: 8 Marker (S.1-320) - ACHTER VORTRAG
    GA350/9: 3 Marker (S.1-320) - NEUNTER VORTRAG
    GA350/10: 16 Marker (S.1-320) - ZEHNTER VORTRAG
    GA350/11: 13 Marker (S.1-320) - ELFTER VORTRAG
    GA350/12: 8 Marker (S.1-320) - ZWÖLFTER VORTRAG
    GA350/13: 4 Marker (S.1-320) - DREIZEHNTER VORTRAG
    GA350/14: 5 Marker (S.1-320) - VIERZEHNTER VORTRAG
    GA350/15: 19 Marker (S.1-320) - FÜNFZEHNTER VORTRAG
    GA350/16: 10 Marker (S.1-320) - SECHZEHNTER VORTRAG

  Gesamt: 199 Marker eingefügt
  Gespeichert in: GA350.json
  Archiviert: GA350.json

============================================================
Verarbeite GA350 (MD)
============================================================
  MD-Ordner: GA350-Rhythmen im Kosmos und im Menschenwesen. Wie kommt man zum Schauen der geistigen Welt
  PDF: Steiner, Rudolf GA 350 1991 - Rhythmen im Kosmos und im Menschenwesen.pdf
  Extrahiere PDF-Seiten...
  312 Seiten mit Seitenzahlen
  17 MD-Dateien gefunden
    GA350/1: 16/320 Marker (S.1-320)
    GA350/10: 16/320 Marker (S.1-320)
    GA350/11: 13/320 Marker (S.1-320)
    GA350/12: 8/320 Marker (S.1-320)
    GA350/13: 4/320 Marker (S.1-320)
    GA350/14: 5/320 Marker (S.1-320)
    GA350/15: 19/320 Marker (S.1-320)
    GA350/16: 10/320 Marker (S.1-320)
    GA350/2: 15/320 Marker (S.1-320)
    GA350/3: 19/320 Marker (S.1-320)
    GA350/4: 13/320 Marker (S.1-320)
    GA350/5: 19/320 Marker (S.1-320)
    GA350/6: 16/320 Marker (S.1-320)
    GA350/7: 15/320 Marker (S.1-320)
    GA350/8: 8/320 Marker (S.1-320)
    GA350/9: 3/320 Marker (S.1-320)

  Gesamt: 199 Marker in 16 Dateien
  JSON: 0 Marker
  MD: 0 Marker

============================================================
Verarbeite GA351
============================================================

============================================================
Verarbeite GA351
============================================================
  PDF: Steiner, Rudolf GA 351 1999 - Mensch und Welt, das Wirken des Geistes in der Natur.pdf
  Extrahiere PDF-Seiten...
  272 Seiten mit Seitenzahlen
  15 Vorträge geladen
    GA351/1: 15 Marker (S.1-272) - ERSTER VORTRAG
    GA351/2: 15 Marker (S.1-272) - ZWEITER VORTRAG
    GA351/3: 16 Marker (S.1-272) - DRITTER VORTRAG
    GA351/4: 10 Marker (S.1-272) - VIERTER VORTRAG
    GA351/5: 9 Marker (S.1-272) - FÜNFTER VORTRAG
    GA351/6: 5 Marker (S.1-272) - SECHSTER VORTRAG
    GA351/7: 14 Marker (S.1-272) - SIEBENTER VORTRAG
    GA351/8: 16 Marker (S.1-272) - ACHTER VORTRAG
    GA351/9: 13 Marker (S.1-272) - NEUNTER VORTRAG
    GA351/10: 14 Marker (S.1-272) - ZEHNTER VORTRAG
    GA351/11: 5 Marker (S.1-272) - ELFTER VORTRAG
    GA351/12: 10 Marker (S.1-272) - ZWÖLFTER VORTRAG
    GA351/13: 5 Marker (S.1-272) - DREIZEHNTER VORTRAG
    GA351/14: 7 Marker (S.1-272) - VIERZEHNTER VORTRAG
    GA351/15: 14 Marker (S.1-272) - FÜNFZEHNTER VORTRAG

  Gesamt: 168 Marker eingefügt
  Gespeichert in: GA351.json
  Archiviert: GA351.json

============================================================
Verarbeite GA351 (MD)
============================================================
  MD-Ordner: GA351-Mensch und Welt. Das Wirken des Geistes in der Natur. Über das Wesen der Bienen
  PDF: Steiner, Rudolf GA 351 1999 - Mensch und Welt, das Wirken des Geistes in der Natur.pdf
  Extrahiere PDF-Seiten...
  272 Seiten mit Seitenzahlen
  16 MD-Dateien gefunden
    GA351/1: 15/272 Marker (S.1-272)
    GA351/10: 14/272 Marker (S.1-272)
    GA351/11: 5/272 Marker (S.1-272)
    GA351/12: 10/272 Marker (S.1-272)
    GA351/13: 5/272 Marker (S.1-272)
    GA351/14: 7/272 Marker (S.1-272)
    GA351/15: 14/272 Marker (S.1-272)
    GA351/2: 15/272 Marker (S.1-272)
    GA351/3: 16/272 Marker (S.1-272)
    GA351/4: 10/272 Marker (S.1-272)
    GA351/5: 9/272 Marker (S.1-272)
    GA351/6: 5/272 Marker (S.1-272)
    GA351/7: 14/272 Marker (S.1-272)
    GA351/8: 16/272 Marker (S.1-272)
    GA351/9: 13/272 Marker (S.1-272)

  Gesamt: 168 Marker in 15 Dateien
  JSON: 0 Marker
  MD: 0 Marker

============================================================
Verarbeite GA352
============================================================

============================================================
Verarbeite GA352
============================================================
  PDF: Steiner, Rudolf GA 352 1981 - Natur und Mensch in geisteswissenschaftlicher Betrachtung.pdf
  Extrahiere PDF-Seiten...
  196 Seiten mit Seitenzahlen
  10 Vorträge geladen
    GA352/1: 14 Marker (S.1-196) - ERSTER VORTRAG
    GA352/2: 18 Marker (S.1-196) - ZWEITER VORTRAG
    GA352/3: 16 Marker (S.1-196) - DRITTER VORTRAG
    GA352/4: 14 Marker (S.1-196) - VIERTER VORTRAG
    GA352/5: 19 Marker (S.1-196) - FÜNFTER VORTRAG
    GA352/6: 16 Marker (S.1-196) - SECHSTER VORTRAG
    GA352/7: 18 Marker (S.1-196) - SIEBENTER VORTRAG
    GA352/8: 14 Marker (S.1-196) - ACHTER VORTRAG
    GA352/9: 13 Marker (S.1-196) - NEUNTER VORTRAG
    GA352/10: 17 Marker (S.1-196) - ZEHNTER VORTRAG

  Gesamt: 159 Marker eingefügt
  Gespeichert in: GA352.json
  Archiviert: GA352.json

============================================================
Verarbeite GA352 (MD)
============================================================
  MD-Ordner: GA352-Natur und Mensch in geisteswissenschaftlicher Betrachtung
  PDF: Steiner, Rudolf GA 352 1981 - Natur und Mensch in geisteswissenschaftlicher Betrachtung.pdf
  Extrahiere PDF-Seiten...
  196 Seiten mit Seitenzahlen
  11 MD-Dateien gefunden
    GA352/1: 14/196 Marker (S.1-196)
    GA352/10: 17/196 Marker (S.1-196)
    GA352/2: 18/196 Marker (S.1-196)
    GA352/3: 16/196 Marker (S.1-196)
    GA352/4: 14/196 Marker (S.1-196)
    GA352/5: 19/196 Marker (S.1-196)
    GA352/6: 16/196 Marker (S.1-196)
    GA352/7: 18/196 Marker (S.1-196)
    GA352/8: 14/196 Marker (S.1-196)
    GA352/9: 13/196 Marker (S.1-196)

  Gesamt: 159 Marker in 10 Dateien
  JSON: 0 Marker
  MD: 0 Marker

============================================================
Verarbeite GA353
============================================================

============================================================
Verarbeite GA353
============================================================
  PDF: Steiner, Rudolf GA 353 1988 - Die Geschichte der Menschheit und die Weltanschauungen der Kulturvölker.pdf
  Extrahiere PDF-Seiten...
  324 Seiten mit Seitenzahlen
  16 Vorträge geladen
    GA353/1: 18 Marker (S.1-328) - ERSTER VORTRAG
    GA353/2: 11 Marker (S.1-328) - ZWEITER VORTRAG
    GA353/3: 20 Marker (S.1-328) - DRITTER VORTRAG
    GA353/4: 2 Marker (S.1-328) - VIERTER VORTRAG
    GA353/5: 18 Marker (S.1-328) - FÜNFTER 'VORTRAG
    GA353/6: 17 Marker (S.1-328) - SECHSTER VORTRAG
    GA353/7: 14 Marker (S.1-328) - SIEBENTER VORTRAG
    GA353/8: 18 Marker (S.1-328) - ACHTER VORTRAG
    GA353/9: 16 Marker (S.1-328) - NEUNTER VORTRAG
    GA353/10: 14 Marker (S.1-328) - ZEHNTER VORTRAG
    GA353/11: 18 Marker (S.1-328) - ELFTER VORTRAG
    GA353/12: 4 Marker (S.1-328) - ZWÖLFTER VORTRAG
    GA353/13: 9 Marker (S.1-328) - DREIZEHNTER VORTRAG
    GA353/14: 15 Marker (S.1-328) - VIERZEHNTER VORTRAG
    GA353/15: 17 Marker (S.1-328) - FÜNFZEHNTER VORTRAG
    GA353/16: 11 Marker (S.1-328) - SIEBZEHNTER VORTRAG

  Gesamt: 222 Marker eingefügt
  Gespeichert in: GA353.json
  Archiviert: GA353.json

============================================================
Verarbeite GA353 (MD)
============================================================
  MD-Ordner: GA353-Die Geschichte der Menschheit und die Weltanschauungen der Kulturvölker
  PDF: Steiner, Rudolf GA 353 1988 - Die Geschichte der Menschheit und die Weltanschauungen der Kulturvölker.pdf
  Extrahiere PDF-Seiten...
  324 Seiten mit Seitenzahlen
  17 MD-Dateien gefunden
    GA353/1: 18/328 Marker (S.1-328)
    GA353/10: 14/328 Marker (S.1-328)
    GA353/11: 18/328 Marker (S.1-328)
    GA353/12: 4/328 Marker (S.1-328)
    GA353/13: 9/328 Marker (S.1-328)
    GA353/14: 15/328 Marker (S.1-328)
    GA353/15: 17/328 Marker (S.1-328)
    GA353/16: 11/328 Marker (S.1-328)
    GA353/2: 11/328 Marker (S.1-328)
    GA353/3: 20/328 Marker (S.1-328)
    GA353/4: 2/328 Marker (S.1-328)
    GA353/5: 18/328 Marker (S.1-328)
    GA353/6: 17/328 Marker (S.1-328)
    GA353/7: 14/328 Marker (S.1-328)
    GA353/8: 18/328 Marker (S.1-328)
    GA353/9: 16/328 Marker (S.1-328)

  Gesamt: 222 Marker in 16 Dateien
  JSON: 0 Marker
  MD: 0 Marker

============================================================
Verarbeite GA354
============================================================

============================================================
Verarbeite GA354
============================================================
  PDF: Steiner, Rudolf GA 354, 2000 - Die Schöpfung der Welt und des Menschen.pdf
  Extrahiere PDF-Seiten...
  255 Seiten mit Seitenzahlen
  14 Vorträge geladen
    GA354/1: 13 Marker (S.2-256) - ERSTER VORTRAG
    GA354/2: 13 Marker (S.2-256) - ZWEITER VORTRAG
    GA354/3: 15 Marker (S.2-256) - DRITTER VORTRAG
    GA354/4: 16 Marker (S.2-256) - VIERTER VORTRAG
    GA354/5: 18 Marker (S.2-256) - FÜNFTER VORTRAG
    GA354/6: 16 Marker (S.2-256) - SECHSTER VORTRAG
    GA354/7: 9 Marker (S.2-256) - SIEBENTER VORTRAG
    GA354/8: 17 Marker (S.2-256) - ACHTER VORTRAG
    GA354/9: 15 Marker (S.2-256) - NEUNTER VORTRAG
    GA354/10: 15 Marker (S.2-256) - ZEHNTER VORTRAG
    GA354/11: 3 Marker (S.2-256) - ELFTER VORTRAG
    GA354/12: 13 Marker (S.2-256) - ZWÖLFTER VORTRAG
    GA354/13: 15 Marker (S.2-256) - DREIZEHNTER VORTRAG
    GA354/14: 5 Marker (S.2-256) - VIERZEHNTER VORTRAG

  Gesamt: 183 Marker eingefügt
  Gespeichert in: GA354.json
  Archiviert: GA354.json

============================================================
Verarbeite GA354 (MD)
============================================================
  MD-Ordner: GA354-Die Schöpfung der Welt und des Menschen. Erdenleben und Sternenwirken
  PDF: Steiner, Rudolf GA 354, 2000 - Die Schöpfung der Welt und des Menschen.pdf
  Extrahiere PDF-Seiten...
  255 Seiten mit Seitenzahlen
  15 MD-Dateien gefunden
    GA354/1: 13/255 Marker (S.2-256)
    GA354/10: 15/255 Marker (S.2-256)
    GA354/11: 3/255 Marker (S.2-256)
    GA354/12: 13/255 Marker (S.2-256)
    GA354/13: 15/255 Marker (S.2-256)
    GA354/14: 5/255 Marker (S.2-256)
    GA354/2: 13/255 Marker (S.2-256)
    GA354/3: 15/255 Marker (S.2-256)
    GA354/4: 16/255 Marker (S.2-256)
    GA354/5: 18/255 Marker (S.2-256)
    GA354/6: 16/255 Marker (S.2-256)
    GA354/7: 9/255 Marker (S.2-256)
    GA354/8: 17/255 Marker (S.2-256)
    GA354/9: 15/255 Marker (S.2-256)

  Gesamt: 183 Marker in 14 Dateien
  JSON: 0 Marker
  MD: 0 Marker

============================================================
ZUSAMMENFASSUNG
============================================================
  Verarbeitet: 54 GAs
  JSON Marker: 0
  MD Marker: 0

  Log gespeichert: pagebreaks_ga301-354_20260108_091210.json
