
✓ Server läuft auf http://localhost:3003

Verfügbare Endpoints:
   GET  /debug/status
   GET  /test/relevance-scoring?query=Goetheanismus
   POST /api/hybrid-search
   POST /api/fulltext-search
   POST /api/thematic-hybrid-search
   POST /api/concept-overview
   POST /api/summarize-lecture
   GET  /api/check-summary/:gaNumber/:lectureNum
   GET  /api/full-lecture/:lectureId
   GET  /api/full-lecture/:gaNumber/:lectureNum
   GET  /api/lectures/list
   GET  /api/available-ga
   GET  /api/ga-overview/:gaNumber
   GET  /api/book/:gaNumber
   GET  /ga-overview-map.json
   POST /api/admin/generate-synonyms
   GET  /api/admin/synonym-stats
   POST /api/save-summary
   POST /api/keywords-generate
   POST /api/keyword-thematic-search
   POST /api/concepts-save
   POST /api/concepts-add
   POST /api/concepts-delete
   GET  /api/concepts-files
   GET  /api/concepts-list
   POST /api/save-marked-word
   GET  /summary-database.json
   POST /api/generate-summary-keywords-batch
   POST /api/generate-summary-keywords-for-lectures
   GET  /summary-keywords-database.json
   GET  /thematic-search-database.json
   POST /api/generate-keywords
   GET  /api/keywords-database
   GET  /api/keywords-stats
   POST /api/generate-themes
   GET  /api/themes-database
   GET  /api/timeline-data

✓ System bereit!

POST /api/fulltext-search
Volltext-Suche: Goetheanismus [Relevanz-Filter: alle]
Volltext-Suche: 243 Absätze gefunden (Vorträge + Bücher)
[RELEVANCE-SCORING] Füge Relevanz-Scores für 243 Ergebnisse hinzu (Kontext-basiert: 2 Absätze vor/nach)
[RELEVANCE-HIT] GA061/16 Absatz 27: Score=0.200, Kontext-Absätze=5
[RELEVANCE-HIT] GA062/8 Absatz 5: Score=0.200, Kontext-Absätze=5
[RELEVANCE-HIT] GA064/1 Absatz 95: Score=0.200, Kontext-Absätze=5
[RELEVANCE-PERCENTILE] 243 Treffer, Top 30% = hoch (Score≥0.450, Index 170), Top 65% = mittel (Score≥0.350, Index 85)
[RELEVANCE-ADAPTIVE] Max=0.600, Median=0.350, Schwellwerte: hoch≥0.450, mittel≥0.350
[RELEVANCE-TOP-SCORES] Top 10: 0.600, 0.600, 0.600, 0.600, 0.600, 0.600, 0.600, 0.600, 0.600, 0.600
[RELEVANCE-SCORE-DIST] Gesamt: 242, >0.5: 49, >0.3: 132, >0.2: 242, >0.1: 242
[RELEVANCE-SCORING] Relevanz-Kategorien: hoch=78, mittel=54, niedrig=111
[RELEVANCE-DEBUG] Hoch-Scores: Min=0.450, Max=0.600, Avg=0.534
  [Single] "goetheanismus"

Extrahierte 1 Suchbegriffe aus "Goetheanismus":
goetheanismus

✓ Server läuft auf http://localhost:3003

Verfügbare Endpoints:
   GET  /debug/status
   GET  /test/relevance-scoring?query=Goetheanismus
   POST /api/hybrid-search
   POST /api/fulltext-search
   POST /api/thematic-hybrid-search
   POST /api/concept-overview
   POST /api/summarize-lecture
   GET  /api/check-summary/:gaNumber/:lectureNum
   GET  /api/full-lecture/:lectureId
   GET  /api/full-lecture/:gaNumber/:lectureNum
   GET  /api/lectures/list
   GET  /api/available-ga
   GET  /api/ga-overview/:gaNumber
   GET  /api/book/:gaNumber
   GET  /ga-overview-map.json
   POST /api/admin/generate-synonyms
   GET  /api/admin/synonym-stats
   POST /api/save-summary
   POST /api/keywords-generate
   POST /api/keyword-thematic-search
   POST /api/concepts-save
   POST /api/concepts-add
   POST /api/concepts-delete
   GET  /api/concepts-files
   GET  /api/concepts-list
   POST /api/save-marked-word
   GET  /summary-database.json
   POST /api/generate-summary-keywords-batch
   POST /api/generate-summary-keywords-for-lectures
   GET  /summary-keywords-database.json
   GET  /thematic-search-database.json
   POST /api/generate-keywords
   GET  /api/keywords-database
   GET  /api/keywords-stats
   POST /api/generate-themes
   GET  /api/themes-database
   GET  /api/timeline-data

✓ System bereit!

POST /api/fulltext-search
Volltext-Suche: Goetheanismus [Relevanz-Filter: alle]
Volltext-Suche: 243 Absätze gefunden (Vorträge + Bücher)
[RELEVANCE-SCORING] Füge Relevanz-Scores für 243 Ergebnisse hinzu (Kontext-basiert: 2 Absätze vor/nach)
[RELEVANCE-HIT] GA061/16 Absatz 27: Score=0.200, Kontext-Absätze=5
[RELEVANCE-HIT] GA062/8 Absatz 5: Score=0.200, Kontext-Absätze=5
[RELEVANCE-HIT] GA064/1 Absatz 95: Score=0.200, Kontext-Absätze=5
[RELEVANCE-PERCENTILE] 243 Treffer, Top 30% = hoch (Score≥0.450, Index 170), Top 65% = mittel (Score≥0.350, Index 85)
[RELEVANCE-ADAPTIVE] Max=0.600, Median=0.350, Schwellwerte: hoch≥0.450, mittel≥0.350
[RELEVANCE-TOP-SCORES] Top 10: 0.600, 0.600, 0.600, 0.600, 0.600, 0.600, 0.600, 0.600, 0.600, 0.600
[RELEVANCE-SCORE-DIST] Gesamt: 242, >0.5: 49, >0.3: 132, >0.2: 242, >0.1: 242
[RELEVANCE-SCORING] Relevanz-Kategorien: hoch=78, mittel=54, niedrig=111
[RELEVANCE-DEBUG] Hoch-Scores: Min=0.450, Max=0.600, Avg=0.534
  [Single] "goetheanismus"

Extrahierte 1 Suchbegriffe aus "Goetheanismus":
goetheanismus
POST /api/fulltext-search
Volltext-Suche: Goetheanismus [Relevanz-Filter: alle]
Volltext-Suche: 243 Absätze gefunden (Vorträge + Bücher)
[RELEVANCE-SCORING] Füge Relevanz-Scores für 243 Ergebnisse hinzu (Kontext-basiert: 2 Absätze vor/nach)
[RELEVANCE-HIT] GA061/16 Absatz 27: Score=0.200, Kontext-Absätze=5
[RELEVANCE-HIT] GA062/8 Absatz 5: Score=0.200, Kontext-Absätze=5
[RELEVANCE-HIT] GA064/1 Absatz 95: Score=0.200, Kontext-Absätze=5
[RELEVANCE-PERCENTILE] 243 Treffer, Top 30% = hoch (Score≥0.450, Index 170), Top 65% = mittel (Score≥0.350, Index 85)
[RELEVANCE-ADAPTIVE] Max=0.600, Median=0.350, Schwellwerte: hoch≥0.450, mittel≥0.350
[RELEVANCE-TOP-SCORES] Top 10: 0.600, 0.600, 0.600, 0.600, 0.600, 0.600, 0.600, 0.600, 0.600, 0.600
[RELEVANCE-SCORE-DIST] Gesamt: 242, >0.5: 49, >0.3: 132, >0.2: 242, >0.1: 242
[RELEVANCE-SCORING] Relevanz-Kategorien: hoch=78, mittel=54, niedrig=111
[RELEVANCE-DEBUG] Hoch-Scores: Min=0.450, Max=0.600, Avg=0.534
  [Single] "goetheanismus"

Extrahierte 1 Suchbegriffe aus "Goetheanismus":
goetheanismus
POST /api/fulltext-search
Volltext-Suche: Astralleib [Relevanz-Filter: alle]
Volltext-Suche: 3434 Absätze gefunden (Vorträge + Bücher)
[RELEVANCE-SCORING] Füge Relevanz-Scores für 3434 Ergebnisse hinzu (Kontext-basiert: 2 Absätze vor/nach)
[RELEVANCE-HIT] GA052/12 Absatz 32: Score=0.571, Kontext-Absätze=5
[RELEVANCE-HIT] GA052/12 Absatz 33: Score=0.571, Kontext-Absätze=5
[RELEVANCE-HIT] GA052/12 Absatz 42: Score=0.200, Kontext-Absätze=5
[RELEVANCE-PERCENTILE] 3434 Treffer, Top 15% = hoch (Score≥0.579, Index 2743), Top 40% = mittel (Score≥0.450, Index 1936)
[RELEVANCE-ADAPTIVE] Max=0.600, Median=0.450, Schwellwerte: hoch≥0.579, mittel≥0.450
[RELEVANCE-TOP-SCORES] Top 10: 0.600, 0.600, 0.600, 0.600, 0.600, 0.600, 0.600, 0.600, 0.600, 0.600
[RELEVANCE-SCORE-DIST] Gesamt: 3226, >0.5: 1164, >0.3: 2237, >0.2: 3226, >0.1: 3226
[RELEVANCE-SCORING] Relevanz-Kategorien: hoch=837, mittel=794, niedrig=1803
[RELEVANCE-DEBUG] Hoch-Scores: Min=0.579, Max=0.600, Avg=0.591
  [Single] "astralleib"

Extrahierte 1 Suchbegriffe aus "Astralleib":
astralleib
POST /api/fulltext-search
Volltext-Suche: Goetheanismus [Relevanz-Filter: hoch]
Volltext-Suche: 243 Absätze gefunden (Vorträge + Bücher)
[RELEVANCE-SCORING] Füge Relevanz-Scores für 243 Ergebnisse hinzu (Kontext-basiert: 2 Absätze vor/nach)
[RELEVANCE-HIT] GA061/16 Absatz 27: Score=0.200, Kontext-Absätze=5
[RELEVANCE-HIT] GA062/8 Absatz 5: Score=0.200, Kontext-Absätze=5
[RELEVANCE-HIT] GA064/1 Absatz 95: Score=0.200, Kontext-Absätze=5
[RELEVANCE-PERCENTILE] 243 Treffer, Top 30% = hoch (Score≥0.450, Index 170), Top 65% = mittel (Score≥0.350, Index 85)
[RELEVANCE-ADAPTIVE] Max=0.600, Median=0.350, Schwellwerte: hoch≥0.450, mittel≥0.350
[RELEVANCE-TOP-SCORES] Top 10: 0.600, 0.600, 0.600, 0.600, 0.600, 0.600, 0.600, 0.600, 0.600, 0.600
[RELEVANCE-SCORE-DIST] Gesamt: 242, >0.5: 49, >0.3: 132, >0.2: 242, >0.1: 242
[RELEVANCE-SCORING] Relevanz-Kategorien: hoch=78, mittel=54, niedrig=111
[RELEVANCE-DEBUG] Hoch-Scores: Min=0.450, Max=0.600, Avg=0.534
[BACKEND-FILTER] 243 -> 78 Ergebnisse nach Filter "hoch"
  [Single] "goetheanismus"

Extrahierte 1 Suchbegriffe aus "Goetheanismus":
goetheanismus
POST /api/fulltext-search
Volltext-Suche: Astralleib [Relevanz-Filter: hoch]
Volltext-Suche: 3434 Absätze gefunden (Vorträge + Bücher)
[RELEVANCE-SCORING] Füge Relevanz-Scores für 3434 Ergebnisse hinzu (Kontext-basiert: 2 Absätze vor/nach)
[RELEVANCE-HIT] GA052/12 Absatz 32: Score=0.571, Kontext-Absätze=5
[RELEVANCE-HIT] GA052/12 Absatz 33: Score=0.571, Kontext-Absätze=5
[RELEVANCE-HIT] GA052/12 Absatz 42: Score=0.200, Kontext-Absätze=5
[RELEVANCE-PERCENTILE] 3434 Treffer, Top 15% = hoch (Score≥0.579, Index 2743), Top 40% = mittel (Score≥0.450, Index 1936)
[RELEVANCE-ADAPTIVE] Max=0.600, Median=0.450, Schwellwerte: hoch≥0.579, mittel≥0.450
[RELEVANCE-TOP-SCORES] Top 10: 0.600, 0.600, 0.600, 0.600, 0.600, 0.600, 0.600, 0.600, 0.600, 0.600
[RELEVANCE-SCORE-DIST] Gesamt: 3226, >0.5: 1164, >0.3: 2237, >0.2: 3226, >0.1: 3226
[RELEVANCE-SCORING] Relevanz-Kategorien: hoch=837, mittel=794, niedrig=1803
[RELEVANCE-DEBUG] Hoch-Scores: Min=0.579, Max=0.600, Avg=0.591
[BACKEND-FILTER] 3434 -> 837 Ergebnisse nach Filter "hoch"
  [Single] "astralleib"

Extrahierte 1 Suchbegriffe aus "Astralleib":
astralleib

✓ Server läuft auf http://localhost:3003

Verfügbare Endpoints:
   GET  /debug/status
   GET  /test/relevance-scoring?query=Goetheanismus
   POST /api/hybrid-search
   POST /api/fulltext-search
   POST /api/thematic-hybrid-search
   POST /api/concept-overview
   POST /api/summarize-lecture
   GET  /api/check-summary/:gaNumber/:lectureNum
   GET  /api/full-lecture/:lectureId
   GET  /api/full-lecture/:gaNumber/:lectureNum
   GET  /api/lectures/list
   GET  /api/available-ga
   GET  /api/ga-overview/:gaNumber
   GET  /api/book/:gaNumber
   GET  /ga-overview-map.json
   POST /api/admin/generate-synonyms
   GET  /api/admin/synonym-stats
   POST /api/save-summary
   POST /api/keywords-generate
   POST /api/keyword-thematic-search
   POST /api/concepts-save
   POST /api/concepts-add
   POST /api/concepts-delete
   GET  /api/concepts-files
   GET  /api/concepts-list
   POST /api/save-marked-word
   GET  /summary-database.json
   POST /api/generate-summary-keywords-batch
   POST /api/generate-summary-keywords-for-lectures
   GET  /summary-keywords-database.json
   GET  /thematic-search-database.json
   POST /api/generate-keywords
   GET  /api/keywords-database
   GET  /api/keywords-stats
   POST /api/generate-themes
   GET  /api/themes-database
   GET  /api/timeline-data

✓ System bereit!

GET /api/keywords/available-ga-volumes
[API/AVAILABLE-GA-VOLUMES] Request erhalten
[API/AVAILABLE-GA-VOLUMES] fullLectures: 4487 Vorträge
[API/AVAILABLE-GA-VOLUMES] fullBooks: 40 Bücher
[API/AVAILABLE-GA-VOLUMES] Sende 355 Volumes
GET /debug/status
GET /api/steiner-images
[DEBUG] Gefundene Books-Dateien: steiner-books-001-020-part01.json, steiner-books-021-046-part02.json

Gefundene Dateien:
  Search-Dateien: []
  Lecture-Dateien: ["steiner-full-lectures-051-354-part01.json","steiner-full-lectures-051-354-part02.json","steiner-full-lectures-051-354-part03.json","steiner-full-lectures-051-354-part04.json","steiner-full-lectures-051-354-part05.json","steiner-full-lectures-051-354-part06.json","steiner-full-lectures-051-354-part07.json","steiner-full-lectures-051-354-part08.json","steiner-full-lectures-051-354-part09.json","steiner-full-lectures-051-354-part10.json","steiner-full-lectures-051-354-part11.json","steiner-full-lectures-051-354-part12.json","steiner-full-lectures-051-354-part13.json","steiner-full-lectures-051-354-part14.json","steiner-full-lectures-051-354-part15.json","steiner-full-lectures-051-354-part16.json","steiner-full-lectures-051-354-part17.json"]
  Books-Dateien: ["steiner-books-001-020-part01.json","steiner-books-021-046-part02.json"]
GET /api/ga-list
[API/GA-LIST] Request erhalten
[API/GA-LIST] fullLectures: 4487 Vorträge
[API/GA-LIST] fullBooks: 40 Bücher
[API/GA-LIST] Sende 355 GA-Bände
GET /api/list-files
[SUMMARY-DB] Geladen: 4490 Einträge aus summary-database.json
[IMAGES-API] Sende Liste von 1057 Vorträgen (ohne Bilder)
GET /api/keywords/available-ga-volumes
[API/AVAILABLE-GA-VOLUMES] Request erhalten
[API/AVAILABLE-GA-VOLUMES] fullLectures: 4487 Vorträge
[API/AVAILABLE-GA-VOLUMES] fullBooks: 40 Bücher
[API/AVAILABLE-GA-VOLUMES] Sende 355 Volumes
GET /favicon.ico
GET /api/available-years
[INFO] Verfügbare Jahre: 26 Jahre von 1888 bis 1924
GET /api/ga-list
[API/GA-LIST] Request erhalten
[API/GA-LIST] fullLectures: 4487 Vorträge
[API/GA-LIST] fullBooks: 40 Bücher
[API/GA-LIST] Sende 355 GA-Bände
GET /api/keywords/available-ga-volumes
[API/AVAILABLE-GA-VOLUMES] Request erhalten
[API/AVAILABLE-GA-VOLUMES] fullLectures: 4487 Vorträge
[API/AVAILABLE-GA-VOLUMES] fullBooks: 40 Bücher
[API/AVAILABLE-GA-VOLUMES] Sende 355 Volumes
POST /api/fulltext-search
Volltext-Suche: Goetheanismus [Relevanz-Filter: ohne]
Volltext-Suche: 243 Absätze gefunden (Vorträge + Bücher)
[RELEVANZ] Überspringe Relevanzberechnung (Filter: ohne)
  [Single] "goetheanismus"

Extrahierte 1 Suchbegriffe aus "Goetheanismus":
goetheanismus
GET /api/available-years
[INFO] Verfügbare Jahre: 26 Jahre von 1888 bis 1924
POST /api/fulltext-search
Volltext-Suche: Goetheanismus [Relevanz-Filter: hoch]
Volltext-Suche: 243 Absätze gefunden (Vorträge + Bücher)
[RELEVANCE-SCORING] Füge Relevanz-Scores für 243 Ergebnisse hinzu (Kontext-basiert: 2 Absätze vor/nach)
[RELEVANCE-HIT] GA061/16 Absatz 27: Score=0.200, Kontext-Absätze=5
[RELEVANCE-HIT] GA062/8 Absatz 5: Score=0.200, Kontext-Absätze=5
[RELEVANCE-HIT] GA064/1 Absatz 95: Score=0.200, Kontext-Absätze=5
[RELEVANCE-PERCENTILE] 243 Treffer, Top 30% = hoch (Score≥0.450, Index 170), Top 65% = mittel (Score≥0.350, Index 85)
[RELEVANCE-ADAPTIVE] Max=0.600, Median=0.350, Schwellwerte: hoch≥0.450, mittel≥0.350
[RELEVANCE-TOP-SCORES] Top 10: 0.600, 0.600, 0.600, 0.600, 0.600, 0.600, 0.600, 0.600, 0.600, 0.600
[RELEVANCE-SCORE-DIST] Gesamt: 242, >0.5: 49, >0.3: 132, >0.2: 242, >0.1: 242
[RELEVANCE-SCORING] Relevanz-Kategorien: hoch=78, mittel=54, niedrig=111
[RELEVANCE-DEBUG] Hoch-Scores: Min=0.450, Max=0.600, Avg=0.534
[BACKEND-FILTER] 243 -> 78 Ergebnisse nach Filter "hoch"
  [Single] "goetheanismus"

Extrahierte 1 Suchbegriffe aus "Goetheanismus":
goetheanismus
POST /api/fulltext-search
Volltext-Suche: Goetheanismus [Relevanz-Filter: mittel]
Volltext-Suche: 243 Absätze gefunden (Vorträge + Bücher)
[RELEVANCE-SCORING] Füge Relevanz-Scores für 243 Ergebnisse hinzu (Kontext-basiert: 2 Absätze vor/nach)
[RELEVANCE-HIT] GA061/16 Absatz 27: Score=0.200, Kontext-Absätze=5
[RELEVANCE-HIT] GA062/8 Absatz 5: Score=0.200, Kontext-Absätze=5
[RELEVANCE-HIT] GA064/1 Absatz 95: Score=0.200, Kontext-Absätze=5
[RELEVANCE-PERCENTILE] 243 Treffer, Top 30% = hoch (Score≥0.450, Index 170), Top 65% = mittel (Score≥0.350, Index 85)
[RELEVANCE-ADAPTIVE] Max=0.600, Median=0.350, Schwellwerte: hoch≥0.450, mittel≥0.350
[RELEVANCE-TOP-SCORES] Top 10: 0.600, 0.600, 0.600, 0.600, 0.600, 0.600, 0.600, 0.600, 0.600, 0.600
[RELEVANCE-SCORE-DIST] Gesamt: 242, >0.5: 49, >0.3: 132, >0.2: 242, >0.1: 242
[RELEVANCE-SCORING] Relevanz-Kategorien: hoch=78, mittel=54, niedrig=111
[RELEVANCE-DEBUG] Hoch-Scores: Min=0.450, Max=0.600, Avg=0.534
[BACKEND-FILTER] 243 -> 54 Ergebnisse nach Filter "mittel"
  [Single] "goetheanismus"

Extrahierte 1 Suchbegriffe aus "Goetheanismus":
goetheanismus
POST /api/fulltext-search
Volltext-Suche: Goetheanismus [Relevanz-Filter: niedrig]
Volltext-Suche: 243 Absätze gefunden (Vorträge + Bücher)
[RELEVANCE-SCORING] Füge Relevanz-Scores für 243 Ergebnisse hinzu (Kontext-basiert: 2 Absätze vor/nach)
[RELEVANCE-HIT] GA061/16 Absatz 27: Score=0.200, Kontext-Absätze=5
[RELEVANCE-HIT] GA062/8 Absatz 5: Score=0.200, Kontext-Absätze=5
[RELEVANCE-HIT] GA064/1 Absatz 95: Score=0.200, Kontext-Absätze=5
[RELEVANCE-PERCENTILE] 243 Treffer, Top 30% = hoch (Score≥0.450, Index 170), Top 65% = mittel (Score≥0.350, Index 85)
[RELEVANCE-ADAPTIVE] Max=0.600, Median=0.350, Schwellwerte: hoch≥0.450, mittel≥0.350
[RELEVANCE-TOP-SCORES] Top 10: 0.600, 0.600, 0.600, 0.600, 0.600, 0.600, 0.600, 0.600, 0.600, 0.600
[RELEVANCE-SCORE-DIST] Gesamt: 242, >0.5: 49, >0.3: 132, >0.2: 242, >0.1: 242
[RELEVANCE-SCORING] Relevanz-Kategorien: hoch=78, mittel=54, niedrig=111
[RELEVANCE-DEBUG] Hoch-Scores: Min=0.450, Max=0.600, Avg=0.534
[BACKEND-FILTER] 243 -> 111 Ergebnisse nach Filter "niedrig"
  [Single] "goetheanismus"

Extrahierte 1 Suchbegriffe aus "Goetheanismus":
goetheanismus
GET /api/book/GA046
[BOOK] Anfrage für GA046
[BOOK] Schrift gefunden: Nachgelassene Abhandlungen und Fragmente (1879-1924)
[BOOK] ✓ Vortrags-Einträge gefunden - werden geschützt
GET /api/quotes
[BOOK] ✓ Überschriften für GA046 gespeichert (4490 Einträge total, 4457 Vorträge geschützt)
GET /api/book/GA046
[BOOK] Anfrage für GA046
[BOOK] Schrift gefunden: Nachgelassene Abhandlungen und Fragmente (1879-1924)
[BOOK] ✓ Vortrags-Einträge gefunden - werden geschützt
[IMAGES-ASSETS] Anfrage für Bild: GA046-Nachgelassene%20Abhandlungen%20und%20Fragmente%201879-1924_img-0.png
[IMAGES-ASSETS] Vollständiger Request-Pfad: /assets/GA046-Nachgelassene%20Abhandlungen%20und%20Fragmente%201879-1924_img-0.png
[IMAGES-ASSETS] Decodierter Pfad: GA046-Nachgelassene Abhandlungen und Fragmente 1879-1924_img-0.png
[IMAGES-ASSETS] Gefundene GA-Nummer: GA046
[IMAGES-ASSETS] Suche in: C:\Users\chuec\OneDrive\GitHub\ga_suche\Steiner_GA
[IMAGES-ASSETS] Gefundener GA-Ordner: GA046-Nachgelassene Abhandlungen und Fragmente 1879-1924
[IMAGES-ASSETS] Vollständiger Pfad: C:\Users\chuec\OneDrive\GitHub\ga_suche\Steiner_GA\GA046-Nachgelassene Abhandlungen und Fragmente 1879-1924\assets\GA046-Nachgelassene Abhandlungen und Fragmente 1879-1924_img-0.png
[IMAGES-ASSETS] ✓ Bild gefunden, serviere: C:\Users\chuec\OneDrive\GitHub\ga_suche\Steiner_GA\GA046-Nachgelassene Abhandlungen und Fragmente 1879-1924\assets\GA046-Nachgelassene Abhandlungen und Fragmente 1879-1924_img-0.png
[IMAGES-ASSETS] Anfrage für Bild: GA046-Nachgelassene%20Abhandlungen%20und%20Fragmente%201879-1924_img-1.png
[IMAGES-ASSETS] Vollständiger Request-Pfad: /assets/GA046-Nachgelassene%20Abhandlungen%20und%20Fragmente%201879-1924_img-1.png
[IMAGES-ASSETS] Decodierter Pfad: GA046-Nachgelassene Abhandlungen und Fragmente 1879-1924_img-1.png
[IMAGES-ASSETS] Gefundene GA-Nummer: GA046
[IMAGES-ASSETS] Suche in: C:\Users\chuec\OneDrive\GitHub\ga_suche\Steiner_GA
[IMAGES-ASSETS] Anfrage für Bild: GA046-Nachgelassene%20Abhandlungen%20und%20Fragmente%201879-1924_img-2.png
[IMAGES-ASSETS] Vollständiger Request-Pfad: /assets/GA046-Nachgelassene%20Abhandlungen%20und%20Fragmente%201879-1924_img-2.png
[IMAGES-ASSETS] Decodierter Pfad: GA046-Nachgelassene Abhandlungen und Fragmente 1879-1924_img-2.png
[IMAGES-ASSETS] Gefundene GA-Nummer: GA046
[IMAGES-ASSETS] Suche in: C:\Users\chuec\OneDrive\GitHub\ga_suche\Steiner_GA
[IMAGES-ASSETS] Anfrage für Bild: GA046-Nachgelassene%20Abhandlungen%20und%20Fragmente%201879-1924_img-3.png
[IMAGES-ASSETS] Vollständiger Request-Pfad: /assets/GA046-Nachgelassene%20Abhandlungen%20und%20Fragmente%201879-1924_img-3.png
[IMAGES-ASSETS] Decodierter Pfad: GA046-Nachgelassene Abhandlungen und Fragmente 1879-1924_img-3.png
[IMAGES-ASSETS] Gefundene GA-Nummer: GA046
[IMAGES-ASSETS] Suche in: C:\Users\chuec\OneDrive\GitHub\ga_suche\Steiner_GA
[IMAGES-ASSETS] Anfrage für Bild: GA046-Nachgelassene%20Abhandlungen%20und%20Fragmente%201879-1924_img-4.png
[IMAGES-ASSETS] Vollständiger Request-Pfad: /assets/GA046-Nachgelassene%20Abhandlungen%20und%20Fragmente%201879-1924_img-4.png
[IMAGES-ASSETS] Decodierter Pfad: GA046-Nachgelassene Abhandlungen und Fragmente 1879-1924_img-4.png
[IMAGES-ASSETS] Gefundene GA-Nummer: GA046
[IMAGES-ASSETS] Suche in: C:\Users\chuec\OneDrive\GitHub\ga_suche\Steiner_GA
[IMAGES-ASSETS] Gefundener GA-Ordner: GA046-Nachgelassene Abhandlungen und Fragmente 1879-1924
[IMAGES-ASSETS] Vollständiger Pfad: C:\Users\chuec\OneDrive\GitHub\ga_suche\Steiner_GA\GA046-Nachgelassene Abhandlungen und Fragmente 1879-1924\assets\GA046-Nachgelassene Abhandlungen und Fragmente 1879-1924_img-1.png
[IMAGES-ASSETS] ✓ Bild gefunden, serviere: C:\Users\chuec\OneDrive\GitHub\ga_suche\Steiner_GA\GA046-Nachgelassene Abhandlungen und Fragmente 1879-1924\assets\GA046-Nachgelassene Abhandlungen und Fragmente 1879-1924_img-1.png
[IMAGES-ASSETS] Gefundener GA-Ordner: GA046-Nachgelassene Abhandlungen und Fragmente 1879-1924
[IMAGES-ASSETS] Vollständiger Pfad: C:\Users\chuec\OneDrive\GitHub\ga_suche\Steiner_GA\GA046-Nachgelassene Abhandlungen und Fragmente 1879-1924\assets\GA046-Nachgelassene Abhandlungen und Fragmente 1879-1924_img-2.png
[IMAGES-ASSETS] ✓ Bild gefunden, serviere: C:\Users\chuec\OneDrive\GitHub\ga_suche\Steiner_GA\GA046-Nachgelassene Abhandlungen und Fragmente 1879-1924\assets\GA046-Nachgelassene Abhandlungen und Fragmente 1879-1924_img-2.png
[IMAGES-ASSETS] Gefundener GA-Ordner: GA046-Nachgelassene Abhandlungen und Fragmente 1879-1924
[IMAGES-ASSETS] Vollständiger Pfad: C:\Users\chuec\OneDrive\GitHub\ga_suche\Steiner_GA\GA046-Nachgelassene Abhandlungen und Fragmente 1879-1924\assets\GA046-Nachgelassene Abhandlungen und Fragmente 1879-1924_img-3.png
[IMAGES-ASSETS] ✓ Bild gefunden, serviere: C:\Users\chuec\OneDrive\GitHub\ga_suche\Steiner_GA\GA046-Nachgelassene Abhandlungen und Fragmente 1879-1924\assets\GA046-Nachgelassene Abhandlungen und Fragmente 1879-1924_img-3.png
[IMAGES-ASSETS] Gefundener GA-Ordner: GA046-Nachgelassene Abhandlungen und Fragmente 1879-1924
[IMAGES-ASSETS] Vollständiger Pfad: C:\Users\chuec\OneDrive\GitHub\ga_suche\Steiner_GA\GA046-Nachgelassene Abhandlungen und Fragmente 1879-1924\assets\GA046-Nachgelassene Abhandlungen und Fragmente 1879-1924_img-4.png
[IMAGES-ASSETS] ✓ Bild gefunden, serviere: C:\Users\chuec\OneDrive\GitHub\ga_suche\Steiner_GA\GA046-Nachgelassene Abhandlungen und Fragmente 1879-1924\assets\GA046-Nachgelassene Abhandlungen und Fragmente 1879-1924_img-4.png
[IMAGES-ASSETS] Anfrage für Bild: GA046-Nachgelassene%20Abhandlungen%20und%20Fragmente%201879-1924_img-5.png
[IMAGES-ASSETS] Vollständiger Request-Pfad: /assets/GA046-Nachgelassene%20Abhandlungen%20und%20Fragmente%201879-1924_img-5.png
[IMAGES-ASSETS] Decodierter Pfad: GA046-Nachgelassene Abhandlungen und Fragmente 1879-1924_img-5.png
[IMAGES-ASSETS] Gefundene GA-Nummer: GA046
[IMAGES-ASSETS] Suche in: C:\Users\chuec\OneDrive\GitHub\ga_suche\Steiner_GA
[IMAGES-ASSETS] Anfrage für Bild: GA046-Nachgelassene%20Abhandlungen%20und%20Fragmente%201879-1924_img-6.png
[IMAGES-ASSETS] Vollständiger Request-Pfad: /assets/GA046-Nachgelassene%20Abhandlungen%20und%20Fragmente%201879-1924_img-6.png
[IMAGES-ASSETS] Decodierter Pfad: GA046-Nachgelassene Abhandlungen und Fragmente 1879-1924_img-6.png
[IMAGES-ASSETS] Gefundene GA-Nummer: GA046
[IMAGES-ASSETS] Suche in: C:\Users\chuec\OneDrive\GitHub\ga_suche\Steiner_GA
[IMAGES-ASSETS] Anfrage für Bild: GA046-Nachgelassene%20Abhandlungen%20und%20Fragmente%201879-1924_img-7.png
[IMAGES-ASSETS] Vollständiger Request-Pfad: /assets/GA046-Nachgelassene%20Abhandlungen%20und%20Fragmente%201879-1924_img-7.png
[IMAGES-ASSETS] Decodierter Pfad: GA046-Nachgelassene Abhandlungen und Fragmente 1879-1924_img-7.png
[IMAGES-ASSETS] Gefundene GA-Nummer: GA046
[IMAGES-ASSETS] Suche in: C:\Users\chuec\OneDrive\GitHub\ga_suche\Steiner_GA
[IMAGES-ASSETS] Anfrage für Bild: GA046-Nachgelassene%20Abhandlungen%20und%20Fragmente%201879-1924_img-8.png
[IMAGES-ASSETS] Vollständiger Request-Pfad: /assets/GA046-Nachgelassene%20Abhandlungen%20und%20Fragmente%201879-1924_img-8.png
[IMAGES-ASSETS] Decodierter Pfad: GA046-Nachgelassene Abhandlungen und Fragmente 1879-1924_img-8.png
[IMAGES-ASSETS] Gefundene GA-Nummer: GA046
[IMAGES-ASSETS] Suche in: C:\Users\chuec\OneDrive\GitHub\ga_suche\Steiner_GA
[IMAGES-ASSETS] Gefundener GA-Ordner: GA046-Nachgelassene Abhandlungen und Fragmente 1879-1924
[IMAGES-ASSETS] Vollständiger Pfad: C:\Users\chuec\OneDrive\GitHub\ga_suche\Steiner_GA\GA046-Nachgelassene Abhandlungen und Fragmente 1879-1924\assets\GA046-Nachgelassene Abhandlungen und Fragmente 1879-1924_img-5.png
[IMAGES-ASSETS] ✓ Bild gefunden, serviere: C:\Users\chuec\OneDrive\GitHub\ga_suche\Steiner_GA\GA046-Nachgelassene Abhandlungen und Fragmente 1879-1924\assets\GA046-Nachgelassene Abhandlungen und Fragmente 1879-1924_img-5.png
[IMAGES-ASSETS] Gefundener GA-Ordner: GA046-Nachgelassene Abhandlungen und Fragmente 1879-1924
[IMAGES-ASSETS] Vollständiger Pfad: C:\Users\chuec\OneDrive\GitHub\ga_suche\Steiner_GA\GA046-Nachgelassene Abhandlungen und Fragmente 1879-1924\assets\GA046-Nachgelassene Abhandlungen und Fragmente 1879-1924_img-6.png
[IMAGES-ASSETS] ✓ Bild gefunden, serviere: C:\Users\chuec\OneDrive\GitHub\ga_suche\Steiner_GA\GA046-Nachgelassene Abhandlungen und Fragmente 1879-1924\assets\GA046-Nachgelassene Abhandlungen und Fragmente 1879-1924_img-6.png
[IMAGES-ASSETS] Gefundener GA-Ordner: GA046-Nachgelassene Abhandlungen und Fragmente 1879-1924
[IMAGES-ASSETS] Vollständiger Pfad: C:\Users\chuec\OneDrive\GitHub\ga_suche\Steiner_GA\GA046-Nachgelassene Abhandlungen und Fragmente 1879-1924\assets\GA046-Nachgelassene Abhandlungen und Fragmente 1879-1924_img-7.png
[IMAGES-ASSETS] ✓ Bild gefunden, serviere: C:\Users\chuec\OneDrive\GitHub\ga_suche\Steiner_GA\GA046-Nachgelassene Abhandlungen und Fragmente 1879-1924\assets\GA046-Nachgelassene Abhandlungen und Fragmente 1879-1924_img-7.png
[IMAGES-ASSETS] Gefundener GA-Ordner: GA046-Nachgelassene Abhandlungen und Fragmente 1879-1924
[IMAGES-ASSETS] Vollständiger Pfad: C:\Users\chuec\OneDrive\GitHub\ga_suche\Steiner_GA\GA046-Nachgelassene Abhandlungen und Fragmente 1879-1924\assets\GA046-Nachgelassene Abhandlungen und Fragmente 1879-1924_img-8.png
[IMAGES-ASSETS] ✓ Bild gefunden, serviere: C:\Users\chuec\OneDrive\GitHub\ga_suche\Steiner_GA\GA046-Nachgelassene Abhandlungen und Fragmente 1879-1924\assets\GA046-Nachgelassene Abhandlungen und Fragmente 1879-1924_img-8.png
[IMAGES-ASSETS] Anfrage für Bild: GA046-Nachgelassene%20Abhandlungen%20und%20Fragmente%201879-1924_img-9.png
[IMAGES-ASSETS] Vollständiger Request-Pfad: /assets/GA046-Nachgelassene%20Abhandlungen%20und%20Fragmente%201879-1924_img-9.png
[IMAGES-ASSETS] Decodierter Pfad: GA046-Nachgelassene Abhandlungen und Fragmente 1879-1924_img-9.png
[IMAGES-ASSETS] Gefundene GA-Nummer: GA046
[IMAGES-ASSETS] Suche in: C:\Users\chuec\OneDrive\GitHub\ga_suche\Steiner_GA
[IMAGES-ASSETS] Anfrage für Bild: GA046-Nachgelassene%20Abhandlungen%20und%20Fragmente%201879-1924_img-10.png
[IMAGES-ASSETS] Vollständiger Request-Pfad: /assets/GA046-Nachgelassene%20Abhandlungen%20und%20Fragmente%201879-1924_img-10.png
[IMAGES-ASSETS] Decodierter Pfad: GA046-Nachgelassene Abhandlungen und Fragmente 1879-1924_img-10.png
[IMAGES-ASSETS] Gefundene GA-Nummer: GA046
[IMAGES-ASSETS] Suche in: C:\Users\chuec\OneDrive\GitHub\ga_suche\Steiner_GA
[IMAGES-ASSETS] Anfrage für Bild: GA046-Nachgelassene%20Abhandlungen%20und%20Fragmente%201879-1924_img-11.png
[IMAGES-ASSETS] Vollständiger Request-Pfad: /assets/GA046-Nachgelassene%20Abhandlungen%20und%20Fragmente%201879-1924_img-11.png
[IMAGES-ASSETS] Decodierter Pfad: GA046-Nachgelassene Abhandlungen und Fragmente 1879-1924_img-11.png
[IMAGES-ASSETS] Gefundene GA-Nummer: GA046
[IMAGES-ASSETS] Suche in: C:\Users\chuec\OneDrive\GitHub\ga_suche\Steiner_GA
[IMAGES-ASSETS] Gefundener GA-Ordner: GA046-Nachgelassene Abhandlungen und Fragmente 1879-1924
[IMAGES-ASSETS] Vollständiger Pfad: C:\Users\chuec\OneDrive\GitHub\ga_suche\Steiner_GA\GA046-Nachgelassene Abhandlungen und Fragmente 1879-1924\assets\GA046-Nachgelassene Abhandlungen und Fragmente 1879-1924_img-9.png
[IMAGES-ASSETS] ✓ Bild gefunden, serviere: C:\Users\chuec\OneDrive\GitHub\ga_suche\Steiner_GA\GA046-Nachgelassene Abhandlungen und Fragmente 1879-1924\assets\GA046-Nachgelassene Abhandlungen und Fragmente 1879-1924_img-9.png
[IMAGES-ASSETS] Gefundener GA-Ordner: GA046-Nachgelassene Abhandlungen und Fragmente 1879-1924
[IMAGES-ASSETS] Vollständiger Pfad: C:\Users\chuec\OneDrive\GitHub\ga_suche\Steiner_GA\GA046-Nachgelassene Abhandlungen und Fragmente 1879-1924\assets\GA046-Nachgelassene Abhandlungen und Fragmente 1879-1924_img-10.png
[IMAGES-ASSETS] ✓ Bild gefunden, serviere: C:\Users\chuec\OneDrive\GitHub\ga_suche\Steiner_GA\GA046-Nachgelassene Abhandlungen und Fragmente 1879-1924\assets\GA046-Nachgelassene Abhandlungen und Fragmente 1879-1924_img-10.png
[IMAGES-ASSETS] Anfrage für Bild: GA046-Nachgelassene%20Abhandlungen%20und%20Fragmente%201879-1924_img-12.png
[IMAGES-ASSETS] Vollständiger Request-Pfad: /assets/GA046-Nachgelassene%20Abhandlungen%20und%20Fragmente%201879-1924_img-12.png
[IMAGES-ASSETS] Decodierter Pfad: GA046-Nachgelassene Abhandlungen und Fragmente 1879-1924_img-12.png
[IMAGES-ASSETS] Gefundene GA-Nummer: GA046
[IMAGES-ASSETS] Suche in: C:\Users\chuec\OneDrive\GitHub\ga_suche\Steiner_GA
[IMAGES-ASSETS] Gefundener GA-Ordner: GA046-Nachgelassene Abhandlungen und Fragmente 1879-1924
[IMAGES-ASSETS] Vollständiger Pfad: C:\Users\chuec\OneDrive\GitHub\ga_suche\Steiner_GA\GA046-Nachgelassene Abhandlungen und Fragmente 1879-1924\assets\GA046-Nachgelassene Abhandlungen und Fragmente 1879-1924_img-11.png
[IMAGES-ASSETS] ✓ Bild gefunden, serviere: C:\Users\chuec\OneDrive\GitHub\ga_suche\Steiner_GA\GA046-Nachgelassene Abhandlungen und Fragmente 1879-1924\assets\GA046-Nachgelassene Abhandlungen und Fragmente 1879-1924_img-11.png
[IMAGES-ASSETS] Gefundener GA-Ordner: GA046-Nachgelassene Abhandlungen und Fragmente 1879-1924
[IMAGES-ASSETS] Vollständiger Pfad: C:\Users\chuec\OneDrive\GitHub\ga_suche\Steiner_GA\GA046-Nachgelassene Abhandlungen und Fragmente 1879-1924\assets\GA046-Nachgelassene Abhandlungen und Fragmente 1879-1924_img-12.png
[IMAGES-ASSETS] ✓ Bild gefunden, serviere: C:\Users\chuec\OneDrive\GitHub\ga_suche\Steiner_GA\GA046-Nachgelassene Abhandlungen und Fragmente 1879-1924\assets\GA046-Nachgelassene Abhandlungen und Fragmente 1879-1924_img-12.png
[IMAGES-ASSETS] Anfrage für Bild: GA046-Nachgelassene%20Abhandlungen%20und%20Fragmente%201879-1924_img-13.png
[IMAGES-ASSETS] Vollständiger Request-Pfad: /assets/GA046-Nachgelassene%20Abhandlungen%20und%20Fragmente%201879-1924_img-13.png
[IMAGES-ASSETS] Decodierter Pfad: GA046-Nachgelassene Abhandlungen und Fragmente 1879-1924_img-13.png
[IMAGES-ASSETS] Gefundene GA-Nummer: GA046
[IMAGES-ASSETS] Suche in: C:\Users\chuec\OneDrive\GitHub\ga_suche\Steiner_GA
[IMAGES-ASSETS] Anfrage für Bild: GA046-Nachgelassene%20Abhandlungen%20und%20Fragmente%201879-1924_img-14.png
[IMAGES-ASSETS] Vollständiger Request-Pfad: /assets/GA046-Nachgelassene%20Abhandlungen%20und%20Fragmente%201879-1924_img-14.png
[IMAGES-ASSETS] Decodierter Pfad: GA046-Nachgelassene Abhandlungen und Fragmente 1879-1924_img-14.png
[IMAGES-ASSETS] Gefundene GA-Nummer: GA046
[IMAGES-ASSETS] Suche in: C:\Users\chuec\OneDrive\GitHub\ga_suche\Steiner_GA
[IMAGES-ASSETS] Anfrage für Bild: GA046-Nachgelassene%20Abhandlungen%20und%20Fragmente%201879-1924_img-15.png
[IMAGES-ASSETS] Vollständiger Request-Pfad: /assets/GA046-Nachgelassene%20Abhandlungen%20und%20Fragmente%201879-1924_img-15.png
[IMAGES-ASSETS] Decodierter Pfad: GA046-Nachgelassene Abhandlungen und Fragmente 1879-1924_img-15.png
[IMAGES-ASSETS] Gefundene GA-Nummer: GA046
[IMAGES-ASSETS] Suche in: C:\Users\chuec\OneDrive\GitHub\ga_suche\Steiner_GA
[IMAGES-ASSETS] Gefundener GA-Ordner: GA046-Nachgelassene Abhandlungen und Fragmente 1879-1924
[IMAGES-ASSETS] Vollständiger Pfad: C:\Users\chuec\OneDrive\GitHub\ga_suche\Steiner_GA\GA046-Nachgelassene Abhandlungen und Fragmente 1879-1924\assets\GA046-Nachgelassene Abhandlungen und Fragmente 1879-1924_img-13.png
[IMAGES-ASSETS] ✓ Bild gefunden, serviere: C:\Users\chuec\OneDrive\GitHub\ga_suche\Steiner_GA\GA046-Nachgelassene Abhandlungen und Fragmente 1879-1924\assets\GA046-Nachgelassene Abhandlungen und Fragmente 1879-1924_img-13.png
[IMAGES-ASSETS] Gefundener GA-Ordner: GA046-Nachgelassene Abhandlungen und Fragmente 1879-1924
[IMAGES-ASSETS] Vollständiger Pfad: C:\Users\chuec\OneDrive\GitHub\ga_suche\Steiner_GA\GA046-Nachgelassene Abhandlungen und Fragmente 1879-1924\assets\GA046-Nachgelassene Abhandlungen und Fragmente 1879-1924_img-14.png
[IMAGES-ASSETS] ✓ Bild gefunden, serviere: C:\Users\chuec\OneDrive\GitHub\ga_suche\Steiner_GA\GA046-Nachgelassene Abhandlungen und Fragmente 1879-1924\assets\GA046-Nachgelassene Abhandlungen und Fragmente 1879-1924_img-14.png
[IMAGES-ASSETS] Gefundener GA-Ordner: GA046-Nachgelassene Abhandlungen und Fragmente 1879-1924
[IMAGES-ASSETS] Vollständiger Pfad: C:\Users\chuec\OneDrive\GitHub\ga_suche\Steiner_GA\GA046-Nachgelassene Abhandlungen und Fragmente 1879-1924\assets\GA046-Nachgelassene Abhandlungen und Fragmente 1879-1924_img-15.png
[IMAGES-ASSETS] ✓ Bild gefunden, serviere: C:\Users\chuec\OneDrive\GitHub\ga_suche\Steiner_GA\GA046-Nachgelassene Abhandlungen und Fragmente 1879-1924\assets\GA046-Nachgelassene Abhandlungen und Fragmente 1879-1924_img-15.png
[IMAGES-ASSETS] Anfrage für Bild: GA046-Nachgelassene%20Abhandlungen%20und%20Fragmente%201879-1924_img-16.png
[IMAGES-ASSETS] Vollständiger Request-Pfad: /assets/GA046-Nachgelassene%20Abhandlungen%20und%20Fragmente%201879-1924_img-16.png
[IMAGES-ASSETS] Decodierter Pfad: GA046-Nachgelassene Abhandlungen und Fragmente 1879-1924_img-16.png
[IMAGES-ASSETS] Gefundene GA-Nummer: GA046
[IMAGES-ASSETS] Suche in: C:\Users\chuec\OneDrive\GitHub\ga_suche\Steiner_GA
[IMAGES-ASSETS] Gefundener GA-Ordner: GA046-Nachgelassene Abhandlungen und Fragmente 1879-1924
[IMAGES-ASSETS] Vollständiger Pfad: C:\Users\chuec\OneDrive\GitHub\ga_suche\Steiner_GA\GA046-Nachgelassene Abhandlungen und Fragmente 1879-1924\assets\GA046-Nachgelassene Abhandlungen und Fragmente 1879-1924_img-16.png
[IMAGES-ASSETS] ✓ Bild gefunden, serviere: C:\Users\chuec\OneDrive\GitHub\ga_suche\Steiner_GA\GA046-Nachgelassene Abhandlungen und Fragmente 1879-1924\assets\GA046-Nachgelassene Abhandlungen und Fragmente 1879-1924_img-16.png
[IMAGES-ASSETS] Anfrage für Bild: GA046-Nachgelassene%20Abhandlungen%20und%20Fragmente%201879-1924_img-17.png
[IMAGES-ASSETS] Vollständiger Request-Pfad: /assets/GA046-Nachgelassene%20Abhandlungen%20und%20Fragmente%201879-1924_img-17.png
[IMAGES-ASSETS] Decodierter Pfad: GA046-Nachgelassene Abhandlungen und Fragmente 1879-1924_img-17.png
[IMAGES-ASSETS] Gefundene GA-Nummer: GA046
[IMAGES-ASSETS] Suche in: C:\Users\chuec\OneDrive\GitHub\ga_suche\Steiner_GA
[IMAGES-ASSETS] Anfrage für Bild: GA046-Nachgelassene%20Abhandlungen%20und%20Fragmente%201879-1924_img-18.png
[IMAGES-ASSETS] Vollständiger Request-Pfad: /assets/GA046-Nachgelassene%20Abhandlungen%20und%20Fragmente%201879-1924_img-18.png
[IMAGES-ASSETS] Decodierter Pfad: GA046-Nachgelassene Abhandlungen und Fragmente 1879-1924_img-18.png
[IMAGES-ASSETS] Gefundene GA-Nummer: GA046
[IMAGES-ASSETS] Suche in: C:\Users\chuec\OneDrive\GitHub\ga_suche\Steiner_GA
[IMAGES-ASSETS] Gefundener GA-Ordner: GA046-Nachgelassene Abhandlungen und Fragmente 1879-1924
[IMAGES-ASSETS] Vollständiger Pfad: C:\Users\chuec\OneDrive\GitHub\ga_suche\Steiner_GA\GA046-Nachgelassene Abhandlungen und Fragmente 1879-1924\assets\GA046-Nachgelassene Abhandlungen und Fragmente 1879-1924_img-17.png
[IMAGES-ASSETS] ✓ Bild gefunden, serviere: C:\Users\chuec\OneDrive\GitHub\ga_suche\Steiner_GA\GA046-Nachgelassene Abhandlungen und Fragmente 1879-1924\assets\GA046-Nachgelassene Abhandlungen und Fragmente 1879-1924_img-17.png
[IMAGES-ASSETS] Gefundener GA-Ordner: GA046-Nachgelassene Abhandlungen und Fragmente 1879-1924
[IMAGES-ASSETS] Vollständiger Pfad: C:\Users\chuec\OneDrive\GitHub\ga_suche\Steiner_GA\GA046-Nachgelassene Abhandlungen und Fragmente 1879-1924\assets\GA046-Nachgelassene Abhandlungen und Fragmente 1879-1924_img-18.png
[IMAGES-ASSETS] ✓ Bild gefunden, serviere: C:\Users\chuec\OneDrive\GitHub\ga_suche\Steiner_GA\GA046-Nachgelassene Abhandlungen und Fragmente 1879-1924\assets\GA046-Nachgelassene Abhandlungen und Fragmente 1879-1924_img-18.png
[IMAGES-ASSETS] Anfrage für Bild: GA046-Nachgelassene%20Abhandlungen%20und%20Fragmente%201879-1924_img-19.png
[IMAGES-ASSETS] Vollständiger Request-Pfad: /assets/GA046-Nachgelassene%20Abhandlungen%20und%20Fragmente%201879-1924_img-19.png
[IMAGES-ASSETS] Decodierter Pfad: GA046-Nachgelassene Abhandlungen und Fragmente 1879-1924_img-19.png
[IMAGES-ASSETS] Gefundene GA-Nummer: GA046
[IMAGES-ASSETS] Suche in: C:\Users\chuec\OneDrive\GitHub\ga_suche\Steiner_GA
[IMAGES-ASSETS] Gefundener GA-Ordner: GA046-Nachgelassene Abhandlungen und Fragmente 1879-1924
[IMAGES-ASSETS] Vollständiger Pfad: C:\Users\chuec\OneDrive\GitHub\ga_suche\Steiner_GA\GA046-Nachgelassene Abhandlungen und Fragmente 1879-1924\assets\GA046-Nachgelassene Abhandlungen und Fragmente 1879-1924_img-19.png
[IMAGES-ASSETS] ✓ Bild gefunden, serviere: C:\Users\chuec\OneDrive\GitHub\ga_suche\Steiner_GA\GA046-Nachgelassene Abhandlungen und Fragmente 1879-1924\assets\GA046-Nachgelassene Abhandlungen und Fragmente 1879-1924_img-19.png
[IMAGES-ASSETS] Anfrage für Bild: GA046-Nachgelassene%20Abhandlungen%20und%20Fragmente%201879-1924_img-20.png
[IMAGES-ASSETS] Vollständiger Request-Pfad: /assets/GA046-Nachgelassene%20Abhandlungen%20und%20Fragmente%201879-1924_img-20.png
[IMAGES-ASSETS] Decodierter Pfad: GA046-Nachgelassene Abhandlungen und Fragmente 1879-1924_img-20.png
[IMAGES-ASSETS] Gefundene GA-Nummer: GA046
[IMAGES-ASSETS] Suche in: C:\Users\chuec\OneDrive\GitHub\ga_suche\Steiner_GA
[IMAGES-ASSETS] Anfrage für Bild: GA046-Nachgelassene%20Abhandlungen%20und%20Fragmente%201879-1924_img-21.png
[IMAGES-ASSETS] Vollständiger Request-Pfad: /assets/GA046-Nachgelassene%20Abhandlungen%20und%20Fragmente%201879-1924_img-21.png
[IMAGES-ASSETS] Decodierter Pfad: GA046-Nachgelassene Abhandlungen und Fragmente 1879-1924_img-21.png
[IMAGES-ASSETS] Gefundene GA-Nummer: GA046
[IMAGES-ASSETS] Suche in: C:\Users\chuec\OneDrive\GitHub\ga_suche\Steiner_GA
[IMAGES-ASSETS] Gefundener GA-Ordner: GA046-Nachgelassene Abhandlungen und Fragmente 1879-1924
[IMAGES-ASSETS] Vollständiger Pfad: C:\Users\chuec\OneDrive\GitHub\ga_suche\Steiner_GA\GA046-Nachgelassene Abhandlungen und Fragmente 1879-1924\assets\GA046-Nachgelassene Abhandlungen und Fragmente 1879-1924_img-20.png
[IMAGES-ASSETS] ✓ Bild gefunden, serviere: C:\Users\chuec\OneDrive\GitHub\ga_suche\Steiner_GA\GA046-Nachgelassene Abhandlungen und Fragmente 1879-1924\assets\GA046-Nachgelassene Abhandlungen und Fragmente 1879-1924_img-20.png
[IMAGES-ASSETS] Gefundener GA-Ordner: GA046-Nachgelassene Abhandlungen und Fragmente 1879-1924
[IMAGES-ASSETS] Vollständiger Pfad: C:\Users\chuec\OneDrive\GitHub\ga_suche\Steiner_GA\GA046-Nachgelassene Abhandlungen und Fragmente 1879-1924\assets\GA046-Nachgelassene Abhandlungen und Fragmente 1879-1924_img-21.png
[IMAGES-ASSETS] ✓ Bild gefunden, serviere: C:\Users\chuec\OneDrive\GitHub\ga_suche\Steiner_GA\GA046-Nachgelassene Abhandlungen und Fragmente 1879-1924\assets\GA046-Nachgelassene Abhandlungen und Fragmente 1879-1924_img-21.png
[IMAGES-ASSETS] Anfrage für Bild: GA046-Nachgelassene%20Abhandlungen%20und%20Fragmente%201879-1924_img-22.png
[IMAGES-ASSETS] Vollständiger Request-Pfad: /assets/GA046-Nachgelassene%20Abhandlungen%20und%20Fragmente%201879-1924_img-22.png
[IMAGES-ASSETS] Decodierter Pfad: GA046-Nachgelassene Abhandlungen und Fragmente 1879-1924_img-22.png
[IMAGES-ASSETS] Gefundene GA-Nummer: GA046
[IMAGES-ASSETS] Suche in: C:\Users\chuec\OneDrive\GitHub\ga_suche\Steiner_GA
[IMAGES-ASSETS] Gefundener GA-Ordner: GA046-Nachgelassene Abhandlungen und Fragmente 1879-1924
[IMAGES-ASSETS] Vollständiger Pfad: C:\Users\chuec\OneDrive\GitHub\ga_suche\Steiner_GA\GA046-Nachgelassene Abhandlungen und Fragmente 1879-1924\assets\GA046-Nachgelassene Abhandlungen und Fragmente 1879-1924_img-22.png
[IMAGES-ASSETS] ✓ Bild gefunden, serviere: C:\Users\chuec\OneDrive\GitHub\ga_suche\Steiner_GA\GA046-Nachgelassene Abhandlungen und Fragmente 1879-1924\assets\GA046-Nachgelassene Abhandlungen und Fragmente 1879-1924_img-22.png
[IMAGES-ASSETS] Anfrage für Bild: GA046-Nachgelassene%20Abhandlungen%20und%20Fragmente%201879-1924_img-23.png
[IMAGES-ASSETS] Vollständiger Request-Pfad: /assets/GA046-Nachgelassene%20Abhandlungen%20und%20Fragmente%201879-1924_img-23.png
[IMAGES-ASSETS] Decodierter Pfad: GA046-Nachgelassene Abhandlungen und Fragmente 1879-1924_img-23.png
[IMAGES-ASSETS] Gefundene GA-Nummer: GA046
[IMAGES-ASSETS] Suche in: C:\Users\chuec\OneDrive\GitHub\ga_suche\Steiner_GA
[IMAGES-ASSETS] Anfrage für Bild: GA046-Nachgelassene%20Abhandlungen%20und%20Fragmente%201879-1924_img-24.png
[IMAGES-ASSETS] Vollständiger Request-Pfad: /assets/GA046-Nachgelassene%20Abhandlungen%20und%20Fragmente%201879-1924_img-24.png
[IMAGES-ASSETS] Decodierter Pfad: GA046-Nachgelassene Abhandlungen und Fragmente 1879-1924_img-24.png
[IMAGES-ASSETS] Gefundene GA-Nummer: GA046
[IMAGES-ASSETS] Suche in: C:\Users\chuec\OneDrive\GitHub\ga_suche\Steiner_GA
[IMAGES-ASSETS] Gefundener GA-Ordner: GA046-Nachgelassene Abhandlungen und Fragmente 1879-1924
[IMAGES-ASSETS] Vollständiger Pfad: C:\Users\chuec\OneDrive\GitHub\ga_suche\Steiner_GA\GA046-Nachgelassene Abhandlungen und Fragmente 1879-1924\assets\GA046-Nachgelassene Abhandlungen und Fragmente 1879-1924_img-23.png
[IMAGES-ASSETS] ✓ Bild gefunden, serviere: C:\Users\chuec\OneDrive\GitHub\ga_suche\Steiner_GA\GA046-Nachgelassene Abhandlungen und Fragmente 1879-1924\assets\GA046-Nachgelassene Abhandlungen und Fragmente 1879-1924_img-23.png
[IMAGES-ASSETS] Gefundener GA-Ordner: GA046-Nachgelassene Abhandlungen und Fragmente 1879-1924
[IMAGES-ASSETS] Vollständiger Pfad: C:\Users\chuec\OneDrive\GitHub\ga_suche\Steiner_GA\GA046-Nachgelassene Abhandlungen und Fragmente 1879-1924\assets\GA046-Nachgelassene Abhandlungen und Fragmente 1879-1924_img-24.png
[IMAGES-ASSETS] ✓ Bild gefunden, serviere: C:\Users\chuec\OneDrive\GitHub\ga_suche\Steiner_GA\GA046-Nachgelassene Abhandlungen und Fragmente 1879-1924\assets\GA046-Nachgelassene Abhandlungen und Fragmente 1879-1924_img-24.png
[IMAGES-ASSETS] Anfrage für Bild: GA046-Nachgelassene%20Abhandlungen%20und%20Fragmente%201879-1924_img-25.png
[IMAGES-ASSETS] Vollständiger Request-Pfad: /assets/GA046-Nachgelassene%20Abhandlungen%20und%20Fragmente%201879-1924_img-25.png
[IMAGES-ASSETS] Decodierter Pfad: GA046-Nachgelassene Abhandlungen und Fragmente 1879-1924_img-25.png
[IMAGES-ASSETS] Gefundene GA-Nummer: GA046
[IMAGES-ASSETS] Suche in: C:\Users\chuec\OneDrive\GitHub\ga_suche\Steiner_GA
[IMAGES-ASSETS] Anfrage für Bild: GA046-Nachgelassene%20Abhandlungen%20und%20Fragmente%201879-1924_img-26.png
[IMAGES-ASSETS] Vollständiger Request-Pfad: /assets/GA046-Nachgelassene%20Abhandlungen%20und%20Fragmente%201879-1924_img-26.png
[IMAGES-ASSETS] Decodierter Pfad: GA046-Nachgelassene Abhandlungen und Fragmente 1879-1924_img-26.png
[IMAGES-ASSETS] Gefundene GA-Nummer: GA046
[IMAGES-ASSETS] Suche in: C:\Users\chuec\OneDrive\GitHub\ga_suche\Steiner_GA
[IMAGES-ASSETS] Anfrage für Bild: GA046-Nachgelassene%20Abhandlungen%20und%20Fragmente%201879-1924_img-27.png
[IMAGES-ASSETS] Vollständiger Request-Pfad: /assets/GA046-Nachgelassene%20Abhandlungen%20und%20Fragmente%201879-1924_img-27.png
[IMAGES-ASSETS] Decodierter Pfad: GA046-Nachgelassene Abhandlungen und Fragmente 1879-1924_img-27.png
[IMAGES-ASSETS] Gefundene GA-Nummer: GA046
[IMAGES-ASSETS] Suche in: C:\Users\chuec\OneDrive\GitHub\ga_suche\Steiner_GA
[IMAGES-ASSETS] Gefundener GA-Ordner: GA046-Nachgelassene Abhandlungen und Fragmente 1879-1924
[IMAGES-ASSETS] Vollständiger Pfad: C:\Users\chuec\OneDrive\GitHub\ga_suche\Steiner_GA\GA046-Nachgelassene Abhandlungen und Fragmente 1879-1924\assets\GA046-Nachgelassene Abhandlungen und Fragmente 1879-1924_img-25.png
[IMAGES-ASSETS] ✓ Bild gefunden, serviere: C:\Users\chuec\OneDrive\GitHub\ga_suche\Steiner_GA\GA046-Nachgelassene Abhandlungen und Fragmente 1879-1924\assets\GA046-Nachgelassene Abhandlungen und Fragmente 1879-1924_img-25.png
[IMAGES-ASSETS] Gefundener GA-Ordner: GA046-Nachgelassene Abhandlungen und Fragmente 1879-1924
[IMAGES-ASSETS] Vollständiger Pfad: C:\Users\chuec\OneDrive\GitHub\ga_suche\Steiner_GA\GA046-Nachgelassene Abhandlungen und Fragmente 1879-1924\assets\GA046-Nachgelassene Abhandlungen und Fragmente 1879-1924_img-26.png
[IMAGES-ASSETS] ✓ Bild gefunden, serviere: C:\Users\chuec\OneDrive\GitHub\ga_suche\Steiner_GA\GA046-Nachgelassene Abhandlungen und Fragmente 1879-1924\assets\GA046-Nachgelassene Abhandlungen und Fragmente 1879-1924_img-26.png
[IMAGES-ASSETS] Gefundener GA-Ordner: GA046-Nachgelassene Abhandlungen und Fragmente 1879-1924
[IMAGES-ASSETS] Vollständiger Pfad: C:\Users\chuec\OneDrive\GitHub\ga_suche\Steiner_GA\GA046-Nachgelassene Abhandlungen und Fragmente 1879-1924\assets\GA046-Nachgelassene Abhandlungen und Fragmente 1879-1924_img-27.png
[IMAGES-ASSETS] ✓ Bild gefunden, serviere: C:\Users\chuec\OneDrive\GitHub\ga_suche\Steiner_GA\GA046-Nachgelassene Abhandlungen und Fragmente 1879-1924\assets\GA046-Nachgelassene Abhandlungen und Fragmente 1879-1924_img-27.png
[IMAGES-ASSETS] Anfrage für Bild: GA046-Nachgelassene%20Abhandlungen%20und%20Fragmente%201879-1924_img-28.png
[IMAGES-ASSETS] Vollständiger Request-Pfad: /assets/GA046-Nachgelassene%20Abhandlungen%20und%20Fragmente%201879-1924_img-28.png
[IMAGES-ASSETS] Decodierter Pfad: GA046-Nachgelassene Abhandlungen und Fragmente 1879-1924_img-28.png
[IMAGES-ASSETS] Gefundene GA-Nummer: GA046
[IMAGES-ASSETS] Suche in: C:\Users\chuec\OneDrive\GitHub\ga_suche\Steiner_GA
[IMAGES-ASSETS] Gefundener GA-Ordner: GA046-Nachgelassene Abhandlungen und Fragmente 1879-1924
[IMAGES-ASSETS] Vollständiger Pfad: C:\Users\chuec\OneDrive\GitHub\ga_suche\Steiner_GA\GA046-Nachgelassene Abhandlungen und Fragmente 1879-1924\assets\GA046-Nachgelassene Abhandlungen und Fragmente 1879-1924_img-28.png
[IMAGES-ASSETS] ✓ Bild gefunden, serviere: C:\Users\chuec\OneDrive\GitHub\ga_suche\Steiner_GA\GA046-Nachgelassene Abhandlungen und Fragmente 1879-1924\assets\GA046-Nachgelassene Abhandlungen und Fragmente 1879-1924_img-28.png
[BOOK] ✓ Überschriften für GA046 gespeichert (4490 Einträge total, 4457 Vorträge geschützt)
GET /api/book/GA046
[BOOK] Anfrage für GA046
[BOOK] Schrift gefunden: Nachgelassene Abhandlungen und Fragmente (1879-1924)
[BOOK] ✓ Vortrags-Einträge gefunden - werden geschützt
[BOOK] ✓ Überschriften für GA046 gespeichert (4490 Einträge total, 4457 Vorträge geschützt)
GET /api/book/GA046
[BOOK] Anfrage für GA046
[BOOK] Schrift gefunden: Nachgelassene Abhandlungen und Fragmente (1879-1924)
[BOOK] ✓ Vortrags-Einträge gefunden - werden geschützt
GET /api/full-lecture/GA177/12
GET /api/check-summary/GA177/12
[CHECK-SUMMARY] Prüfe zentrale DB für GA177/12
[BOOK] ✓ Überschriften für GA046 gespeichert (4490 Einträge total, 4457 Vorträge geschützt)
Zentrale Summary-DB nicht gefunden, erstelle neue...
[CHECK-SUMMARY] ✗ Keine Zusammenfassung für GA177/12
[CHECK-SUMMARY] Keine IDs für GA177 gefunden
GET /api/steiner-images/GA177%2F12
[IMAGES-ASSETS] Anfrage für Bild: page_134_img_1.png
[IMAGES-ASSETS] Vollständiger Request-Pfad: /assets/page_134_img_1.png
[IMAGES-ASSETS] Decodierter Pfad: page_134_img_1.png
[IMAGES-ASSETS] GA-Nummer nicht gefunden in: page_134_img_1.png
[IMAGES-ASSETS] Anfrage für Bild: page_139_img_1.png
[IMAGES-ASSETS] Vollständiger Request-Pfad: /assets/page_139_img_1.png
[IMAGES-ASSETS] Decodierter Pfad: page_139_img_1.png
[IMAGES-ASSETS] GA-Nummer nicht gefunden in: page_139_img_1.png
[IMAGES-API] Sende 2 Bilder für GA177/12 (aus steiner-images-part10.json)
POST /api/fulltext-search
Volltext-Suche: Ätherleib [Relevanz-Filter: niedrig]
Volltext-Suche: 6451 Absätze gefunden (Vorträge + Bücher)
[RELEVANCE-SCORING] Füge Relevanz-Scores für 6451 Ergebnisse hinzu (Kontext-basiert: 2 Absätze vor/nach)
[RELEVANCE-HIT] GA053/2 Absatz 34: Score=0.000, Kontext-Absätze=5
[RELEVANCE-HIT] GA053/2 Absatz 44: Score=0.000, Kontext-Absätze=5
[RELEVANCE-HIT] GA054/5 Absatz 51: Score=0.000, Kontext-Absätze=5
[RELEVANCE-PERCENTILE] 6451 Treffer, Top 15% = hoch (Score≥0.350, Index 30), Top 40% = mittel (Score≥0.200, Index 21)
[RELEVANCE-ADAPTIVE] Max=0.450, Median=0.200, Schwellwerte: hoch≥0.350, mittel≥0.200
[RELEVANCE-TOP-SCORES] Top 10: 0.450, 0.450, 0.450, 0.450, 0.350, 0.350, 0.350, 0.350, 0.350, 0.350
[RELEVANCE-SCORE-DIST] Gesamt: 35, >0.5: 0, >0.3: 11, >0.2: 35, >0.1: 35
[RELEVANCE-SCORING] Relevanz-Kategorien: hoch=11, mittel=24, niedrig=6416
[RELEVANCE-DEBUG] Hoch-Scores: Min=0.350, Max=0.450, Avg=0.386
[BACKEND-FILTER] 6451 -> 6416 Ergebnisse nach Filter "niedrig"
  [Single] "ätherleib"

Extrahierte 1 Suchbegriffe aus "Ätherleib":
ätherleib
POST /api/fulltext-search
Volltext-Suche: Ätherleib [Relevanz-Filter: hoch]
Volltext-Suche: 6451 Absätze gefunden (Vorträge + Bücher)
[RELEVANCE-SCORING] Füge Relevanz-Scores für 6451 Ergebnisse hinzu (Kontext-basiert: 2 Absätze vor/nach)
[RELEVANCE-HIT] GA053/2 Absatz 34: Score=0.000, Kontext-Absätze=5
[RELEVANCE-HIT] GA053/2 Absatz 44: Score=0.000, Kontext-Absätze=5
[RELEVANCE-HIT] GA054/5 Absatz 51: Score=0.000, Kontext-Absätze=5
[RELEVANCE-PERCENTILE] 6451 Treffer, Top 15% = hoch (Score≥0.350, Index 30), Top 40% = mittel (Score≥0.200, Index 21)
[RELEVANCE-ADAPTIVE] Max=0.450, Median=0.200, Schwellwerte: hoch≥0.350, mittel≥0.200
[RELEVANCE-TOP-SCORES] Top 10: 0.450, 0.450, 0.450, 0.450, 0.350, 0.350, 0.350, 0.350, 0.350, 0.350
[RELEVANCE-SCORE-DIST] Gesamt: 35, >0.5: 0, >0.3: 11, >0.2: 35, >0.1: 35
[RELEVANCE-SCORING] Relevanz-Kategorien: hoch=11, mittel=24, niedrig=6416
[RELEVANCE-DEBUG] Hoch-Scores: Min=0.350, Max=0.450, Avg=0.386
[BACKEND-FILTER] 6451 -> 11 Ergebnisse nach Filter "hoch"
  [Single] "ätherleib"

Extrahierte 1 Suchbegriffe aus "Ätherleib":
ätherleib
POST /api/fulltext-search
Volltext-Suche: Ätherleib [Relevanz-Filter: mittel]
Volltext-Suche: 6451 Absätze gefunden (Vorträge + Bücher)
[RELEVANCE-SCORING] Füge Relevanz-Scores für 6451 Ergebnisse hinzu (Kontext-basiert: 2 Absätze vor/nach)
[RELEVANCE-HIT] GA053/2 Absatz 34: Score=0.000, Kontext-Absätze=5
[RELEVANCE-HIT] GA053/2 Absatz 44: Score=0.000, Kontext-Absätze=5
[RELEVANCE-HIT] GA054/5 Absatz 51: Score=0.000, Kontext-Absätze=5
[RELEVANCE-PERCENTILE] 6451 Treffer, Top 15% = hoch (Score≥0.350, Index 30), Top 40% = mittel (Score≥0.200, Index 21)
[RELEVANCE-ADAPTIVE] Max=0.450, Median=0.200, Schwellwerte: hoch≥0.350, mittel≥0.200
[RELEVANCE-TOP-SCORES] Top 10: 0.450, 0.450, 0.450, 0.450, 0.350, 0.350, 0.350, 0.350, 0.350, 0.350
[RELEVANCE-SCORE-DIST] Gesamt: 35, >0.5: 0, >0.3: 11, >0.2: 35, >0.1: 35
[RELEVANCE-SCORING] Relevanz-Kategorien: hoch=11, mittel=24, niedrig=6416
[RELEVANCE-DEBUG] Hoch-Scores: Min=0.350, Max=0.450, Avg=0.386
[BACKEND-FILTER] 6451 -> 24 Ergebnisse nach Filter "mittel"
  [Single] "ätherleib"

Extrahierte 1 Suchbegriffe aus "Ätherleib":
ätherleib
POST /api/fulltext-search
Volltext-Suche: Ätherleib [Relevanz-Filter: niedrig]
Volltext-Suche: 6451 Absätze gefunden (Vorträge + Bücher)
[RELEVANCE-SCORING] Füge Relevanz-Scores für 6451 Ergebnisse hinzu (Kontext-basiert: 2 Absätze vor/nach)
[RELEVANCE-HIT] GA053/2 Absatz 34: Score=0.000, Kontext-Absätze=5
[RELEVANCE-HIT] GA053/2 Absatz 44: Score=0.000, Kontext-Absätze=5
[RELEVANCE-HIT] GA054/5 Absatz 51: Score=0.000, Kontext-Absätze=5
[RELEVANCE-PERCENTILE] 6451 Treffer, Top 15% = hoch (Score≥0.350, Index 30), Top 40% = mittel (Score≥0.200, Index 21)
[RELEVANCE-ADAPTIVE] Max=0.450, Median=0.200, Schwellwerte: hoch≥0.350, mittel≥0.200
[RELEVANCE-TOP-SCORES] Top 10: 0.450, 0.450, 0.450, 0.450, 0.350, 0.350, 0.350, 0.350, 0.350, 0.350
[RELEVANCE-SCORE-DIST] Gesamt: 35, >0.5: 0, >0.3: 11, >0.2: 35, >0.1: 35
[RELEVANCE-SCORING] Relevanz-Kategorien: hoch=11, mittel=24, niedrig=6416
[RELEVANCE-DEBUG] Hoch-Scores: Min=0.350, Max=0.450, Avg=0.386
[BACKEND-FILTER] 6451 -> 6416 Ergebnisse nach Filter "niedrig"
  [Single] "ätherleib"

Extrahierte 1 Suchbegriffe aus "Ätherleib":
ätherleib
GET /api/book/GA046
[BOOK] Anfrage für GA046
[BOOK] Schrift gefunden: Nachgelassene Abhandlungen und Fragmente (1879-1924)
[BOOK] ✓ Vortrags-Einträge gefunden - werden geschützt
[BOOK] ✓ Überschriften für GA046 gespeichert (4490 Einträge total, 4457 Vorträge geschützt)
GET /api/book/GA046
[BOOK] Anfrage für GA046
[BOOK] Schrift gefunden: Nachgelassene Abhandlungen und Fragmente (1879-1924)
[BOOK] ✓ Vortrags-Einträge gefunden - werden geschützt
[BOOK] ✓ Überschriften für GA046 gespeichert (4490 Einträge total, 4457 Vorträge geschützt)
GET /api/book/GA046
[BOOK] Anfrage für GA046
[BOOK] Schrift gefunden: Nachgelassene Abhandlungen und Fragmente (1879-1924)
[BOOK] ✓ Vortrags-Einträge gefunden - werden geschützt
[BOOK] ✓ Überschriften für GA046 gespeichert (4490 Einträge total, 4457 Vorträge geschützt)
GET /api/book/GA046
[BOOK] Anfrage für GA046
[BOOK] Schrift gefunden: Nachgelassene Abhandlungen und Fragmente (1879-1924)
[BOOK] ✓ Vortrags-Einträge gefunden - werden geschützt
[BOOK] ✓ Überschriften für GA046 gespeichert (4490 Einträge total, 4457 Vorträge geschützt)
GET /api/book/GA046
[BOOK] Anfrage für GA046
[BOOK] Schrift gefunden: Nachgelassene Abhandlungen und Fragmente (1879-1924)
[BOOK] ✓ Vortrags-Einträge gefunden - werden geschützt
[BOOK] ✓ Überschriften für GA046 gespeichert (4490 Einträge total, 4457 Vorträge geschützt)

✓ Server läuft auf http://localhost:3003

Verfügbare Endpoints:
   GET  /debug/status
   POST /api/hybrid-search
   POST /api/fulltext-search
   POST /api/thematic-hybrid-search
   POST /api/concept-overview
   POST /api/summarize-lecture
   GET  /api/check-summary/:gaNumber/:lectureNum
   GET  /api/full-lecture/:lectureId
   GET  /api/full-lecture/:gaNumber/:lectureNum
   GET  /api/lectures/list
   GET  /api/available-ga
   GET  /api/ga-overview/:gaNumber
   GET  /api/book/:gaNumber
   GET  /ga-overview-map.json
   POST /api/admin/generate-synonyms
   GET  /api/admin/synonym-stats
   POST /api/save-summary
   POST /api/keywords-generate
   POST /api/keyword-thematic-search
   POST /api/concepts-save
   POST /api/concepts-add
   POST /api/concepts-delete
   GET  /api/concepts-files
   GET  /api/concepts-list
   POST /api/save-marked-word
   GET  /summary-database.json
   POST /api/generate-summary-keywords-batch
   POST /api/generate-summary-keywords-for-lectures
   GET  /summary-keywords-database.json
   GET  /thematic-search-database.json
   POST /api/generate-keywords
   GET  /api/keywords-database
   GET  /api/keywords-stats
   POST /api/generate-themes
   GET  /api/themes-database
   GET  /api/timeline-data

✓ System bereit!

GET /api/keywords/available-ga-volumes
[API/AVAILABLE-GA-VOLUMES] Request erhalten
[API/AVAILABLE-GA-VOLUMES] fullLectures: 4487 Vorträge
[API/AVAILABLE-GA-VOLUMES] fullBooks: 40 Bücher
[API/AVAILABLE-GA-VOLUMES] Sende 355 Volumes
GET /debug/status
GET /api/steiner-images
[DEBUG] Gefundene Books-Dateien: steiner-books-001-020-part01.json, steiner-books-021-046-part02.json

Gefundene Dateien:
  Search-Dateien: []
  Lecture-Dateien: ["steiner-full-lectures-051-354-part01.json","steiner-full-lectures-051-354-part02.json","steiner-full-lectures-051-354-part03.json","steiner-full-lectures-051-354-part04.json","steiner-full-lectures-051-354-part05.json","steiner-full-lectures-051-354-part06.json","steiner-full-lectures-051-354-part07.json","steiner-full-lectures-051-354-part08.json","steiner-full-lectures-051-354-part09.json","steiner-full-lectures-051-354-part10.json","steiner-full-lectures-051-354-part11.json","steiner-full-lectures-051-354-part12.json","steiner-full-lectures-051-354-part13.json","steiner-full-lectures-051-354-part14.json","steiner-full-lectures-051-354-part15.json","steiner-full-lectures-051-354-part16.json","steiner-full-lectures-051-354-part17.json"]
  Books-Dateien: ["steiner-books-001-020-part01.json","steiner-books-021-046-part02.json"]
GET /api/ga-list
[API/GA-LIST] Request erhalten
[API/GA-LIST] fullLectures: 4487 Vorträge
[API/GA-LIST] fullBooks: 40 Bücher
[API/GA-LIST] Sende 355 GA-Bände
GET /api/list-files
[SUMMARY-DB] Geladen: 4490 Einträge aus summary-database.json
GET /api/keywords/available-ga-volumes
[API/AVAILABLE-GA-VOLUMES] Request erhalten
[API/AVAILABLE-GA-VOLUMES] fullLectures: 4487 Vorträge
[API/AVAILABLE-GA-VOLUMES] fullBooks: 40 Bücher
[API/AVAILABLE-GA-VOLUMES] Sende 355 Volumes
GET /favicon.ico
GET /api/available-years
[INFO] Verfügbare Jahre: 26 Jahre von 1888 bis 1924
GET /api/ga-list
[API/GA-LIST] Request erhalten
[API/GA-LIST] fullLectures: 4487 Vorträge
[API/GA-LIST] fullBooks: 40 Bücher
[API/GA-LIST] Sende 355 GA-Bände
GET /api/keywords/available-ga-volumes
[API/AVAILABLE-GA-VOLUMES] Request erhalten
[API/AVAILABLE-GA-VOLUMES] fullLectures: 4487 Vorträge
[API/AVAILABLE-GA-VOLUMES] fullBooks: 40 Bücher
[API/AVAILABLE-GA-VOLUMES] Sende 355 Volumes
GET /api/available-years
[INFO] Verfügbare Jahre: 26 Jahre von 1888 bis 1924
[IMAGES-API] Sende Liste von 1057 Vorträgen (ohne Bilder)
POST /api/fulltext-search
Volltext-Suche: Goetheanismus [Relevanz-Filter: ohne]
Volltext-Suche: 243 Absätze gefunden (Vorträge + Bücher)
  [Single] "goetheanismus"

Extrahierte 1 Suchbegriffe aus "Goetheanismus":
goetheanismus
POST /api/fulltext-search
Volltext-Suche: Goetheanismus [Relevanz-Filter: hoch]
Volltext-Suche: 243 Absätze gefunden (Vorträge + Bücher)
[BACKEND-FILTER] 243 -> 242 Ergebnisse nach Filter "hoch"
  [Single] "goetheanismus"

Extrahierte 1 Suchbegriffe aus "Goetheanismus":
goetheanismus
POST /api/fulltext-search
Volltext-Suche: Goetheanismus [Relevanz-Filter: mittel]
Volltext-Suche: 243 Absätze gefunden (Vorträge + Bücher)
[BACKEND-FILTER] 243 -> 0 Ergebnisse nach Filter "mittel"
POST /api/fulltext-search
Volltext-Suche: Goetheanismus [Relevanz-Filter: niedrig]
Volltext-Suche: 243 Absätze gefunden (Vorträge + Bücher)
[BACKEND-FILTER] 243 -> 1 Ergebnisse nach Filter "niedrig"
  [Single] "goetheanismus"

Extrahierte 1 Suchbegriffe aus "Goetheanismus":
goetheanismus
POST /api/fulltext-search
Volltext-Suche: Ätherleib [Relevanz-Filter: niedrig]
Volltext-Suche: 6451 Absätze gefunden (Vorträge + Bücher)
[BACKEND-FILTER] 6451 -> 6416 Ergebnisse nach Filter "niedrig"
  [Single] "ätherleib"

Extrahierte 1 Suchbegriffe aus "Ätherleib":
ätherleib
POST /api/fulltext-search
Volltext-Suche: Ätherleib [Relevanz-Filter: ohne]
Volltext-Suche: 6451 Absätze gefunden (Vorträge + Bücher)
  [Single] "ätherleib"

Extrahierte 1 Suchbegriffe aus "Ätherleib":
ätherleib
POST /api/fulltext-search
Volltext-Suche: Ätherleib [Relevanz-Filter: hoch]
Volltext-Suche: 6451 Absätze gefunden (Vorträge + Bücher)
[BACKEND-FILTER] 6451 -> 35 Ergebnisse nach Filter "hoch"
  [Single] "ätherleib"

Extrahierte 1 Suchbegriffe aus "Ätherleib":
ätherleib
GET /api/quotes
POST /api/fulltext-search
Volltext-Suche: Ätherleib [Relevanz-Filter: mittel]
Volltext-Suche: 6451 Absätze gefunden (Vorträge + Bücher)
[BACKEND-FILTER] 6451 -> 0 Ergebnisse nach Filter "mittel"
POST /api/fulltext-search
Volltext-Suche: Ätherleib [Relevanz-Filter: niedrig]
Volltext-Suche: 6451 Absätze gefunden (Vorträge + Bücher)
[BACKEND-FILTER] 6451 -> 6416 Ergebnisse nach Filter "niedrig"
  [Single] "ätherleib"

Extrahierte 1 Suchbegriffe aus "Ätherleib":
ätherleib
GET /api/book/GA046
[BOOK] Anfrage für GA046
[BOOK] Schrift gefunden: Nachgelassene Abhandlungen und Fragmente (1879-1924)
[BOOK] ✓ Vortrags-Einträge gefunden - werden geschützt
[BOOK] ✓ Überschriften für GA046 gespeichert (4490 Einträge total, 4457 Vorträge geschützt)
[IMAGES-ASSETS] Anfrage für Bild: GA046-Nachgelassene%20Abhandlungen%20und%20Fragmente%201879-1924_img-1.png
[IMAGES-ASSETS] Vollständiger Request-Pfad: /assets/GA046-Nachgelassene%20Abhandlungen%20und%20Fragmente%201879-1924_img-1.png
[IMAGES-ASSETS] Decodierter Pfad: GA046-Nachgelassene Abhandlungen und Fragmente 1879-1924_img-1.png
[IMAGES-ASSETS] Gefundene GA-Nummer: GA046
[IMAGES-ASSETS] Suche in: C:\Users\chuec\OneDrive\GitHub\ga_suche\Steiner_GA
[IMAGES-ASSETS] Anfrage für Bild: GA046-Nachgelassene%20Abhandlungen%20und%20Fragmente%201879-1924_img-0.png
[IMAGES-ASSETS] Vollständiger Request-Pfad: /assets/GA046-Nachgelassene%20Abhandlungen%20und%20Fragmente%201879-1924_img-0.png
[IMAGES-ASSETS] Decodierter Pfad: GA046-Nachgelassene Abhandlungen und Fragmente 1879-1924_img-0.png
[IMAGES-ASSETS] Gefundene GA-Nummer: GA046
[IMAGES-ASSETS] Suche in: C:\Users\chuec\OneDrive\GitHub\ga_suche\Steiner_GA
[IMAGES-ASSETS] Gefundener GA-Ordner: GA046-Nachgelassene Abhandlungen und Fragmente 1879-1924
[IMAGES-ASSETS] Vollständiger Pfad: C:\Users\chuec\OneDrive\GitHub\ga_suche\Steiner_GA\GA046-Nachgelassene Abhandlungen und Fragmente 1879-1924\assets\GA046-Nachgelassene Abhandlungen und Fragmente 1879-1924_img-1.png
[IMAGES-ASSETS] ✓ Bild gefunden, serviere: C:\Users\chuec\OneDrive\GitHub\ga_suche\Steiner_GA\GA046-Nachgelassene Abhandlungen und Fragmente 1879-1924\assets\GA046-Nachgelassene Abhandlungen und Fragmente 1879-1924_img-1.png
[IMAGES-ASSETS] Gefundener GA-Ordner: GA046-Nachgelassene Abhandlungen und Fragmente 1879-1924
[IMAGES-ASSETS] Vollständiger Pfad: C:\Users\chuec\OneDrive\GitHub\ga_suche\Steiner_GA\GA046-Nachgelassene Abhandlungen und Fragmente 1879-1924\assets\GA046-Nachgelassene Abhandlungen und Fragmente 1879-1924_img-0.png
[IMAGES-ASSETS] ✓ Bild gefunden, serviere: C:\Users\chuec\OneDrive\GitHub\ga_suche\Steiner_GA\GA046-Nachgelassene Abhandlungen und Fragmente 1879-1924\assets\GA046-Nachgelassene Abhandlungen und Fragmente 1879-1924_img-0.png
[IMAGES-ASSETS] Anfrage für Bild: GA046-Nachgelassene%20Abhandlungen%20und%20Fragmente%201879-1924_img-2.png
[IMAGES-ASSETS] Vollständiger Request-Pfad: /assets/GA046-Nachgelassene%20Abhandlungen%20und%20Fragmente%201879-1924_img-2.png
[IMAGES-ASSETS] Decodierter Pfad: GA046-Nachgelassene Abhandlungen und Fragmente 1879-1924_img-2.png
[IMAGES-ASSETS] Gefundene GA-Nummer: GA046
[IMAGES-ASSETS] Suche in: C:\Users\chuec\OneDrive\GitHub\ga_suche\Steiner_GA
[IMAGES-ASSETS] Anfrage für Bild: GA046-Nachgelassene%20Abhandlungen%20und%20Fragmente%201879-1924_img-3.png
[IMAGES-ASSETS] Vollständiger Request-Pfad: /assets/GA046-Nachgelassene%20Abhandlungen%20und%20Fragmente%201879-1924_img-3.png
[IMAGES-ASSETS] Decodierter Pfad: GA046-Nachgelassene Abhandlungen und Fragmente 1879-1924_img-3.png
[IMAGES-ASSETS] Gefundene GA-Nummer: GA046
[IMAGES-ASSETS] Suche in: C:\Users\chuec\OneDrive\GitHub\ga_suche\Steiner_GA
[IMAGES-ASSETS] Anfrage für Bild: GA046-Nachgelassene%20Abhandlungen%20und%20Fragmente%201879-1924_img-4.png
[IMAGES-ASSETS] Vollständiger Request-Pfad: /assets/GA046-Nachgelassene%20Abhandlungen%20und%20Fragmente%201879-1924_img-4.png
[IMAGES-ASSETS] Decodierter Pfad: GA046-Nachgelassene Abhandlungen und Fragmente 1879-1924_img-4.png
[IMAGES-ASSETS] Gefundene GA-Nummer: GA046
[IMAGES-ASSETS] Suche in: C:\Users\chuec\OneDrive\GitHub\ga_suche\Steiner_GA
[IMAGES-ASSETS] Anfrage für Bild: GA046-Nachgelassene%20Abhandlungen%20und%20Fragmente%201879-1924_img-5.png
[IMAGES-ASSETS] Vollständiger Request-Pfad: /assets/GA046-Nachgelassene%20Abhandlungen%20und%20Fragmente%201879-1924_img-5.png
[IMAGES-ASSETS] Decodierter Pfad: GA046-Nachgelassene Abhandlungen und Fragmente 1879-1924_img-5.png
[IMAGES-ASSETS] Gefundene GA-Nummer: GA046
[IMAGES-ASSETS] Suche in: C:\Users\chuec\OneDrive\GitHub\ga_suche\Steiner_GA
[IMAGES-ASSETS] Gefundener GA-Ordner: GA046-Nachgelassene Abhandlungen und Fragmente 1879-1924
[IMAGES-ASSETS] Vollständiger Pfad: C:\Users\chuec\OneDrive\GitHub\ga_suche\Steiner_GA\GA046-Nachgelassene Abhandlungen und Fragmente 1879-1924\assets\GA046-Nachgelassene Abhandlungen und Fragmente 1879-1924_img-2.png
[IMAGES-ASSETS] ✓ Bild gefunden, serviere: C:\Users\chuec\OneDrive\GitHub\ga_suche\Steiner_GA\GA046-Nachgelassene Abhandlungen und Fragmente 1879-1924\assets\GA046-Nachgelassene Abhandlungen und Fragmente 1879-1924_img-2.png
[IMAGES-ASSETS] Gefundener GA-Ordner: GA046-Nachgelassene Abhandlungen und Fragmente 1879-1924
[IMAGES-ASSETS] Vollständiger Pfad: C:\Users\chuec\OneDrive\GitHub\ga_suche\Steiner_GA\GA046-Nachgelassene Abhandlungen und Fragmente 1879-1924\assets\GA046-Nachgelassene Abhandlungen und Fragmente 1879-1924_img-3.png
[IMAGES-ASSETS] ✓ Bild gefunden, serviere: C:\Users\chuec\OneDrive\GitHub\ga_suche\Steiner_GA\GA046-Nachgelassene Abhandlungen und Fragmente 1879-1924\assets\GA046-Nachgelassene Abhandlungen und Fragmente 1879-1924_img-3.png
[IMAGES-ASSETS] Gefundener GA-Ordner: GA046-Nachgelassene Abhandlungen und Fragmente 1879-1924
[IMAGES-ASSETS] Vollständiger Pfad: C:\Users\chuec\OneDrive\GitHub\ga_suche\Steiner_GA\GA046-Nachgelassene Abhandlungen und Fragmente 1879-1924\assets\GA046-Nachgelassene Abhandlungen und Fragmente 1879-1924_img-4.png
[IMAGES-ASSETS] ✓ Bild gefunden, serviere: C:\Users\chuec\OneDrive\GitHub\ga_suche\Steiner_GA\GA046-Nachgelassene Abhandlungen und Fragmente 1879-1924\assets\GA046-Nachgelassene Abhandlungen und Fragmente 1879-1924_img-4.png
[IMAGES-ASSETS] Gefundener GA-Ordner: GA046-Nachgelassene Abhandlungen und Fragmente 1879-1924
[IMAGES-ASSETS] Vollständiger Pfad: C:\Users\chuec\OneDrive\GitHub\ga_suche\Steiner_GA\GA046-Nachgelassene Abhandlungen und Fragmente 1879-1924\assets\GA046-Nachgelassene Abhandlungen und Fragmente 1879-1924_img-5.png
[IMAGES-ASSETS] ✓ Bild gefunden, serviere: C:\Users\chuec\OneDrive\GitHub\ga_suche\Steiner_GA\GA046-Nachgelassene Abhandlungen und Fragmente 1879-1924\assets\GA046-Nachgelassene Abhandlungen und Fragmente 1879-1924_img-5.png
[IMAGES-ASSETS] Anfrage für Bild: GA046-Nachgelassene%20Abhandlungen%20und%20Fragmente%201879-1924_img-6.png
[IMAGES-ASSETS] Vollständiger Request-Pfad: /assets/GA046-Nachgelassene%20Abhandlungen%20und%20Fragmente%201879-1924_img-6.png
[IMAGES-ASSETS] Decodierter Pfad: GA046-Nachgelassene Abhandlungen und Fragmente 1879-1924_img-6.png
[IMAGES-ASSETS] Gefundene GA-Nummer: GA046
[IMAGES-ASSETS] Suche in: C:\Users\chuec\OneDrive\GitHub\ga_suche\Steiner_GA
[IMAGES-ASSETS] Anfrage für Bild: GA046-Nachgelassene%20Abhandlungen%20und%20Fragmente%201879-1924_img-7.png
[IMAGES-ASSETS] Vollständiger Request-Pfad: /assets/GA046-Nachgelassene%20Abhandlungen%20und%20Fragmente%201879-1924_img-7.png
[IMAGES-ASSETS] Decodierter Pfad: GA046-Nachgelassene Abhandlungen und Fragmente 1879-1924_img-7.png
[IMAGES-ASSETS] Gefundene GA-Nummer: GA046
[IMAGES-ASSETS] Suche in: C:\Users\chuec\OneDrive\GitHub\ga_suche\Steiner_GA
[IMAGES-ASSETS] Gefundener GA-Ordner: GA046-Nachgelassene Abhandlungen und Fragmente 1879-1924
[IMAGES-ASSETS] Vollständiger Pfad: C:\Users\chuec\OneDrive\GitHub\ga_suche\Steiner_GA\GA046-Nachgelassene Abhandlungen und Fragmente 1879-1924\assets\GA046-Nachgelassene Abhandlungen und Fragmente 1879-1924_img-6.png
[IMAGES-ASSETS] ✓ Bild gefunden, serviere: C:\Users\chuec\OneDrive\GitHub\ga_suche\Steiner_GA\GA046-Nachgelassene Abhandlungen und Fragmente 1879-1924\assets\GA046-Nachgelassene Abhandlungen und Fragmente 1879-1924_img-6.png
[IMAGES-ASSETS] Anfrage für Bild: GA046-Nachgelassene%20Abhandlungen%20und%20Fragmente%201879-1924_img-8.png
[IMAGES-ASSETS] Vollständiger Request-Pfad: /assets/GA046-Nachgelassene%20Abhandlungen%20und%20Fragmente%201879-1924_img-8.png
[IMAGES-ASSETS] Decodierter Pfad: GA046-Nachgelassene Abhandlungen und Fragmente 1879-1924_img-8.png
[IMAGES-ASSETS] Gefundene GA-Nummer: GA046
[IMAGES-ASSETS] Suche in: C:\Users\chuec\OneDrive\GitHub\ga_suche\Steiner_GA
[IMAGES-ASSETS] Anfrage für Bild: GA046-Nachgelassene%20Abhandlungen%20und%20Fragmente%201879-1924_img-9.png
[IMAGES-ASSETS] Vollständiger Request-Pfad: /assets/GA046-Nachgelassene%20Abhandlungen%20und%20Fragmente%201879-1924_img-9.png
[IMAGES-ASSETS] Decodierter Pfad: GA046-Nachgelassene Abhandlungen und Fragmente 1879-1924_img-9.png
[IMAGES-ASSETS] Gefundene GA-Nummer: GA046
[IMAGES-ASSETS] Suche in: C:\Users\chuec\OneDrive\GitHub\ga_suche\Steiner_GA
[IMAGES-ASSETS] Anfrage für Bild: GA046-Nachgelassene%20Abhandlungen%20und%20Fragmente%201879-1924_img-10.png
[IMAGES-ASSETS] Vollständiger Request-Pfad: /assets/GA046-Nachgelassene%20Abhandlungen%20und%20Fragmente%201879-1924_img-10.png
[IMAGES-ASSETS] Decodierter Pfad: GA046-Nachgelassene Abhandlungen und Fragmente 1879-1924_img-10.png
[IMAGES-ASSETS] Gefundene GA-Nummer: GA046
[IMAGES-ASSETS] Suche in: C:\Users\chuec\OneDrive\GitHub\ga_suche\Steiner_GA
[IMAGES-ASSETS] Gefundener GA-Ordner: GA046-Nachgelassene Abhandlungen und Fragmente 1879-1924
[IMAGES-ASSETS] Vollständiger Pfad: C:\Users\chuec\OneDrive\GitHub\ga_suche\Steiner_GA\GA046-Nachgelassene Abhandlungen und Fragmente 1879-1924\assets\GA046-Nachgelassene Abhandlungen und Fragmente 1879-1924_img-7.png
[IMAGES-ASSETS] ✓ Bild gefunden, serviere: C:\Users\chuec\OneDrive\GitHub\ga_suche\Steiner_GA\GA046-Nachgelassene Abhandlungen und Fragmente 1879-1924\assets\GA046-Nachgelassene Abhandlungen und Fragmente 1879-1924_img-7.png
[IMAGES-ASSETS] Gefundener GA-Ordner: GA046-Nachgelassene Abhandlungen und Fragmente 1879-1924
[IMAGES-ASSETS] Vollständiger Pfad: C:\Users\chuec\OneDrive\GitHub\ga_suche\Steiner_GA\GA046-Nachgelassene Abhandlungen und Fragmente 1879-1924\assets\GA046-Nachgelassene Abhandlungen und Fragmente 1879-1924_img-8.png
[IMAGES-ASSETS] ✓ Bild gefunden, serviere: C:\Users\chuec\OneDrive\GitHub\ga_suche\Steiner_GA\GA046-Nachgelassene Abhandlungen und Fragmente 1879-1924\assets\GA046-Nachgelassene Abhandlungen und Fragmente 1879-1924_img-8.png
[IMAGES-ASSETS] Gefundener GA-Ordner: GA046-Nachgelassene Abhandlungen und Fragmente 1879-1924
[IMAGES-ASSETS] Vollständiger Pfad: C:\Users\chuec\OneDrive\GitHub\ga_suche\Steiner_GA\GA046-Nachgelassene Abhandlungen und Fragmente 1879-1924\assets\GA046-Nachgelassene Abhandlungen und Fragmente 1879-1924_img-9.png
[IMAGES-ASSETS] ✓ Bild gefunden, serviere: C:\Users\chuec\OneDrive\GitHub\ga_suche\Steiner_GA\GA046-Nachgelassene Abhandlungen und Fragmente 1879-1924\assets\GA046-Nachgelassene Abhandlungen und Fragmente 1879-1924_img-9.png
[IMAGES-ASSETS] Anfrage für Bild: GA046-Nachgelassene%20Abhandlungen%20und%20Fragmente%201879-1924_img-11.png
[IMAGES-ASSETS] Vollständiger Request-Pfad: /assets/GA046-Nachgelassene%20Abhandlungen%20und%20Fragmente%201879-1924_img-11.png
[IMAGES-ASSETS] Decodierter Pfad: GA046-Nachgelassene Abhandlungen und Fragmente 1879-1924_img-11.png
[IMAGES-ASSETS] Gefundene GA-Nummer: GA046
[IMAGES-ASSETS] Suche in: C:\Users\chuec\OneDrive\GitHub\ga_suche\Steiner_GA
[IMAGES-ASSETS] Gefundener GA-Ordner: GA046-Nachgelassene Abhandlungen und Fragmente 1879-1924
[IMAGES-ASSETS] Vollständiger Pfad: C:\Users\chuec\OneDrive\GitHub\ga_suche\Steiner_GA\GA046-Nachgelassene Abhandlungen und Fragmente 1879-1924\assets\GA046-Nachgelassene Abhandlungen und Fragmente 1879-1924_img-10.png
[IMAGES-ASSETS] ✓ Bild gefunden, serviere: C:\Users\chuec\OneDrive\GitHub\ga_suche\Steiner_GA\GA046-Nachgelassene Abhandlungen und Fragmente 1879-1924\assets\GA046-Nachgelassene Abhandlungen und Fragmente 1879-1924_img-10.png
[IMAGES-ASSETS] Anfrage für Bild: GA046-Nachgelassene%20Abhandlungen%20und%20Fragmente%201879-1924_img-12.png
[IMAGES-ASSETS] Vollständiger Request-Pfad: /assets/GA046-Nachgelassene%20Abhandlungen%20und%20Fragmente%201879-1924_img-12.png
[IMAGES-ASSETS] Decodierter Pfad: GA046-Nachgelassene Abhandlungen und Fragmente 1879-1924_img-12.png
[IMAGES-ASSETS] Gefundene GA-Nummer: GA046
[IMAGES-ASSETS] Suche in: C:\Users\chuec\OneDrive\GitHub\ga_suche\Steiner_GA
[IMAGES-ASSETS] Gefundener GA-Ordner: GA046-Nachgelassene Abhandlungen und Fragmente 1879-1924
[IMAGES-ASSETS] Vollständiger Pfad: C:\Users\chuec\OneDrive\GitHub\ga_suche\Steiner_GA\GA046-Nachgelassene Abhandlungen und Fragmente 1879-1924\assets\GA046-Nachgelassene Abhandlungen und Fragmente 1879-1924_img-11.png
[IMAGES-ASSETS] ✓ Bild gefunden, serviere: C:\Users\chuec\OneDrive\GitHub\ga_suche\Steiner_GA\GA046-Nachgelassene Abhandlungen und Fragmente 1879-1924\assets\GA046-Nachgelassene Abhandlungen und Fragmente 1879-1924_img-11.png
[IMAGES-ASSETS] Anfrage für Bild: GA046-Nachgelassene%20Abhandlungen%20und%20Fragmente%201879-1924_img-13.png
[IMAGES-ASSETS] Vollständiger Request-Pfad: /assets/GA046-Nachgelassene%20Abhandlungen%20und%20Fragmente%201879-1924_img-13.png
[IMAGES-ASSETS] Decodierter Pfad: GA046-Nachgelassene Abhandlungen und Fragmente 1879-1924_img-13.png
[IMAGES-ASSETS] Gefundene GA-Nummer: GA046
[IMAGES-ASSETS] Suche in: C:\Users\chuec\OneDrive\GitHub\ga_suche\Steiner_GA
[IMAGES-ASSETS] Gefundener GA-Ordner: GA046-Nachgelassene Abhandlungen und Fragmente 1879-1924
[IMAGES-ASSETS] Vollständiger Pfad: C:\Users\chuec\OneDrive\GitHub\ga_suche\Steiner_GA\GA046-Nachgelassene Abhandlungen und Fragmente 1879-1924\assets\GA046-Nachgelassene Abhandlungen und Fragmente 1879-1924_img-12.png
[IMAGES-ASSETS] ✓ Bild gefunden, serviere: C:\Users\chuec\OneDrive\GitHub\ga_suche\Steiner_GA\GA046-Nachgelassene Abhandlungen und Fragmente 1879-1924\assets\GA046-Nachgelassene Abhandlungen und Fragmente 1879-1924_img-12.png
[IMAGES-ASSETS] Anfrage für Bild: GA046-Nachgelassene%20Abhandlungen%20und%20Fragmente%201879-1924_img-14.png
[IMAGES-ASSETS] Vollständiger Request-Pfad: /assets/GA046-Nachgelassene%20Abhandlungen%20und%20Fragmente%201879-1924_img-14.png
[IMAGES-ASSETS] Decodierter Pfad: GA046-Nachgelassene Abhandlungen und Fragmente 1879-1924_img-14.png
[IMAGES-ASSETS] Gefundene GA-Nummer: GA046
[IMAGES-ASSETS] Suche in: C:\Users\chuec\OneDrive\GitHub\ga_suche\Steiner_GA
[IMAGES-ASSETS] Anfrage für Bild: GA046-Nachgelassene%20Abhandlungen%20und%20Fragmente%201879-1924_img-15.png
[IMAGES-ASSETS] Vollständiger Request-Pfad: /assets/GA046-Nachgelassene%20Abhandlungen%20und%20Fragmente%201879-1924_img-15.png
[IMAGES-ASSETS] Decodierter Pfad: GA046-Nachgelassene Abhandlungen und Fragmente 1879-1924_img-15.png
[IMAGES-ASSETS] Gefundene GA-Nummer: GA046
[IMAGES-ASSETS] Suche in: C:\Users\chuec\OneDrive\GitHub\ga_suche\Steiner_GA
[IMAGES-ASSETS] Gefundener GA-Ordner: GA046-Nachgelassene Abhandlungen und Fragmente 1879-1924
[IMAGES-ASSETS] Vollständiger Pfad: C:\Users\chuec\OneDrive\GitHub\ga_suche\Steiner_GA\GA046-Nachgelassene Abhandlungen und Fragmente 1879-1924\assets\GA046-Nachgelassene Abhandlungen und Fragmente 1879-1924_img-13.png
[IMAGES-ASSETS] ✓ Bild gefunden, serviere: C:\Users\chuec\OneDrive\GitHub\ga_suche\Steiner_GA\GA046-Nachgelassene Abhandlungen und Fragmente 1879-1924\assets\GA046-Nachgelassene Abhandlungen und Fragmente 1879-1924_img-13.png
[IMAGES-ASSETS] Gefundener GA-Ordner: GA046-Nachgelassene Abhandlungen und Fragmente 1879-1924
[IMAGES-ASSETS] Vollständiger Pfad: C:\Users\chuec\OneDrive\GitHub\ga_suche\Steiner_GA\GA046-Nachgelassene Abhandlungen und Fragmente 1879-1924\assets\GA046-Nachgelassene Abhandlungen und Fragmente 1879-1924_img-14.png
[IMAGES-ASSETS] ✓ Bild gefunden, serviere: C:\Users\chuec\OneDrive\GitHub\ga_suche\Steiner_GA\GA046-Nachgelassene Abhandlungen und Fragmente 1879-1924\assets\GA046-Nachgelassene Abhandlungen und Fragmente 1879-1924_img-14.png
[IMAGES-ASSETS] Anfrage für Bild: GA046-Nachgelassene%20Abhandlungen%20und%20Fragmente%201879-1924_img-16.png
[IMAGES-ASSETS] Vollständiger Request-Pfad: /assets/GA046-Nachgelassene%20Abhandlungen%20und%20Fragmente%201879-1924_img-16.png
[IMAGES-ASSETS] Decodierter Pfad: GA046-Nachgelassene Abhandlungen und Fragmente 1879-1924_img-16.png
[IMAGES-ASSETS] Gefundene GA-Nummer: GA046
[IMAGES-ASSETS] Suche in: C:\Users\chuec\OneDrive\GitHub\ga_suche\Steiner_GA
[IMAGES-ASSETS] Anfrage für Bild: GA046-Nachgelassene%20Abhandlungen%20und%20Fragmente%201879-1924_img-17.png
[IMAGES-ASSETS] Vollständiger Request-Pfad: /assets/GA046-Nachgelassene%20Abhandlungen%20und%20Fragmente%201879-1924_img-17.png
[IMAGES-ASSETS] Decodierter Pfad: GA046-Nachgelassene Abhandlungen und Fragmente 1879-1924_img-17.png
[IMAGES-ASSETS] Gefundene GA-Nummer: GA046
[IMAGES-ASSETS] Suche in: C:\Users\chuec\OneDrive\GitHub\ga_suche\Steiner_GA
[IMAGES-ASSETS] Gefundener GA-Ordner: GA046-Nachgelassene Abhandlungen und Fragmente 1879-1924
[IMAGES-ASSETS] Vollständiger Pfad: C:\Users\chuec\OneDrive\GitHub\ga_suche\Steiner_GA\GA046-Nachgelassene Abhandlungen und Fragmente 1879-1924\assets\GA046-Nachgelassene Abhandlungen und Fragmente 1879-1924_img-15.png
[IMAGES-ASSETS] ✓ Bild gefunden, serviere: C:\Users\chuec\OneDrive\GitHub\ga_suche\Steiner_GA\GA046-Nachgelassene Abhandlungen und Fragmente 1879-1924\assets\GA046-Nachgelassene Abhandlungen und Fragmente 1879-1924_img-15.png
[IMAGES-ASSETS] Gefundener GA-Ordner: GA046-Nachgelassene Abhandlungen und Fragmente 1879-1924
[IMAGES-ASSETS] Vollständiger Pfad: C:\Users\chuec\OneDrive\GitHub\ga_suche\Steiner_GA\GA046-Nachgelassene Abhandlungen und Fragmente 1879-1924\assets\GA046-Nachgelassene Abhandlungen und Fragmente 1879-1924_img-16.png
[IMAGES-ASSETS] ✓ Bild gefunden, serviere: C:\Users\chuec\OneDrive\GitHub\ga_suche\Steiner_GA\GA046-Nachgelassene Abhandlungen und Fragmente 1879-1924\assets\GA046-Nachgelassene Abhandlungen und Fragmente 1879-1924_img-16.png
[IMAGES-ASSETS] Anfrage für Bild: GA046-Nachgelassene%20Abhandlungen%20und%20Fragmente%201879-1924_img-18.png
[IMAGES-ASSETS] Vollständiger Request-Pfad: /assets/GA046-Nachgelassene%20Abhandlungen%20und%20Fragmente%201879-1924_img-18.png
[IMAGES-ASSETS] Decodierter Pfad: GA046-Nachgelassene Abhandlungen und Fragmente 1879-1924_img-18.png
[IMAGES-ASSETS] Gefundene GA-Nummer: GA046
[IMAGES-ASSETS] Suche in: C:\Users\chuec\OneDrive\GitHub\ga_suche\Steiner_GA
[IMAGES-ASSETS] Gefundener GA-Ordner: GA046-Nachgelassene Abhandlungen und Fragmente 1879-1924
[IMAGES-ASSETS] Vollständiger Pfad: C:\Users\chuec\OneDrive\GitHub\ga_suche\Steiner_GA\GA046-Nachgelassene Abhandlungen und Fragmente 1879-1924\assets\GA046-Nachgelassene Abhandlungen und Fragmente 1879-1924_img-17.png
[IMAGES-ASSETS] ✓ Bild gefunden, serviere: C:\Users\chuec\OneDrive\GitHub\ga_suche\Steiner_GA\GA046-Nachgelassene Abhandlungen und Fragmente 1879-1924\assets\GA046-Nachgelassene Abhandlungen und Fragmente 1879-1924_img-17.png
[IMAGES-ASSETS] Anfrage für Bild: GA046-Nachgelassene%20Abhandlungen%20und%20Fragmente%201879-1924_img-19.png
[IMAGES-ASSETS] Vollständiger Request-Pfad: /assets/GA046-Nachgelassene%20Abhandlungen%20und%20Fragmente%201879-1924_img-19.png
[IMAGES-ASSETS] Decodierter Pfad: GA046-Nachgelassene Abhandlungen und Fragmente 1879-1924_img-19.png
[IMAGES-ASSETS] Gefundene GA-Nummer: GA046
[IMAGES-ASSETS] Suche in: C:\Users\chuec\OneDrive\GitHub\ga_suche\Steiner_GA
[IMAGES-ASSETS] Anfrage für Bild: GA046-Nachgelassene%20Abhandlungen%20und%20Fragmente%201879-1924_img-20.png
[IMAGES-ASSETS] Vollständiger Request-Pfad: /assets/GA046-Nachgelassene%20Abhandlungen%20und%20Fragmente%201879-1924_img-20.png
[IMAGES-ASSETS] Decodierter Pfad: GA046-Nachgelassene Abhandlungen und Fragmente 1879-1924_img-20.png
[IMAGES-ASSETS] Gefundene GA-Nummer: GA046
[IMAGES-ASSETS] Suche in: C:\Users\chuec\OneDrive\GitHub\ga_suche\Steiner_GA
[IMAGES-ASSETS] Gefundener GA-Ordner: GA046-Nachgelassene Abhandlungen und Fragmente 1879-1924
[IMAGES-ASSETS] Vollständiger Pfad: C:\Users\chuec\OneDrive\GitHub\ga_suche\Steiner_GA\GA046-Nachgelassene Abhandlungen und Fragmente 1879-1924\assets\GA046-Nachgelassene Abhandlungen und Fragmente 1879-1924_img-18.png
[IMAGES-ASSETS] ✓ Bild gefunden, serviere: C:\Users\chuec\OneDrive\GitHub\ga_suche\Steiner_GA\GA046-Nachgelassene Abhandlungen und Fragmente 1879-1924\assets\GA046-Nachgelassene Abhandlungen und Fragmente 1879-1924_img-18.png
[IMAGES-ASSETS] Gefundener GA-Ordner: GA046-Nachgelassene Abhandlungen und Fragmente 1879-1924
[IMAGES-ASSETS] Vollständiger Pfad: C:\Users\chuec\OneDrive\GitHub\ga_suche\Steiner_GA\GA046-Nachgelassene Abhandlungen und Fragmente 1879-1924\assets\GA046-Nachgelassene Abhandlungen und Fragmente 1879-1924_img-19.png
[IMAGES-ASSETS] ✓ Bild gefunden, serviere: C:\Users\chuec\OneDrive\GitHub\ga_suche\Steiner_GA\GA046-Nachgelassene Abhandlungen und Fragmente 1879-1924\assets\GA046-Nachgelassene Abhandlungen und Fragmente 1879-1924_img-19.png
[IMAGES-ASSETS] Gefundener GA-Ordner: GA046-Nachgelassene Abhandlungen und Fragmente 1879-1924
[IMAGES-ASSETS] Vollständiger Pfad: C:\Users\chuec\OneDrive\GitHub\ga_suche\Steiner_GA\GA046-Nachgelassene Abhandlungen und Fragmente 1879-1924\assets\GA046-Nachgelassene Abhandlungen und Fragmente 1879-1924_img-20.png
[IMAGES-ASSETS] ✓ Bild gefunden, serviere: C:\Users\chuec\OneDrive\GitHub\ga_suche\Steiner_GA\GA046-Nachgelassene Abhandlungen und Fragmente 1879-1924\assets\GA046-Nachgelassene Abhandlungen und Fragmente 1879-1924_img-20.png
[IMAGES-ASSETS] Anfrage für Bild: GA046-Nachgelassene%20Abhandlungen%20und%20Fragmente%201879-1924_img-21.png
[IMAGES-ASSETS] Vollständiger Request-Pfad: /assets/GA046-Nachgelassene%20Abhandlungen%20und%20Fragmente%201879-1924_img-21.png
[IMAGES-ASSETS] Decodierter Pfad: GA046-Nachgelassene Abhandlungen und Fragmente 1879-1924_img-21.png
[IMAGES-ASSETS] Gefundene GA-Nummer: GA046
[IMAGES-ASSETS] Suche in: C:\Users\chuec\OneDrive\GitHub\ga_suche\Steiner_GA
[IMAGES-ASSETS] Anfrage für Bild: GA046-Nachgelassene%20Abhandlungen%20und%20Fragmente%201879-1924_img-22.png
[IMAGES-ASSETS] Vollständiger Request-Pfad: /assets/GA046-Nachgelassene%20Abhandlungen%20und%20Fragmente%201879-1924_img-22.png
[IMAGES-ASSETS] Decodierter Pfad: GA046-Nachgelassene Abhandlungen und Fragmente 1879-1924_img-22.png
[IMAGES-ASSETS] Gefundene GA-Nummer: GA046
[IMAGES-ASSETS] Suche in: C:\Users\chuec\OneDrive\GitHub\ga_suche\Steiner_GA
[IMAGES-ASSETS] Anfrage für Bild: GA046-Nachgelassene%20Abhandlungen%20und%20Fragmente%201879-1924_img-23.png
[IMAGES-ASSETS] Vollständiger Request-Pfad: /assets/GA046-Nachgelassene%20Abhandlungen%20und%20Fragmente%201879-1924_img-23.png
[IMAGES-ASSETS] Decodierter Pfad: GA046-Nachgelassene Abhandlungen und Fragmente 1879-1924_img-23.png
[IMAGES-ASSETS] Gefundene GA-Nummer: GA046
[IMAGES-ASSETS] Suche in: C:\Users\chuec\OneDrive\GitHub\ga_suche\Steiner_GA
[IMAGES-ASSETS] Gefundener GA-Ordner: GA046-Nachgelassene Abhandlungen und Fragmente 1879-1924
[IMAGES-ASSETS] Vollständiger Pfad: C:\Users\chuec\OneDrive\GitHub\ga_suche\Steiner_GA\GA046-Nachgelassene Abhandlungen und Fragmente 1879-1924\assets\GA046-Nachgelassene Abhandlungen und Fragmente 1879-1924_img-21.png
[IMAGES-ASSETS] ✓ Bild gefunden, serviere: C:\Users\chuec\OneDrive\GitHub\ga_suche\Steiner_GA\GA046-Nachgelassene Abhandlungen und Fragmente 1879-1924\assets\GA046-Nachgelassene Abhandlungen und Fragmente 1879-1924_img-21.png
[IMAGES-ASSETS] Gefundener GA-Ordner: GA046-Nachgelassene Abhandlungen und Fragmente 1879-1924
[IMAGES-ASSETS] Vollständiger Pfad: C:\Users\chuec\OneDrive\GitHub\ga_suche\Steiner_GA\GA046-Nachgelassene Abhandlungen und Fragmente 1879-1924\assets\GA046-Nachgelassene Abhandlungen und Fragmente 1879-1924_img-22.png
[IMAGES-ASSETS] ✓ Bild gefunden, serviere: C:\Users\chuec\OneDrive\GitHub\ga_suche\Steiner_GA\GA046-Nachgelassene Abhandlungen und Fragmente 1879-1924\assets\GA046-Nachgelassene Abhandlungen und Fragmente 1879-1924_img-22.png
[IMAGES-ASSETS] Anfrage für Bild: GA046-Nachgelassene%20Abhandlungen%20und%20Fragmente%201879-1924_img-24.png
[IMAGES-ASSETS] Vollständiger Request-Pfad: /assets/GA046-Nachgelassene%20Abhandlungen%20und%20Fragmente%201879-1924_img-24.png
[IMAGES-ASSETS] Decodierter Pfad: GA046-Nachgelassene Abhandlungen und Fragmente 1879-1924_img-24.png
[IMAGES-ASSETS] Gefundene GA-Nummer: GA046
[IMAGES-ASSETS] Suche in: C:\Users\chuec\OneDrive\GitHub\ga_suche\Steiner_GA
[IMAGES-ASSETS] Gefundener GA-Ordner: GA046-Nachgelassene Abhandlungen und Fragmente 1879-1924
[IMAGES-ASSETS] Vollständiger Pfad: C:\Users\chuec\OneDrive\GitHub\ga_suche\Steiner_GA\GA046-Nachgelassene Abhandlungen und Fragmente 1879-1924\assets\GA046-Nachgelassene Abhandlungen und Fragmente 1879-1924_img-23.png
[IMAGES-ASSETS] ✓ Bild gefunden, serviere: C:\Users\chuec\OneDrive\GitHub\ga_suche\Steiner_GA\GA046-Nachgelassene Abhandlungen und Fragmente 1879-1924\assets\GA046-Nachgelassene Abhandlungen und Fragmente 1879-1924_img-23.png
[IMAGES-ASSETS] Anfrage für Bild: GA046-Nachgelassene%20Abhandlungen%20und%20Fragmente%201879-1924_img-25.png
[IMAGES-ASSETS] Vollständiger Request-Pfad: /assets/GA046-Nachgelassene%20Abhandlungen%20und%20Fragmente%201879-1924_img-25.png
[IMAGES-ASSETS] Decodierter Pfad: GA046-Nachgelassene Abhandlungen und Fragmente 1879-1924_img-25.png
[IMAGES-ASSETS] Gefundene GA-Nummer: GA046
[IMAGES-ASSETS] Suche in: C:\Users\chuec\OneDrive\GitHub\ga_suche\Steiner_GA
[IMAGES-ASSETS] Anfrage für Bild: GA046-Nachgelassene%20Abhandlungen%20und%20Fragmente%201879-1924_img-26.png
[IMAGES-ASSETS] Vollständiger Request-Pfad: /assets/GA046-Nachgelassene%20Abhandlungen%20und%20Fragmente%201879-1924_img-26.png
[IMAGES-ASSETS] Decodierter Pfad: GA046-Nachgelassene Abhandlungen und Fragmente 1879-1924_img-26.png
[IMAGES-ASSETS] Gefundene GA-Nummer: GA046
[IMAGES-ASSETS] Suche in: C:\Users\chuec\OneDrive\GitHub\ga_suche\Steiner_GA
[IMAGES-ASSETS] Gefundener GA-Ordner: GA046-Nachgelassene Abhandlungen und Fragmente 1879-1924
[IMAGES-ASSETS] Vollständiger Pfad: C:\Users\chuec\OneDrive\GitHub\ga_suche\Steiner_GA\GA046-Nachgelassene Abhandlungen und Fragmente 1879-1924\assets\GA046-Nachgelassene Abhandlungen und Fragmente 1879-1924_img-24.png
[IMAGES-ASSETS] ✓ Bild gefunden, serviere: C:\Users\chuec\OneDrive\GitHub\ga_suche\Steiner_GA\GA046-Nachgelassene Abhandlungen und Fragmente 1879-1924\assets\GA046-Nachgelassene Abhandlungen und Fragmente 1879-1924_img-24.png
[IMAGES-ASSETS] Gefundener GA-Ordner: GA046-Nachgelassene Abhandlungen und Fragmente 1879-1924
[IMAGES-ASSETS] Vollständiger Pfad: C:\Users\chuec\OneDrive\GitHub\ga_suche\Steiner_GA\GA046-Nachgelassene Abhandlungen und Fragmente 1879-1924\assets\GA046-Nachgelassene Abhandlungen und Fragmente 1879-1924_img-25.png
[IMAGES-ASSETS] ✓ Bild gefunden, serviere: C:\Users\chuec\OneDrive\GitHub\ga_suche\Steiner_GA\GA046-Nachgelassene Abhandlungen und Fragmente 1879-1924\assets\GA046-Nachgelassene Abhandlungen und Fragmente 1879-1924_img-25.png
[IMAGES-ASSETS] Anfrage für Bild: GA046-Nachgelassene%20Abhandlungen%20und%20Fragmente%201879-1924_img-27.png
[IMAGES-ASSETS] Vollständiger Request-Pfad: /assets/GA046-Nachgelassene%20Abhandlungen%20und%20Fragmente%201879-1924_img-27.png
[IMAGES-ASSETS] Decodierter Pfad: GA046-Nachgelassene Abhandlungen und Fragmente 1879-1924_img-27.png
[IMAGES-ASSETS] Gefundene GA-Nummer: GA046
[IMAGES-ASSETS] Suche in: C:\Users\chuec\OneDrive\GitHub\ga_suche\Steiner_GA
[IMAGES-ASSETS] Gefundener GA-Ordner: GA046-Nachgelassene Abhandlungen und Fragmente 1879-1924
[IMAGES-ASSETS] Vollständiger Pfad: C:\Users\chuec\OneDrive\GitHub\ga_suche\Steiner_GA\GA046-Nachgelassene Abhandlungen und Fragmente 1879-1924\assets\GA046-Nachgelassene Abhandlungen und Fragmente 1879-1924_img-26.png
[IMAGES-ASSETS] ✓ Bild gefunden, serviere: C:\Users\chuec\OneDrive\GitHub\ga_suche\Steiner_GA\GA046-Nachgelassene Abhandlungen und Fragmente 1879-1924\assets\GA046-Nachgelassene Abhandlungen und Fragmente 1879-1924_img-26.png
[IMAGES-ASSETS] Anfrage für Bild: GA046-Nachgelassene%20Abhandlungen%20und%20Fragmente%201879-1924_img-28.png
[IMAGES-ASSETS] Vollständiger Request-Pfad: /assets/GA046-Nachgelassene%20Abhandlungen%20und%20Fragmente%201879-1924_img-28.png
[IMAGES-ASSETS] Decodierter Pfad: GA046-Nachgelassene Abhandlungen und Fragmente 1879-1924_img-28.png
[IMAGES-ASSETS] Gefundene GA-Nummer: GA046
[IMAGES-ASSETS] Suche in: C:\Users\chuec\OneDrive\GitHub\ga_suche\Steiner_GA
[IMAGES-ASSETS] Gefundener GA-Ordner: GA046-Nachgelassene Abhandlungen und Fragmente 1879-1924
[IMAGES-ASSETS] Vollständiger Pfad: C:\Users\chuec\OneDrive\GitHub\ga_suche\Steiner_GA\GA046-Nachgelassene Abhandlungen und Fragmente 1879-1924\assets\GA046-Nachgelassene Abhandlungen und Fragmente 1879-1924_img-27.png
[IMAGES-ASSETS] ✓ Bild gefunden, serviere: C:\Users\chuec\OneDrive\GitHub\ga_suche\Steiner_GA\GA046-Nachgelassene Abhandlungen und Fragmente 1879-1924\assets\GA046-Nachgelassene Abhandlungen und Fragmente 1879-1924_img-27.png
[IMAGES-ASSETS] Gefundener GA-Ordner: GA046-Nachgelassene Abhandlungen und Fragmente 1879-1924
[IMAGES-ASSETS] Vollständiger Pfad: C:\Users\chuec\OneDrive\GitHub\ga_suche\Steiner_GA\GA046-Nachgelassene Abhandlungen und Fragmente 1879-1924\assets\GA046-Nachgelassene Abhandlungen und Fragmente 1879-1924_img-28.png
[IMAGES-ASSETS] ✓ Bild gefunden, serviere: C:\Users\chuec\OneDrive\GitHub\ga_suche\Steiner_GA\GA046-Nachgelassene Abhandlungen und Fragmente 1879-1924\assets\GA046-Nachgelassene Abhandlungen und Fragmente 1879-1924_img-28.png
POST /api/fulltext-search
Volltext-Suche: Ätherleib [Relevanz-Filter: mittel]
Volltext-Suche: 6451 Absätze gefunden (Vorträge + Bücher)
[BACKEND-FILTER] 6451 -> 0 Ergebnisse nach Filter "mittel"
POST /api/fulltext-search
Volltext-Suche: Ätherleib [Relevanz-Filter: hoch]
Volltext-Suche: 6451 Absätze gefunden (Vorträge + Bücher)
[BACKEND-FILTER] 6451 -> 35 Ergebnisse nach Filter "hoch"
  [Single] "ätherleib"

Extrahierte 1 Suchbegriffe aus "Ätherleib":
ätherleib
POST /api/fulltext-search
Volltext-Suche: Ätherleib [Relevanz-Filter: ohne]
Volltext-Suche: 6451 Absätze gefunden (Vorträge + Bücher)
  [Single] "ätherleib"

Extrahierte 1 Suchbegriffe aus "Ätherleib":
ätherleib
POST /api/fulltext-search
Volltext-Suche: Ätherleib [Relevanz-Filter: niedrig]
Volltext-Suche: 6451 Absätze gefunden (Vorträge + Bücher)
[BACKEND-FILTER] 6451 -> 6416 Ergebnisse nach Filter "niedrig"
  [Single] "ätherleib"

Extrahierte 1 Suchbegriffe aus "Ätherleib":
ätherleib
GET /api/book/GA046
[BOOK] Anfrage für GA046
[BOOK] Schrift gefunden: Nachgelassene Abhandlungen und Fragmente (1879-1924)
[BOOK] ✓ Vortrags-Einträge gefunden - werden geschützt
[BOOK] ✓ Überschriften für GA046 gespeichert (4490 Einträge total, 4457 Vorträge geschützt)
GET /api/book/GA046
[BOOK] Anfrage für GA046
[BOOK] Schrift gefunden: Nachgelassene Abhandlungen und Fragmente (1879-1924)
[BOOK] ✓ Vortrags-Einträge gefunden - werden geschützt
[BOOK] ✓ Überschriften für GA046 gespeichert (4490 Einträge total, 4457 Vorträge geschützt)

✓ Server läuft auf http://localhost:3003

Verfügbare Endpoints:
   GET  /debug/status
   POST /api/hybrid-search
   POST /api/fulltext-search
   POST /api/thematic-hybrid-search
   POST /api/concept-overview
   POST /api/summarize-lecture
   GET  /api/check-summary/:gaNumber/:lectureNum
   GET  /api/full-lecture/:lectureId
   GET  /api/full-lecture/:gaNumber/:lectureNum
   GET  /api/lectures/list
   GET  /api/available-ga
   GET  /api/ga-overview/:gaNumber
   GET  /api/book/:gaNumber
   GET  /ga-overview-map.json
   POST /api/admin/generate-synonyms
   GET  /api/admin/synonym-stats
   POST /api/save-summary
   POST /api/keywords-generate
   POST /api/keyword-thematic-search
   POST /api/concepts-save
   POST /api/concepts-add
   POST /api/concepts-delete
   GET  /api/concepts-files
   GET  /api/concepts-list
   POST /api/save-marked-word
   GET  /summary-database.json
   POST /api/generate-summary-keywords-batch
   POST /api/generate-summary-keywords-for-lectures
   GET  /summary-keywords-database.json
   GET  /thematic-search-database.json
   POST /api/generate-keywords
   GET  /api/keywords-database
   GET  /api/keywords-stats
   POST /api/generate-themes
   GET  /api/themes-database
   GET  /api/timeline-data

✓ System bereit!

GET /api/keywords/available-ga-volumes
[API/AVAILABLE-GA-VOLUMES] Request erhalten
[API/AVAILABLE-GA-VOLUMES] fullLectures: 4487 Vorträge
[API/AVAILABLE-GA-VOLUMES] fullBooks: 40 Bücher
[API/AVAILABLE-GA-VOLUMES] Sende 355 Volumes
GET /debug/status
GET /api/steiner-images
[DEBUG] Gefundene Books-Dateien: steiner-books-001-020-part01.json, steiner-books-021-046-part02.json

Gefundene Dateien:
  Search-Dateien: []
  Lecture-Dateien: ["steiner-full-lectures-051-354-part01.json","steiner-full-lectures-051-354-part02.json","steiner-full-lectures-051-354-part03.json","steiner-full-lectures-051-354-part04.json","steiner-full-lectures-051-354-part05.json","steiner-full-lectures-051-354-part06.json","steiner-full-lectures-051-354-part07.json","steiner-full-lectures-051-354-part08.json","steiner-full-lectures-051-354-part09.json","steiner-full-lectures-051-354-part10.json","steiner-full-lectures-051-354-part11.json","steiner-full-lectures-051-354-part12.json","steiner-full-lectures-051-354-part13.json","steiner-full-lectures-051-354-part14.json","steiner-full-lectures-051-354-part15.json","steiner-full-lectures-051-354-part16.json","steiner-full-lectures-051-354-part17.json"]
  Books-Dateien: ["steiner-books-001-020-part01.json","steiner-books-021-046-part02.json"]
GET /api/ga-list
[API/GA-LIST] Request erhalten
[API/GA-LIST] fullLectures: 4487 Vorträge
[API/GA-LIST] fullBooks: 40 Bücher
[API/GA-LIST] Sende 355 GA-Bände
GET /api/list-files
[SUMMARY-DB] Geladen: 4490 Einträge aus summary-database.json
GET /api/keywords/available-ga-volumes
[API/AVAILABLE-GA-VOLUMES] Request erhalten
[API/AVAILABLE-GA-VOLUMES] fullLectures: 4487 Vorträge
[API/AVAILABLE-GA-VOLUMES] fullBooks: 40 Bücher
[API/AVAILABLE-GA-VOLUMES] Sende 355 Volumes
GET /favicon.ico
GET /api/available-years
[INFO] Verfügbare Jahre: 26 Jahre von 1888 bis 1924
GET /api/ga-list
[API/GA-LIST] Request erhalten
[API/GA-LIST] fullLectures: 4487 Vorträge
[API/GA-LIST] fullBooks: 40 Bücher
[API/GA-LIST] Sende 355 GA-Bände
GET /api/keywords/available-ga-volumes
[API/AVAILABLE-GA-VOLUMES] Request erhalten
[API/AVAILABLE-GA-VOLUMES] fullLectures: 4487 Vorträge
[API/AVAILABLE-GA-VOLUMES] fullBooks: 40 Bücher
[API/AVAILABLE-GA-VOLUMES] Sende 355 Volumes
GET /api/available-years
[INFO] Verfügbare Jahre: 26 Jahre von 1888 bis 1924
POST /api/fulltext-search
Volltext-Suche: Ätherleib [Relevanz-Filter: ohne]
Volltext-Suche: 6451 Absätze gefunden (Vorträge + Bücher)
[RELEVANCE-DEBUG] GA053/2 Absatz 34: Score=0.000, Vorkommen=0, Kontext-Absätze=5
[RELEVANCE-DEBUG] GA053/2 Absatz 44: Score=0.000, Vorkommen=0, Kontext-Absätze=5
[RELEVANCE-DEBUG] GA054/5 Absatz 51: Score=0.000, Vorkommen=0, Kontext-Absätze=5
[RELEVANCE-DEBUG] GA054/5 Absatz 61: Score=0.000, Vorkommen=0, Kontext-Absätze=5
[RELEVANCE-DEBUG] GA054/5 Absatz 62: Score=0.000, Vorkommen=0, Kontext-Absätze=5
[RELEVANCE-SCORING] 6451 Treffer: hoch=4, mittel=7, niedrig=6440
[RELEVANCE-THRESHOLDS] Schwellwerte basierend auf Häufigkeit (keine prozentuale Verteilung): hoch≥0.600, mittel≥0.400
  [Single] "ätherleib"

Extrahierte 1 Suchbegriffe aus "Ätherleib":
ätherleib
[IMAGES-API] Sende Liste von 1057 Vorträgen (ohne Bilder)
POST /api/fulltext-search
Volltext-Suche: Ätherleib [Relevanz-Filter: ohne]
Volltext-Suche: 6451 Absätze gefunden (Vorträge + Bücher)
[RELEVANCE-DEBUG] GA053/2 Absatz 34: Score=0.000, Vorkommen=0, Kontext-Absätze=5
[RELEVANCE-DEBUG] GA053/2 Absatz 44: Score=0.000, Vorkommen=0, Kontext-Absätze=5
[RELEVANCE-DEBUG] GA054/5 Absatz 51: Score=0.000, Vorkommen=0, Kontext-Absätze=5
[RELEVANCE-DEBUG] GA054/5 Absatz 61: Score=0.000, Vorkommen=0, Kontext-Absätze=5
[RELEVANCE-DEBUG] GA054/5 Absatz 62: Score=0.000, Vorkommen=0, Kontext-Absätze=5
[RELEVANCE-SCORING] 6451 Treffer: hoch=4, mittel=7, niedrig=6440
[RELEVANCE-THRESHOLDS] Schwellwerte basierend auf Häufigkeit (keine prozentuale Verteilung): hoch≥0.600, mittel≥0.400
  [Single] "ätherleib"

Extrahierte 1 Suchbegriffe aus "Ätherleib":
ätherleib
POST /api/fulltext-search
Volltext-Suche: Ätherleib [Relevanz-Filter: hoch]
Volltext-Suche: 6451 Absätze gefunden (Vorträge + Bücher)
[RELEVANCE-DEBUG] GA053/2 Absatz 34: Score=0.000, Vorkommen=0, Kontext-Absätze=5
[RELEVANCE-DEBUG] GA053/2 Absatz 44: Score=0.000, Vorkommen=0, Kontext-Absätze=5
[RELEVANCE-DEBUG] GA054/5 Absatz 51: Score=0.000, Vorkommen=0, Kontext-Absätze=5
[RELEVANCE-DEBUG] GA054/5 Absatz 61: Score=0.000, Vorkommen=0, Kontext-Absätze=5
[RELEVANCE-DEBUG] GA054/5 Absatz 62: Score=0.000, Vorkommen=0, Kontext-Absätze=5
[RELEVANCE-SCORING] 6451 Treffer: hoch=4, mittel=7, niedrig=6440
[RELEVANCE-THRESHOLDS] Schwellwerte basierend auf Häufigkeit (keine prozentuale Verteilung): hoch≥0.600, mittel≥0.400
[BACKEND-FILTER] 6451 -> 4 Ergebnisse nach Filter "hoch"
  [Single] "ätherleib"

Extrahierte 1 Suchbegriffe aus "Ätherleib":
ätherleib
POST /api/fulltext-search
Volltext-Suche: Ätherleib [Relevanz-Filter: niedrig]
Volltext-Suche: 6451 Absätze gefunden (Vorträge + Bücher)
[RELEVANCE-DEBUG] GA053/2 Absatz 34: Score=0.000, Vorkommen=0, Kontext-Absätze=5
[RELEVANCE-DEBUG] GA053/2 Absatz 44: Score=0.000, Vorkommen=0, Kontext-Absätze=5
[RELEVANCE-DEBUG] GA054/5 Absatz 51: Score=0.000, Vorkommen=0, Kontext-Absätze=5
[RELEVANCE-DEBUG] GA054/5 Absatz 61: Score=0.000, Vorkommen=0, Kontext-Absätze=5
[RELEVANCE-DEBUG] GA054/5 Absatz 62: Score=0.000, Vorkommen=0, Kontext-Absätze=5
[RELEVANCE-SCORING] 6451 Treffer: hoch=4, mittel=7, niedrig=6440
[RELEVANCE-THRESHOLDS] Schwellwerte basierend auf Häufigkeit (keine prozentuale Verteilung): hoch≥0.600, mittel≥0.400
[BACKEND-FILTER] 6451 -> 6440 Ergebnisse nach Filter "niedrig"
  [Single] "ätherleib"

Extrahierte 1 Suchbegriffe aus "Ätherleib":
ätherleib
GET /api/quotes

✓ Server läuft auf http://localhost:3003

Verfügbare Endpoints:
   GET  /debug/status
   POST /api/hybrid-search
   POST /api/fulltext-search
   POST /api/thematic-hybrid-search
   POST /api/concept-overview
   POST /api/summarize-lecture
   GET  /api/check-summary/:gaNumber/:lectureNum
   GET  /api/full-lecture/:lectureId
   GET  /api/full-lecture/:gaNumber/:lectureNum
   GET  /api/lectures/list
   GET  /api/available-ga
   GET  /api/ga-overview/:gaNumber
   GET  /api/book/:gaNumber
   GET  /ga-overview-map.json
   POST /api/admin/generate-synonyms
   GET  /api/admin/synonym-stats
   POST /api/save-summary
   POST /api/keywords-generate
   POST /api/keyword-thematic-search
   POST /api/concepts-save
   POST /api/concepts-add
   POST /api/concepts-delete
   GET  /api/concepts-files
   GET  /api/concepts-list
   POST /api/save-marked-word
   GET  /summary-database.json
   POST /api/generate-summary-keywords-batch
   POST /api/generate-summary-keywords-for-lectures
   GET  /summary-keywords-database.json
   GET  /thematic-search-database.json
   POST /api/generate-keywords
   GET  /api/keywords-database
   GET  /api/keywords-stats
   POST /api/generate-themes
   GET  /api/themes-database
   GET  /api/timeline-data

✓ System bereit!

GET /api/keywords/available-ga-volumes
[API/AVAILABLE-GA-VOLUMES] Request erhalten
[API/AVAILABLE-GA-VOLUMES] fullLectures: 4487 Vorträge
[API/AVAILABLE-GA-VOLUMES] fullBooks: 40 Bücher
[API/AVAILABLE-GA-VOLUMES] Sende 355 Volumes
GET /debug/status
GET /api/steiner-images
[DEBUG] Gefundene Books-Dateien: steiner-books-001-020-part01.json, steiner-books-021-046-part02.json

Gefundene Dateien:
  Search-Dateien: []
  Lecture-Dateien: ["steiner-full-lectures-051-354-part01.json","steiner-full-lectures-051-354-part02.json","steiner-full-lectures-051-354-part03.json","steiner-full-lectures-051-354-part04.json","steiner-full-lectures-051-354-part05.json","steiner-full-lectures-051-354-part06.json","steiner-full-lectures-051-354-part07.json","steiner-full-lectures-051-354-part08.json","steiner-full-lectures-051-354-part09.json","steiner-full-lectures-051-354-part10.json","steiner-full-lectures-051-354-part11.json","steiner-full-lectures-051-354-part12.json","steiner-full-lectures-051-354-part13.json","steiner-full-lectures-051-354-part14.json","steiner-full-lectures-051-354-part15.json","steiner-full-lectures-051-354-part16.json","steiner-full-lectures-051-354-part17.json"]
  Books-Dateien: ["steiner-books-001-020-part01.json","steiner-books-021-046-part02.json"]
GET /api/ga-list
[API/GA-LIST] Request erhalten
[API/GA-LIST] fullLectures: 4487 Vorträge
[API/GA-LIST] fullBooks: 40 Bücher
[API/GA-LIST] Sende 355 GA-Bände
GET /api/list-files
[SUMMARY-DB] Geladen: 4490 Einträge aus summary-database.json
GET /api/keywords/available-ga-volumes
[API/AVAILABLE-GA-VOLUMES] Request erhalten
[API/AVAILABLE-GA-VOLUMES] fullLectures: 4487 Vorträge
[API/AVAILABLE-GA-VOLUMES] fullBooks: 40 Bücher
[API/AVAILABLE-GA-VOLUMES] Sende 355 Volumes
GET /favicon.ico
GET /api/available-years
[INFO] Verfügbare Jahre: 26 Jahre von 1888 bis 1924
GET /api/ga-list
[API/GA-LIST] Request erhalten
[API/GA-LIST] fullLectures: 4487 Vorträge
[API/GA-LIST] fullBooks: 40 Bücher
[API/GA-LIST] Sende 355 GA-Bände
GET /api/keywords/available-ga-volumes
[API/AVAILABLE-GA-VOLUMES] Request erhalten
[API/AVAILABLE-GA-VOLUMES] fullLectures: 4487 Vorträge
[API/AVAILABLE-GA-VOLUMES] fullBooks: 40 Bücher
[API/AVAILABLE-GA-VOLUMES] Sende 355 Volumes
GET /api/available-years
[INFO] Verfügbare Jahre: 26 Jahre von 1888 bis 1924
POST /api/fulltext-search
Volltext-Suche: Goetheanismus [Relevanz-Filter: ohne]
Volltext-Suche: 243 Absätze gefunden (Vorträge + Bücher)
[RELEVANCE-DEBUG] GA061/16 Absatz 27: Score=0.300, Vorkommen=1, Kontext-Absätze=5
[RELEVANCE-DEBUG] GA062/8 Absatz 5: Score=0.300, Vorkommen=1, Kontext-Absätze=5
[RELEVANCE-DEBUG] GA064/1 Absatz 95: Score=0.300, Vorkommen=1, Kontext-Absätze=5
[RELEVANCE-DEBUG] GA065/2 Absatz 92: Score=0.500, Vorkommen=2, Kontext-Absätze=5
[RELEVANCE-DEBUG] GA072/1 Absatz 58: Score=0.300, Vorkommen=1, Kontext-Absätze=5
[RELEVANCE-SCORING] 243 Treffer: hoch=78, mittel=54, niedrig=111
[RELEVANCE-THRESHOLDS] Schwellwerte relativ zur Gesamthäufigkeit: hoch≥0.539 (3+ Vorkommen), mittel≥0.379 (2+ Vorkommen)
  [Single] "goetheanismus"

Extrahierte 1 Suchbegriffe aus "Goetheanismus":
goetheanismus
[IMAGES-API] Sende Liste von 1057 Vorträgen (ohne Bilder)
POST /api/fulltext-search
Volltext-Suche: Goetheanismus [Relevanz-Filter: hoch]
Volltext-Suche: 243 Absätze gefunden (Vorträge + Bücher)
[RELEVANCE-DEBUG] GA061/16 Absatz 27: Score=0.300, Vorkommen=1, Kontext-Absätze=5
[RELEVANCE-DEBUG] GA062/8 Absatz 5: Score=0.300, Vorkommen=1, Kontext-Absätze=5
[RELEVANCE-DEBUG] GA064/1 Absatz 95: Score=0.300, Vorkommen=1, Kontext-Absätze=5
[RELEVANCE-DEBUG] GA065/2 Absatz 92: Score=0.500, Vorkommen=2, Kontext-Absätze=5
[RELEVANCE-DEBUG] GA072/1 Absatz 58: Score=0.300, Vorkommen=1, Kontext-Absätze=5
[RELEVANCE-SCORING] 243 Treffer: hoch=78, mittel=54, niedrig=111
[RELEVANCE-THRESHOLDS] Schwellwerte relativ zur Gesamthäufigkeit: hoch≥0.539 (3+ Vorkommen), mittel≥0.379 (2+ Vorkommen)
[BACKEND-FILTER] 243 -> 78 Ergebnisse nach Filter "hoch"
  [Single] "goetheanismus"

Extrahierte 1 Suchbegriffe aus "Goetheanismus":
goetheanismus
POST /api/fulltext-search
Volltext-Suche: Goetheanismus [Relevanz-Filter: niedrig]
Volltext-Suche: 243 Absätze gefunden (Vorträge + Bücher)
[RELEVANCE-DEBUG] GA061/16 Absatz 27: Score=0.300, Vorkommen=1, Kontext-Absätze=5
[RELEVANCE-DEBUG] GA062/8 Absatz 5: Score=0.300, Vorkommen=1, Kontext-Absätze=5
[RELEVANCE-DEBUG] GA064/1 Absatz 95: Score=0.300, Vorkommen=1, Kontext-Absätze=5
[RELEVANCE-DEBUG] GA065/2 Absatz 92: Score=0.500, Vorkommen=2, Kontext-Absätze=5
[RELEVANCE-DEBUG] GA072/1 Absatz 58: Score=0.300, Vorkommen=1, Kontext-Absätze=5
[RELEVANCE-SCORING] 243 Treffer: hoch=78, mittel=54, niedrig=111
[RELEVANCE-THRESHOLDS] Schwellwerte relativ zur Gesamthäufigkeit: hoch≥0.539 (3+ Vorkommen), mittel≥0.379 (2+ Vorkommen)
[BACKEND-FILTER] 243 -> 111 Ergebnisse nach Filter "niedrig"
  [Single] "goetheanismus"

Extrahierte 1 Suchbegriffe aus "Goetheanismus":
goetheanismus
GET /api/book/GA046
[BOOK] Anfrage für GA046
[BOOK] Schrift gefunden: Nachgelassene Abhandlungen und Fragmente (1879-1924)
[BOOK] ✓ Vortrags-Einträge gefunden - werden geschützt
[BOOK] ✓ Überschriften für GA046 gespeichert (4490 Einträge total, 4457 Vorträge geschützt)
[IMAGES-ASSETS] Anfrage für Bild: GA046-Nachgelassene%20Abhandlungen%20und%20Fragmente%201879-1924_img-1.png
[IMAGES-ASSETS] Vollständiger Request-Pfad: /assets/GA046-Nachgelassene%20Abhandlungen%20und%20Fragmente%201879-1924_img-1.png
[IMAGES-ASSETS] Decodierter Pfad: GA046-Nachgelassene Abhandlungen und Fragmente 1879-1924_img-1.png
[IMAGES-ASSETS] Gefundene GA-Nummer: GA046
[IMAGES-ASSETS] Suche in: C:\Users\chuec\OneDrive\GitHub\ga_suche\Steiner_GA
[IMAGES-ASSETS] Anfrage für Bild: GA046-Nachgelassene%20Abhandlungen%20und%20Fragmente%201879-1924_img-0.png
[IMAGES-ASSETS] Vollständiger Request-Pfad: /assets/GA046-Nachgelassene%20Abhandlungen%20und%20Fragmente%201879-1924_img-0.png
[IMAGES-ASSETS] Decodierter Pfad: GA046-Nachgelassene Abhandlungen und Fragmente 1879-1924_img-0.png
[IMAGES-ASSETS] Gefundene GA-Nummer: GA046
[IMAGES-ASSETS] Suche in: C:\Users\chuec\OneDrive\GitHub\ga_suche\Steiner_GA
[IMAGES-ASSETS] Gefundener GA-Ordner: GA046-Nachgelassene Abhandlungen und Fragmente 1879-1924
[IMAGES-ASSETS] Vollständiger Pfad: C:\Users\chuec\OneDrive\GitHub\ga_suche\Steiner_GA\GA046-Nachgelassene Abhandlungen und Fragmente 1879-1924\assets\GA046-Nachgelassene Abhandlungen und Fragmente 1879-1924_img-1.png
[IMAGES-ASSETS] ✓ Bild gefunden, serviere: C:\Users\chuec\OneDrive\GitHub\ga_suche\Steiner_GA\GA046-Nachgelassene Abhandlungen und Fragmente 1879-1924\assets\GA046-Nachgelassene Abhandlungen und Fragmente 1879-1924_img-1.png
[IMAGES-ASSETS] Gefundener GA-Ordner: GA046-Nachgelassene Abhandlungen und Fragmente 1879-1924
[IMAGES-ASSETS] Vollständiger Pfad: C:\Users\chuec\OneDrive\GitHub\ga_suche\Steiner_GA\GA046-Nachgelassene Abhandlungen und Fragmente 1879-1924\assets\GA046-Nachgelassene Abhandlungen und Fragmente 1879-1924_img-0.png
[IMAGES-ASSETS] ✓ Bild gefunden, serviere: C:\Users\chuec\OneDrive\GitHub\ga_suche\Steiner_GA\GA046-Nachgelassene Abhandlungen und Fragmente 1879-1924\assets\GA046-Nachgelassene Abhandlungen und Fragmente 1879-1924_img-0.png
[IMAGES-ASSETS] Anfrage für Bild: GA046-Nachgelassene%20Abhandlungen%20und%20Fragmente%201879-1924_img-2.png
[IMAGES-ASSETS] Vollständiger Request-Pfad: /assets/GA046-Nachgelassene%20Abhandlungen%20und%20Fragmente%201879-1924_img-2.png
[IMAGES-ASSETS] Decodierter Pfad: GA046-Nachgelassene Abhandlungen und Fragmente 1879-1924_img-2.png
[IMAGES-ASSETS] Gefundene GA-Nummer: GA046
[IMAGES-ASSETS] Suche in: C:\Users\chuec\OneDrive\GitHub\ga_suche\Steiner_GA
[IMAGES-ASSETS] Anfrage für Bild: GA046-Nachgelassene%20Abhandlungen%20und%20Fragmente%201879-1924_img-3.png
[IMAGES-ASSETS] Vollständiger Request-Pfad: /assets/GA046-Nachgelassene%20Abhandlungen%20und%20Fragmente%201879-1924_img-3.png
[IMAGES-ASSETS] Decodierter Pfad: GA046-Nachgelassene Abhandlungen und Fragmente 1879-1924_img-3.png
[IMAGES-ASSETS] Gefundene GA-Nummer: GA046
[IMAGES-ASSETS] Suche in: C:\Users\chuec\OneDrive\GitHub\ga_suche\Steiner_GA
[IMAGES-ASSETS] Anfrage für Bild: GA046-Nachgelassene%20Abhandlungen%20und%20Fragmente%201879-1924_img-4.png
[IMAGES-ASSETS] Vollständiger Request-Pfad: /assets/GA046-Nachgelassene%20Abhandlungen%20und%20Fragmente%201879-1924_img-4.png
[IMAGES-ASSETS] Decodierter Pfad: GA046-Nachgelassene Abhandlungen und Fragmente 1879-1924_img-4.png
[IMAGES-ASSETS] Gefundene GA-Nummer: GA046
[IMAGES-ASSETS] Suche in: C:\Users\chuec\OneDrive\GitHub\ga_suche\Steiner_GA
[IMAGES-ASSETS] Anfrage für Bild: GA046-Nachgelassene%20Abhandlungen%20und%20Fragmente%201879-1924_img-5.png
[IMAGES-ASSETS] Vollständiger Request-Pfad: /assets/GA046-Nachgelassene%20Abhandlungen%20und%20Fragmente%201879-1924_img-5.png
[IMAGES-ASSETS] Decodierter Pfad: GA046-Nachgelassene Abhandlungen und Fragmente 1879-1924_img-5.png
[IMAGES-ASSETS] Gefundene GA-Nummer: GA046
[IMAGES-ASSETS] Suche in: C:\Users\chuec\OneDrive\GitHub\ga_suche\Steiner_GA
[IMAGES-ASSETS] Gefundener GA-Ordner: GA046-Nachgelassene Abhandlungen und Fragmente 1879-1924
[IMAGES-ASSETS] Vollständiger Pfad: C:\Users\chuec\OneDrive\GitHub\ga_suche\Steiner_GA\GA046-Nachgelassene Abhandlungen und Fragmente 1879-1924\assets\GA046-Nachgelassene Abhandlungen und Fragmente 1879-1924_img-2.png
[IMAGES-ASSETS] ✓ Bild gefunden, serviere: C:\Users\chuec\OneDrive\GitHub\ga_suche\Steiner_GA\GA046-Nachgelassene Abhandlungen und Fragmente 1879-1924\assets\GA046-Nachgelassene Abhandlungen und Fragmente 1879-1924_img-2.png
[IMAGES-ASSETS] Gefundener GA-Ordner: GA046-Nachgelassene Abhandlungen und Fragmente 1879-1924
[IMAGES-ASSETS] Vollständiger Pfad: C:\Users\chuec\OneDrive\GitHub\ga_suche\Steiner_GA\GA046-Nachgelassene Abhandlungen und Fragmente 1879-1924\assets\GA046-Nachgelassene Abhandlungen und Fragmente 1879-1924_img-3.png
[IMAGES-ASSETS] ✓ Bild gefunden, serviere: C:\Users\chuec\OneDrive\GitHub\ga_suche\Steiner_GA\GA046-Nachgelassene Abhandlungen und Fragmente 1879-1924\assets\GA046-Nachgelassene Abhandlungen und Fragmente 1879-1924_img-3.png
[IMAGES-ASSETS] Gefundener GA-Ordner: GA046-Nachgelassene Abhandlungen und Fragmente 1879-1924
[IMAGES-ASSETS] Vollständiger Pfad: C:\Users\chuec\OneDrive\GitHub\ga_suche\Steiner_GA\GA046-Nachgelassene Abhandlungen und Fragmente 1879-1924\assets\GA046-Nachgelassene Abhandlungen und Fragmente 1879-1924_img-4.png
[IMAGES-ASSETS] ✓ Bild gefunden, serviere: C:\Users\chuec\OneDrive\GitHub\ga_suche\Steiner_GA\GA046-Nachgelassene Abhandlungen und Fragmente 1879-1924\assets\GA046-Nachgelassene Abhandlungen und Fragmente 1879-1924_img-4.png
[IMAGES-ASSETS] Gefundener GA-Ordner: GA046-Nachgelassene Abhandlungen und Fragmente 1879-1924
[IMAGES-ASSETS] Vollständiger Pfad: C:\Users\chuec\OneDrive\GitHub\ga_suche\Steiner_GA\GA046-Nachgelassene Abhandlungen und Fragmente 1879-1924\assets\GA046-Nachgelassene Abhandlungen und Fragmente 1879-1924_img-5.png
[IMAGES-ASSETS] ✓ Bild gefunden, serviere: C:\Users\chuec\OneDrive\GitHub\ga_suche\Steiner_GA\GA046-Nachgelassene Abhandlungen und Fragmente 1879-1924\assets\GA046-Nachgelassene Abhandlungen und Fragmente 1879-1924_img-5.png
[IMAGES-ASSETS] Anfrage für Bild: GA046-Nachgelassene%20Abhandlungen%20und%20Fragmente%201879-1924_img-6.png
[IMAGES-ASSETS] Vollständiger Request-Pfad: /assets/GA046-Nachgelassene%20Abhandlungen%20und%20Fragmente%201879-1924_img-6.png
[IMAGES-ASSETS] Decodierter Pfad: GA046-Nachgelassene Abhandlungen und Fragmente 1879-1924_img-6.png
[IMAGES-ASSETS] Gefundene GA-Nummer: GA046
[IMAGES-ASSETS] Suche in: C:\Users\chuec\OneDrive\GitHub\ga_suche\Steiner_GA
[IMAGES-ASSETS] Anfrage für Bild: GA046-Nachgelassene%20Abhandlungen%20und%20Fragmente%201879-1924_img-7.png
[IMAGES-ASSETS] Vollständiger Request-Pfad: /assets/GA046-Nachgelassene%20Abhandlungen%20und%20Fragmente%201879-1924_img-7.png
[IMAGES-ASSETS] Decodierter Pfad: GA046-Nachgelassene Abhandlungen und Fragmente 1879-1924_img-7.png
[IMAGES-ASSETS] Gefundene GA-Nummer: GA046
[IMAGES-ASSETS] Suche in: C:\Users\chuec\OneDrive\GitHub\ga_suche\Steiner_GA
[IMAGES-ASSETS] Gefundener GA-Ordner: GA046-Nachgelassene Abhandlungen und Fragmente 1879-1924
[IMAGES-ASSETS] Vollständiger Pfad: C:\Users\chuec\OneDrive\GitHub\ga_suche\Steiner_GA\GA046-Nachgelassene Abhandlungen und Fragmente 1879-1924\assets\GA046-Nachgelassene Abhandlungen und Fragmente 1879-1924_img-6.png
[IMAGES-ASSETS] ✓ Bild gefunden, serviere: C:\Users\chuec\OneDrive\GitHub\ga_suche\Steiner_GA\GA046-Nachgelassene Abhandlungen und Fragmente 1879-1924\assets\GA046-Nachgelassene Abhandlungen und Fragmente 1879-1924_img-6.png
[IMAGES-ASSETS] Anfrage für Bild: GA046-Nachgelassene%20Abhandlungen%20und%20Fragmente%201879-1924_img-8.png
[IMAGES-ASSETS] Vollständiger Request-Pfad: /assets/GA046-Nachgelassene%20Abhandlungen%20und%20Fragmente%201879-1924_img-8.png
[IMAGES-ASSETS] Decodierter Pfad: GA046-Nachgelassene Abhandlungen und Fragmente 1879-1924_img-8.png
[IMAGES-ASSETS] Gefundene GA-Nummer: GA046
[IMAGES-ASSETS] Suche in: C:\Users\chuec\OneDrive\GitHub\ga_suche\Steiner_GA
[IMAGES-ASSETS] Anfrage für Bild: GA046-Nachgelassene%20Abhandlungen%20und%20Fragmente%201879-1924_img-9.png
[IMAGES-ASSETS] Vollständiger Request-Pfad: /assets/GA046-Nachgelassene%20Abhandlungen%20und%20Fragmente%201879-1924_img-9.png
[IMAGES-ASSETS] Decodierter Pfad: GA046-Nachgelassene Abhandlungen und Fragmente 1879-1924_img-9.png
[IMAGES-ASSETS] Gefundene GA-Nummer: GA046
[IMAGES-ASSETS] Suche in: C:\Users\chuec\OneDrive\GitHub\ga_suche\Steiner_GA
[IMAGES-ASSETS] Gefundener GA-Ordner: GA046-Nachgelassene Abhandlungen und Fragmente 1879-1924
[IMAGES-ASSETS] Vollständiger Pfad: C:\Users\chuec\OneDrive\GitHub\ga_suche\Steiner_GA\GA046-Nachgelassene Abhandlungen und Fragmente 1879-1924\assets\GA046-Nachgelassene Abhandlungen und Fragmente 1879-1924_img-7.png
[IMAGES-ASSETS] ✓ Bild gefunden, serviere: C:\Users\chuec\OneDrive\GitHub\ga_suche\Steiner_GA\GA046-Nachgelassene Abhandlungen und Fragmente 1879-1924\assets\GA046-Nachgelassene Abhandlungen und Fragmente 1879-1924_img-7.png
[IMAGES-ASSETS] Gefundener GA-Ordner: GA046-Nachgelassene Abhandlungen und Fragmente 1879-1924
[IMAGES-ASSETS] Vollständiger Pfad: C:\Users\chuec\OneDrive\GitHub\ga_suche\Steiner_GA\GA046-Nachgelassene Abhandlungen und Fragmente 1879-1924\assets\GA046-Nachgelassene Abhandlungen und Fragmente 1879-1924_img-8.png
[IMAGES-ASSETS] ✓ Bild gefunden, serviere: C:\Users\chuec\OneDrive\GitHub\ga_suche\Steiner_GA\GA046-Nachgelassene Abhandlungen und Fragmente 1879-1924\assets\GA046-Nachgelassene Abhandlungen und Fragmente 1879-1924_img-8.png
[IMAGES-ASSETS] Anfrage für Bild: GA046-Nachgelassene%20Abhandlungen%20und%20Fragmente%201879-1924_img-10.png
[IMAGES-ASSETS] Vollständiger Request-Pfad: /assets/GA046-Nachgelassene%20Abhandlungen%20und%20Fragmente%201879-1924_img-10.png
[IMAGES-ASSETS] Decodierter Pfad: GA046-Nachgelassene Abhandlungen und Fragmente 1879-1924_img-10.png
[IMAGES-ASSETS] Gefundene GA-Nummer: GA046
[IMAGES-ASSETS] Suche in: C:\Users\chuec\OneDrive\GitHub\ga_suche\Steiner_GA
[IMAGES-ASSETS] Anfrage für Bild: GA046-Nachgelassene%20Abhandlungen%20und%20Fragmente%201879-1924_img-11.png
[IMAGES-ASSETS] Vollständiger Request-Pfad: /assets/GA046-Nachgelassene%20Abhandlungen%20und%20Fragmente%201879-1924_img-11.png
[IMAGES-ASSETS] Decodierter Pfad: GA046-Nachgelassene Abhandlungen und Fragmente 1879-1924_img-11.png
[IMAGES-ASSETS] Gefundene GA-Nummer: GA046
[IMAGES-ASSETS] Suche in: C:\Users\chuec\OneDrive\GitHub\ga_suche\Steiner_GA
[IMAGES-ASSETS] Gefundener GA-Ordner: GA046-Nachgelassene Abhandlungen und Fragmente 1879-1924
[IMAGES-ASSETS] Vollständiger Pfad: C:\Users\chuec\OneDrive\GitHub\ga_suche\Steiner_GA\GA046-Nachgelassene Abhandlungen und Fragmente 1879-1924\assets\GA046-Nachgelassene Abhandlungen und Fragmente 1879-1924_img-9.png
[IMAGES-ASSETS] ✓ Bild gefunden, serviere: C:\Users\chuec\OneDrive\GitHub\ga_suche\Steiner_GA\GA046-Nachgelassene Abhandlungen und Fragmente 1879-1924\assets\GA046-Nachgelassene Abhandlungen und Fragmente 1879-1924_img-9.png
[IMAGES-ASSETS] Gefundener GA-Ordner: GA046-Nachgelassene Abhandlungen und Fragmente 1879-1924
[IMAGES-ASSETS] Vollständiger Pfad: C:\Users\chuec\OneDrive\GitHub\ga_suche\Steiner_GA\GA046-Nachgelassene Abhandlungen und Fragmente 1879-1924\assets\GA046-Nachgelassene Abhandlungen und Fragmente 1879-1924_img-10.png
[IMAGES-ASSETS] ✓ Bild gefunden, serviere: C:\Users\chuec\OneDrive\GitHub\ga_suche\Steiner_GA\GA046-Nachgelassene Abhandlungen und Fragmente 1879-1924\assets\GA046-Nachgelassene Abhandlungen und Fragmente 1879-1924_img-10.png
[IMAGES-ASSETS] Anfrage für Bild: GA046-Nachgelassene%20Abhandlungen%20und%20Fragmente%201879-1924_img-12.png
[IMAGES-ASSETS] Vollständiger Request-Pfad: /assets/GA046-Nachgelassene%20Abhandlungen%20und%20Fragmente%201879-1924_img-12.png
[IMAGES-ASSETS] Decodierter Pfad: GA046-Nachgelassene Abhandlungen und Fragmente 1879-1924_img-12.png
[IMAGES-ASSETS] Gefundene GA-Nummer: GA046
[IMAGES-ASSETS] Suche in: C:\Users\chuec\OneDrive\GitHub\ga_suche\Steiner_GA
[IMAGES-ASSETS] Gefundener GA-Ordner: GA046-Nachgelassene Abhandlungen und Fragmente 1879-1924
[IMAGES-ASSETS] Vollständiger Pfad: C:\Users\chuec\OneDrive\GitHub\ga_suche\Steiner_GA\GA046-Nachgelassene Abhandlungen und Fragmente 1879-1924\assets\GA046-Nachgelassene Abhandlungen und Fragmente 1879-1924_img-11.png
[IMAGES-ASSETS] ✓ Bild gefunden, serviere: C:\Users\chuec\OneDrive\GitHub\ga_suche\Steiner_GA\GA046-Nachgelassene Abhandlungen und Fragmente 1879-1924\assets\GA046-Nachgelassene Abhandlungen und Fragmente 1879-1924_img-11.png
[IMAGES-ASSETS] Anfrage für Bild: GA046-Nachgelassene%20Abhandlungen%20und%20Fragmente%201879-1924_img-13.png
[IMAGES-ASSETS] Vollständiger Request-Pfad: /assets/GA046-Nachgelassene%20Abhandlungen%20und%20Fragmente%201879-1924_img-13.png
[IMAGES-ASSETS] Decodierter Pfad: GA046-Nachgelassene Abhandlungen und Fragmente 1879-1924_img-13.png
[IMAGES-ASSETS] Gefundene GA-Nummer: GA046
[IMAGES-ASSETS] Suche in: C:\Users\chuec\OneDrive\GitHub\ga_suche\Steiner_GA
[IMAGES-ASSETS] Anfrage für Bild: GA046-Nachgelassene%20Abhandlungen%20und%20Fragmente%201879-1924_img-14.png
[IMAGES-ASSETS] Vollständiger Request-Pfad: /assets/GA046-Nachgelassene%20Abhandlungen%20und%20Fragmente%201879-1924_img-14.png
[IMAGES-ASSETS] Decodierter Pfad: GA046-Nachgelassene Abhandlungen und Fragmente 1879-1924_img-14.png
[IMAGES-ASSETS] Gefundene GA-Nummer: GA046
[IMAGES-ASSETS] Suche in: C:\Users\chuec\OneDrive\GitHub\ga_suche\Steiner_GA
[IMAGES-ASSETS] Gefundener GA-Ordner: GA046-Nachgelassene Abhandlungen und Fragmente 1879-1924
[IMAGES-ASSETS] Vollständiger Pfad: C:\Users\chuec\OneDrive\GitHub\ga_suche\Steiner_GA\GA046-Nachgelassene Abhandlungen und Fragmente 1879-1924\assets\GA046-Nachgelassene Abhandlungen und Fragmente 1879-1924_img-12.png
[IMAGES-ASSETS] ✓ Bild gefunden, serviere: C:\Users\chuec\OneDrive\GitHub\ga_suche\Steiner_GA\GA046-Nachgelassene Abhandlungen und Fragmente 1879-1924\assets\GA046-Nachgelassene Abhandlungen und Fragmente 1879-1924_img-12.png
[IMAGES-ASSETS] Gefundener GA-Ordner: GA046-Nachgelassene Abhandlungen und Fragmente 1879-1924
[IMAGES-ASSETS] Vollständiger Pfad: C:\Users\chuec\OneDrive\GitHub\ga_suche\Steiner_GA\GA046-Nachgelassene Abhandlungen und Fragmente 1879-1924\assets\GA046-Nachgelassene Abhandlungen und Fragmente 1879-1924_img-13.png
[IMAGES-ASSETS] ✓ Bild gefunden, serviere: C:\Users\chuec\OneDrive\GitHub\ga_suche\Steiner_GA\GA046-Nachgelassene Abhandlungen und Fragmente 1879-1924\assets\GA046-Nachgelassene Abhandlungen und Fragmente 1879-1924_img-13.png
[IMAGES-ASSETS] Gefundener GA-Ordner: GA046-Nachgelassene Abhandlungen und Fragmente 1879-1924
[IMAGES-ASSETS] Vollständiger Pfad: C:\Users\chuec\OneDrive\GitHub\ga_suche\Steiner_GA\GA046-Nachgelassene Abhandlungen und Fragmente 1879-1924\assets\GA046-Nachgelassene Abhandlungen und Fragmente 1879-1924_img-14.png
[IMAGES-ASSETS] ✓ Bild gefunden, serviere: C:\Users\chuec\OneDrive\GitHub\ga_suche\Steiner_GA\GA046-Nachgelassene Abhandlungen und Fragmente 1879-1924\assets\GA046-Nachgelassene Abhandlungen und Fragmente 1879-1924_img-14.png
[IMAGES-ASSETS] Anfrage für Bild: GA046-Nachgelassene%20Abhandlungen%20und%20Fragmente%201879-1924_img-15.png
[IMAGES-ASSETS] Vollständiger Request-Pfad: /assets/GA046-Nachgelassene%20Abhandlungen%20und%20Fragmente%201879-1924_img-15.png
[IMAGES-ASSETS] Decodierter Pfad: GA046-Nachgelassene Abhandlungen und Fragmente 1879-1924_img-15.png
[IMAGES-ASSETS] Gefundene GA-Nummer: GA046
[IMAGES-ASSETS] Suche in: C:\Users\chuec\OneDrive\GitHub\ga_suche\Steiner_GA
[IMAGES-ASSETS] Anfrage für Bild: GA046-Nachgelassene%20Abhandlungen%20und%20Fragmente%201879-1924_img-16.png
[IMAGES-ASSETS] Vollständiger Request-Pfad: /assets/GA046-Nachgelassene%20Abhandlungen%20und%20Fragmente%201879-1924_img-16.png
[IMAGES-ASSETS] Decodierter Pfad: GA046-Nachgelassene Abhandlungen und Fragmente 1879-1924_img-16.png
[IMAGES-ASSETS] Gefundene GA-Nummer: GA046
[IMAGES-ASSETS] Suche in: C:\Users\chuec\OneDrive\GitHub\ga_suche\Steiner_GA
[IMAGES-ASSETS] Anfrage für Bild: GA046-Nachgelassene%20Abhandlungen%20und%20Fragmente%201879-1924_img-17.png
[IMAGES-ASSETS] Vollständiger Request-Pfad: /assets/GA046-Nachgelassene%20Abhandlungen%20und%20Fragmente%201879-1924_img-17.png
[IMAGES-ASSETS] Decodierter Pfad: GA046-Nachgelassene Abhandlungen und Fragmente 1879-1924_img-17.png
[IMAGES-ASSETS] Gefundene GA-Nummer: GA046
[IMAGES-ASSETS] Suche in: C:\Users\chuec\OneDrive\GitHub\ga_suche\Steiner_GA
[IMAGES-ASSETS] Gefundener GA-Ordner: GA046-Nachgelassene Abhandlungen und Fragmente 1879-1924
[IMAGES-ASSETS] Vollständiger Pfad: C:\Users\chuec\OneDrive\GitHub\ga_suche\Steiner_GA\GA046-Nachgelassene Abhandlungen und Fragmente 1879-1924\assets\GA046-Nachgelassene Abhandlungen und Fragmente 1879-1924_img-15.png
[IMAGES-ASSETS] ✓ Bild gefunden, serviere: C:\Users\chuec\OneDrive\GitHub\ga_suche\Steiner_GA\GA046-Nachgelassene Abhandlungen und Fragmente 1879-1924\assets\GA046-Nachgelassene Abhandlungen und Fragmente 1879-1924_img-15.png
[IMAGES-ASSETS] Gefundener GA-Ordner: GA046-Nachgelassene Abhandlungen und Fragmente 1879-1924
[IMAGES-ASSETS] Vollständiger Pfad: C:\Users\chuec\OneDrive\GitHub\ga_suche\Steiner_GA\GA046-Nachgelassene Abhandlungen und Fragmente 1879-1924\assets\GA046-Nachgelassene Abhandlungen und Fragmente 1879-1924_img-16.png
[IMAGES-ASSETS] ✓ Bild gefunden, serviere: C:\Users\chuec\OneDrive\GitHub\ga_suche\Steiner_GA\GA046-Nachgelassene Abhandlungen und Fragmente 1879-1924\assets\GA046-Nachgelassene Abhandlungen und Fragmente 1879-1924_img-16.png
[IMAGES-ASSETS] Anfrage für Bild: GA046-Nachgelassene%20Abhandlungen%20und%20Fragmente%201879-1924_img-18.png
[IMAGES-ASSETS] Vollständiger Request-Pfad: /assets/GA046-Nachgelassene%20Abhandlungen%20und%20Fragmente%201879-1924_img-18.png
[IMAGES-ASSETS] Decodierter Pfad: GA046-Nachgelassene Abhandlungen und Fragmente 1879-1924_img-18.png
[IMAGES-ASSETS] Gefundene GA-Nummer: GA046
[IMAGES-ASSETS] Suche in: C:\Users\chuec\OneDrive\GitHub\ga_suche\Steiner_GA
[IMAGES-ASSETS] Anfrage für Bild: GA046-Nachgelassene%20Abhandlungen%20und%20Fragmente%201879-1924_img-19.png
[IMAGES-ASSETS] Vollständiger Request-Pfad: /assets/GA046-Nachgelassene%20Abhandlungen%20und%20Fragmente%201879-1924_img-19.png
[IMAGES-ASSETS] Decodierter Pfad: GA046-Nachgelassene Abhandlungen und Fragmente 1879-1924_img-19.png
[IMAGES-ASSETS] Gefundene GA-Nummer: GA046
[IMAGES-ASSETS] Suche in: C:\Users\chuec\OneDrive\GitHub\ga_suche\Steiner_GA
[IMAGES-ASSETS] Gefundener GA-Ordner: GA046-Nachgelassene Abhandlungen und Fragmente 1879-1924
[IMAGES-ASSETS] Vollständiger Pfad: C:\Users\chuec\OneDrive\GitHub\ga_suche\Steiner_GA\GA046-Nachgelassene Abhandlungen und Fragmente 1879-1924\assets\GA046-Nachgelassene Abhandlungen und Fragmente 1879-1924_img-17.png
[IMAGES-ASSETS] ✓ Bild gefunden, serviere: C:\Users\chuec\OneDrive\GitHub\ga_suche\Steiner_GA\GA046-Nachgelassene Abhandlungen und Fragmente 1879-1924\assets\GA046-Nachgelassene Abhandlungen und Fragmente 1879-1924_img-17.png
[IMAGES-ASSETS] Gefundener GA-Ordner: GA046-Nachgelassene Abhandlungen und Fragmente 1879-1924
[IMAGES-ASSETS] Vollständiger Pfad: C:\Users\chuec\OneDrive\GitHub\ga_suche\Steiner_GA\GA046-Nachgelassene Abhandlungen und Fragmente 1879-1924\assets\GA046-Nachgelassene Abhandlungen und Fragmente 1879-1924_img-18.png
[IMAGES-ASSETS] ✓ Bild gefunden, serviere: C:\Users\chuec\OneDrive\GitHub\ga_suche\Steiner_GA\GA046-Nachgelassene Abhandlungen und Fragmente 1879-1924\assets\GA046-Nachgelassene Abhandlungen und Fragmente 1879-1924_img-18.png
[IMAGES-ASSETS] Anfrage für Bild: GA046-Nachgelassene%20Abhandlungen%20und%20Fragmente%201879-1924_img-20.png
[IMAGES-ASSETS] Vollständiger Request-Pfad: /assets/GA046-Nachgelassene%20Abhandlungen%20und%20Fragmente%201879-1924_img-20.png
[IMAGES-ASSETS] Decodierter Pfad: GA046-Nachgelassene Abhandlungen und Fragmente 1879-1924_img-20.png
[IMAGES-ASSETS] Gefundene GA-Nummer: GA046
[IMAGES-ASSETS] Suche in: C:\Users\chuec\OneDrive\GitHub\ga_suche\Steiner_GA
[IMAGES-ASSETS] Gefundener GA-Ordner: GA046-Nachgelassene Abhandlungen und Fragmente 1879-1924
[IMAGES-ASSETS] Vollständiger Pfad: C:\Users\chuec\OneDrive\GitHub\ga_suche\Steiner_GA\GA046-Nachgelassene Abhandlungen und Fragmente 1879-1924\assets\GA046-Nachgelassene Abhandlungen und Fragmente 1879-1924_img-19.png
[IMAGES-ASSETS] ✓ Bild gefunden, serviere: C:\Users\chuec\OneDrive\GitHub\ga_suche\Steiner_GA\GA046-Nachgelassene Abhandlungen und Fragmente 1879-1924\assets\GA046-Nachgelassene Abhandlungen und Fragmente 1879-1924_img-19.png
[IMAGES-ASSETS] Anfrage für Bild: GA046-Nachgelassene%20Abhandlungen%20und%20Fragmente%201879-1924_img-21.png
[IMAGES-ASSETS] Vollständiger Request-Pfad: /assets/GA046-Nachgelassene%20Abhandlungen%20und%20Fragmente%201879-1924_img-21.png
[IMAGES-ASSETS] Decodierter Pfad: GA046-Nachgelassene Abhandlungen und Fragmente 1879-1924_img-21.png
[IMAGES-ASSETS] Gefundene GA-Nummer: GA046
[IMAGES-ASSETS] Suche in: C:\Users\chuec\OneDrive\GitHub\ga_suche\Steiner_GA
[IMAGES-ASSETS] Anfrage für Bild: GA046-Nachgelassene%20Abhandlungen%20und%20Fragmente%201879-1924_img-22.png
[IMAGES-ASSETS] Vollständiger Request-Pfad: /assets/GA046-Nachgelassene%20Abhandlungen%20und%20Fragmente%201879-1924_img-22.png
[IMAGES-ASSETS] Decodierter Pfad: GA046-Nachgelassene Abhandlungen und Fragmente 1879-1924_img-22.png
[IMAGES-ASSETS] Gefundene GA-Nummer: GA046
[IMAGES-ASSETS] Suche in: C:\Users\chuec\OneDrive\GitHub\ga_suche\Steiner_GA
[IMAGES-ASSETS] Gefundener GA-Ordner: GA046-Nachgelassene Abhandlungen und Fragmente 1879-1924
[IMAGES-ASSETS] Vollständiger Pfad: C:\Users\chuec\OneDrive\GitHub\ga_suche\Steiner_GA\GA046-Nachgelassene Abhandlungen und Fragmente 1879-1924\assets\GA046-Nachgelassene Abhandlungen und Fragmente 1879-1924_img-20.png
[IMAGES-ASSETS] ✓ Bild gefunden, serviere: C:\Users\chuec\OneDrive\GitHub\ga_suche\Steiner_GA\GA046-Nachgelassene Abhandlungen und Fragmente 1879-1924\assets\GA046-Nachgelassene Abhandlungen und Fragmente 1879-1924_img-20.png
[IMAGES-ASSETS] Gefundener GA-Ordner: GA046-Nachgelassene Abhandlungen und Fragmente 1879-1924
[IMAGES-ASSETS] Vollständiger Pfad: C:\Users\chuec\OneDrive\GitHub\ga_suche\Steiner_GA\GA046-Nachgelassene Abhandlungen und Fragmente 1879-1924\assets\GA046-Nachgelassene Abhandlungen und Fragmente 1879-1924_img-21.png
[IMAGES-ASSETS] ✓ Bild gefunden, serviere: C:\Users\chuec\OneDrive\GitHub\ga_suche\Steiner_GA\GA046-Nachgelassene Abhandlungen und Fragmente 1879-1924\assets\GA046-Nachgelassene Abhandlungen und Fragmente 1879-1924_img-21.png
[IMAGES-ASSETS] Anfrage für Bild: GA046-Nachgelassene%20Abhandlungen%20und%20Fragmente%201879-1924_img-23.png
[IMAGES-ASSETS] Vollständiger Request-Pfad: /assets/GA046-Nachgelassene%20Abhandlungen%20und%20Fragmente%201879-1924_img-23.png
[IMAGES-ASSETS] Decodierter Pfad: GA046-Nachgelassene Abhandlungen und Fragmente 1879-1924_img-23.png
[IMAGES-ASSETS] Gefundene GA-Nummer: GA046
[IMAGES-ASSETS] Suche in: C:\Users\chuec\OneDrive\GitHub\ga_suche\Steiner_GA
[IMAGES-ASSETS] Anfrage für Bild: GA046-Nachgelassene%20Abhandlungen%20und%20Fragmente%201879-1924_img-24.png
[IMAGES-ASSETS] Vollständiger Request-Pfad: /assets/GA046-Nachgelassene%20Abhandlungen%20und%20Fragmente%201879-1924_img-24.png
[IMAGES-ASSETS] Decodierter Pfad: GA046-Nachgelassene Abhandlungen und Fragmente 1879-1924_img-24.png
[IMAGES-ASSETS] Gefundene GA-Nummer: GA046
[IMAGES-ASSETS] Suche in: C:\Users\chuec\OneDrive\GitHub\ga_suche\Steiner_GA
[IMAGES-ASSETS] Gefundener GA-Ordner: GA046-Nachgelassene Abhandlungen und Fragmente 1879-1924
[IMAGES-ASSETS] Vollständiger Pfad: C:\Users\chuec\OneDrive\GitHub\ga_suche\Steiner_GA\GA046-Nachgelassene Abhandlungen und Fragmente 1879-1924\assets\GA046-Nachgelassene Abhandlungen und Fragmente 1879-1924_img-22.png
[IMAGES-ASSETS] ✓ Bild gefunden, serviere: C:\Users\chuec\OneDrive\GitHub\ga_suche\Steiner_GA\GA046-Nachgelassene Abhandlungen und Fragmente 1879-1924\assets\GA046-Nachgelassene Abhandlungen und Fragmente 1879-1924_img-22.png
[IMAGES-ASSETS] Gefundener GA-Ordner: GA046-Nachgelassene Abhandlungen und Fragmente 1879-1924
[IMAGES-ASSETS] Vollständiger Pfad: C:\Users\chuec\OneDrive\GitHub\ga_suche\Steiner_GA\GA046-Nachgelassene Abhandlungen und Fragmente 1879-1924\assets\GA046-Nachgelassene Abhandlungen und Fragmente 1879-1924_img-23.png
[IMAGES-ASSETS] ✓ Bild gefunden, serviere: C:\Users\chuec\OneDrive\GitHub\ga_suche\Steiner_GA\GA046-Nachgelassene Abhandlungen und Fragmente 1879-1924\assets\GA046-Nachgelassene Abhandlungen und Fragmente 1879-1924_img-23.png
[IMAGES-ASSETS] Anfrage für Bild: GA046-Nachgelassene%20Abhandlungen%20und%20Fragmente%201879-1924_img-25.png
[IMAGES-ASSETS] Vollständiger Request-Pfad: /assets/GA046-Nachgelassene%20Abhandlungen%20und%20Fragmente%201879-1924_img-25.png
[IMAGES-ASSETS] Decodierter Pfad: GA046-Nachgelassene Abhandlungen und Fragmente 1879-1924_img-25.png
[IMAGES-ASSETS] Gefundene GA-Nummer: GA046
[IMAGES-ASSETS] Suche in: C:\Users\chuec\OneDrive\GitHub\ga_suche\Steiner_GA
[IMAGES-ASSETS] Gefundener GA-Ordner: GA046-Nachgelassene Abhandlungen und Fragmente 1879-1924
[IMAGES-ASSETS] Vollständiger Pfad: C:\Users\chuec\OneDrive\GitHub\ga_suche\Steiner_GA\GA046-Nachgelassene Abhandlungen und Fragmente 1879-1924\assets\GA046-Nachgelassene Abhandlungen und Fragmente 1879-1924_img-24.png
[IMAGES-ASSETS] ✓ Bild gefunden, serviere: C:\Users\chuec\OneDrive\GitHub\ga_suche\Steiner_GA\GA046-Nachgelassene Abhandlungen und Fragmente 1879-1924\assets\GA046-Nachgelassene Abhandlungen und Fragmente 1879-1924_img-24.png
[IMAGES-ASSETS] Anfrage für Bild: GA046-Nachgelassene%20Abhandlungen%20und%20Fragmente%201879-1924_img-26.png
[IMAGES-ASSETS] Vollständiger Request-Pfad: /assets/GA046-Nachgelassene%20Abhandlungen%20und%20Fragmente%201879-1924_img-26.png
[IMAGES-ASSETS] Decodierter Pfad: GA046-Nachgelassene Abhandlungen und Fragmente 1879-1924_img-26.png
[IMAGES-ASSETS] Gefundene GA-Nummer: GA046
[IMAGES-ASSETS] Suche in: C:\Users\chuec\OneDrive\GitHub\ga_suche\Steiner_GA
[IMAGES-ASSETS] Anfrage für Bild: GA046-Nachgelassene%20Abhandlungen%20und%20Fragmente%201879-1924_img-27.png
[IMAGES-ASSETS] Vollständiger Request-Pfad: /assets/GA046-Nachgelassene%20Abhandlungen%20und%20Fragmente%201879-1924_img-27.png
[IMAGES-ASSETS] Decodierter Pfad: GA046-Nachgelassene Abhandlungen und Fragmente 1879-1924_img-27.png
[IMAGES-ASSETS] Gefundene GA-Nummer: GA046
[IMAGES-ASSETS] Suche in: C:\Users\chuec\OneDrive\GitHub\ga_suche\Steiner_GA
[IMAGES-ASSETS] Gefundener GA-Ordner: GA046-Nachgelassene Abhandlungen und Fragmente 1879-1924
[IMAGES-ASSETS] Vollständiger Pfad: C:\Users\chuec\OneDrive\GitHub\ga_suche\Steiner_GA\GA046-Nachgelassene Abhandlungen und Fragmente 1879-1924\assets\GA046-Nachgelassene Abhandlungen und Fragmente 1879-1924_img-25.png
[IMAGES-ASSETS] ✓ Bild gefunden, serviere: C:\Users\chuec\OneDrive\GitHub\ga_suche\Steiner_GA\GA046-Nachgelassene Abhandlungen und Fragmente 1879-1924\assets\GA046-Nachgelassene Abhandlungen und Fragmente 1879-1924_img-25.png
[IMAGES-ASSETS] Gefundener GA-Ordner: GA046-Nachgelassene Abhandlungen und Fragmente 1879-1924
[IMAGES-ASSETS] Vollständiger Pfad: C:\Users\chuec\OneDrive\GitHub\ga_suche\Steiner_GA\GA046-Nachgelassene Abhandlungen und Fragmente 1879-1924\assets\GA046-Nachgelassene Abhandlungen und Fragmente 1879-1924_img-26.png
[IMAGES-ASSETS] ✓ Bild gefunden, serviere: C:\Users\chuec\OneDrive\GitHub\ga_suche\Steiner_GA\GA046-Nachgelassene Abhandlungen und Fragmente 1879-1924\assets\GA046-Nachgelassene Abhandlungen und Fragmente 1879-1924_img-26.png
[IMAGES-ASSETS] Gefundener GA-Ordner: GA046-Nachgelassene Abhandlungen und Fragmente 1879-1924
[IMAGES-ASSETS] Vollständiger Pfad: C:\Users\chuec\OneDrive\GitHub\ga_suche\Steiner_GA\GA046-Nachgelassene Abhandlungen und Fragmente 1879-1924\assets\GA046-Nachgelassene Abhandlungen und Fragmente 1879-1924_img-27.png
[IMAGES-ASSETS] ✓ Bild gefunden, serviere: C:\Users\chuec\OneDrive\GitHub\ga_suche\Steiner_GA\GA046-Nachgelassene Abhandlungen und Fragmente 1879-1924\assets\GA046-Nachgelassene Abhandlungen und Fragmente 1879-1924_img-27.png
[IMAGES-ASSETS] Anfrage für Bild: GA046-Nachgelassene%20Abhandlungen%20und%20Fragmente%201879-1924_img-28.png
[IMAGES-ASSETS] Vollständiger Request-Pfad: /assets/GA046-Nachgelassene%20Abhandlungen%20und%20Fragmente%201879-1924_img-28.png
[IMAGES-ASSETS] Decodierter Pfad: GA046-Nachgelassene Abhandlungen und Fragmente 1879-1924_img-28.png
[IMAGES-ASSETS] Gefundene GA-Nummer: GA046
[IMAGES-ASSETS] Suche in: C:\Users\chuec\OneDrive\GitHub\ga_suche\Steiner_GA
[IMAGES-ASSETS] Gefundener GA-Ordner: GA046-Nachgelassene Abhandlungen und Fragmente 1879-1924
[IMAGES-ASSETS] Vollständiger Pfad: C:\Users\chuec\OneDrive\GitHub\ga_suche\Steiner_GA\GA046-Nachgelassene Abhandlungen und Fragmente 1879-1924\assets\GA046-Nachgelassene Abhandlungen und Fragmente 1879-1924_img-28.png
[IMAGES-ASSETS] ✓ Bild gefunden, serviere: C:\Users\chuec\OneDrive\GitHub\ga_suche\Steiner_GA\GA046-Nachgelassene Abhandlungen und Fragmente 1879-1924\assets\GA046-Nachgelassene Abhandlungen und Fragmente 1879-1924_img-28.png
GET /api/full-lecture/GA061/16
GET /api/check-summary/GA061/16
[CHECK-SUMMARY] Prüfe zentrale DB für GA061/16
[SUMMARY-DB] Geladen: 4490 Einträge aus summary-database.json
[CHECK-SUMMARY] ✓ Zusammenfassung existiert für GA061/16 (Version: v2-unified)
GET /api/steiner-images/GA061%2F16
[IMAGES-API] Keine Bilder für GA061/16 gefunden
GET /api/full-lecture/GA177/13
GET /api/check-summary/GA177/13
[CHECK-SUMMARY] Prüfe zentrale DB für GA177/13
[SUMMARY-DB] Geladen: 4490 Einträge aus summary-database.json
[CHECK-SUMMARY] ✓ Zusammenfassung existiert für GA177/13 (Version: v2-unified)
GET /api/steiner-images/GA177%2F13
[IMAGES-API] Keine Bilder für GA177/13 gefunden
POST /api/fulltext-search
Volltext-Suche: Goetheanismus [Relevanz-Filter: mittel]
Volltext-Suche: 243 Absätze gefunden (Vorträge + Bücher)
[RELEVANCE-DEBUG] GA061/16 Absatz 27: Score=0.300, Vorkommen=1, Kontext-Absätze=5
[RELEVANCE-DEBUG] GA062/8 Absatz 5: Score=0.300, Vorkommen=1, Kontext-Absätze=5
[RELEVANCE-DEBUG] GA064/1 Absatz 95: Score=0.300, Vorkommen=1, Kontext-Absätze=5
[RELEVANCE-DEBUG] GA065/2 Absatz 92: Score=0.500, Vorkommen=2, Kontext-Absätze=5
[RELEVANCE-DEBUG] GA072/1 Absatz 58: Score=0.300, Vorkommen=1, Kontext-Absätze=5
[RELEVANCE-SCORING] 243 Treffer: hoch=78, mittel=54, niedrig=111
[RELEVANCE-THRESHOLDS] Schwellwerte relativ zur Gesamthäufigkeit: hoch≥0.539 (3+ Vorkommen), mittel≥0.379 (2+ Vorkommen)
[BACKEND-FILTER] 243 -> 54 Ergebnisse nach Filter "mittel"
  [Single] "goetheanismus"

Extrahierte 1 Suchbegriffe aus "Goetheanismus":
goetheanismus
POST /api/fulltext-search
Volltext-Suche: Goetheanismus [Relevanz-Filter: hoch]
Volltext-Suche: 243 Absätze gefunden (Vorträge + Bücher)
[RELEVANCE-DEBUG] GA061/16 Absatz 27: Score=0.300, Vorkommen=1, Kontext-Absätze=5
[RELEVANCE-DEBUG] GA062/8 Absatz 5: Score=0.300, Vorkommen=1, Kontext-Absätze=5
[RELEVANCE-DEBUG] GA064/1 Absatz 95: Score=0.300, Vorkommen=1, Kontext-Absätze=5
[RELEVANCE-DEBUG] GA065/2 Absatz 92: Score=0.500, Vorkommen=2, Kontext-Absätze=5
[RELEVANCE-DEBUG] GA072/1 Absatz 58: Score=0.300, Vorkommen=1, Kontext-Absätze=5
[RELEVANCE-SCORING] 243 Treffer: hoch=78, mittel=54, niedrig=111
[RELEVANCE-THRESHOLDS] Schwellwerte relativ zur Gesamthäufigkeit: hoch≥0.539 (3+ Vorkommen), mittel≥0.379 (2+ Vorkommen)
[BACKEND-FILTER] 243 -> 78 Ergebnisse nach Filter "hoch"
  [Single] "goetheanismus"

Extrahierte 1 Suchbegriffe aus "Goetheanismus":
goetheanismus
GET /api/full-lecture/GA177/12
GET /api/check-summary/GA177/12
[CHECK-SUMMARY] Prüfe zentrale DB für GA177/12
[SUMMARY-DB] Geladen: 4490 Einträge aus summary-database.json
[CHECK-SUMMARY] ✓ Zusammenfassung existiert für GA177/12 (Version: v2-unified)
GET /api/steiner-images/GA177%2F12
[IMAGES-ASSETS] Anfrage für Bild: page_134_img_1.png
[IMAGES-ASSETS] Vollständiger Request-Pfad: /assets/page_134_img_1.png
[IMAGES-ASSETS] Decodierter Pfad: page_134_img_1.png
[IMAGES-ASSETS] GA-Nummer nicht gefunden in: page_134_img_1.png
[IMAGES-ASSETS] Anfrage für Bild: page_139_img_1.png
[IMAGES-ASSETS] Vollständiger Request-Pfad: /assets/page_139_img_1.png
[IMAGES-ASSETS] Decodierter Pfad: page_139_img_1.png
[IMAGES-ASSETS] GA-Nummer nicht gefunden in: page_139_img_1.png
[IMAGES-API] Sende 2 Bilder für GA177/12 (aus steiner-images-part10.json)
POST /api/fulltext-search
Volltext-Suche: Ätherleib [Relevanz-Filter: hoch]
Volltext-Suche: 6451 Absätze gefunden (Vorträge + Bücher)
[RELEVANCE-DEBUG] GA053/2 Absatz 34: Score=0.000, Vorkommen=0, Kontext-Absätze=5
[RELEVANCE-DEBUG] GA053/2 Absatz 44: Score=0.000, Vorkommen=0, Kontext-Absätze=5
[RELEVANCE-DEBUG] GA054/5 Absatz 51: Score=0.000, Vorkommen=0, Kontext-Absätze=5
[RELEVANCE-DEBUG] GA054/5 Absatz 61: Score=0.000, Vorkommen=0, Kontext-Absätze=5
[RELEVANCE-DEBUG] GA054/5 Absatz 62: Score=0.000, Vorkommen=0, Kontext-Absätze=5
[RELEVANCE-SCORING] 6451 Treffer: hoch=0, mittel=11, niedrig=6440
[RELEVANCE-THRESHOLDS] Schwellwerte relativ zur Gesamthäufigkeit: hoch≥0.681 (3+ Vorkommen), mittel≥0.486 (2+ Vorkommen)
[BACKEND-FILTER] 6451 -> 0 Ergebnisse nach Filter "hoch"
POST /api/fulltext-search
Volltext-Suche: Ätherleib [Relevanz-Filter: hoch]
Volltext-Suche: 6451 Absätze gefunden (Vorträge + Bücher)
[RELEVANCE-DEBUG] GA053/2 Absatz 34: Score=0.000, Vorkommen=0, Kontext-Absätze=5
[RELEVANCE-DEBUG] GA053/2 Absatz 44: Score=0.000, Vorkommen=0, Kontext-Absätze=5
[RELEVANCE-DEBUG] GA054/5 Absatz 51: Score=0.000, Vorkommen=0, Kontext-Absätze=5
[RELEVANCE-DEBUG] GA054/5 Absatz 61: Score=0.000, Vorkommen=0, Kontext-Absätze=5
[RELEVANCE-DEBUG] GA054/5 Absatz 62: Score=0.000, Vorkommen=0, Kontext-Absätze=5
[RELEVANCE-SCORING] 6451 Treffer: hoch=0, mittel=11, niedrig=6440
[RELEVANCE-THRESHOLDS] Schwellwerte relativ zur Gesamthäufigkeit: hoch≥0.681 (3+ Vorkommen), mittel≥0.486 (2+ Vorkommen)
[BACKEND-FILTER] 6451 -> 0 Ergebnisse nach Filter "hoch"
GET /api/quotes
POST /api/fulltext-search
Volltext-Suche: Ätherleib [Relevanz-Filter: mittel]
Volltext-Suche: 6451 Absätze gefunden (Vorträge + Bücher)
[RELEVANCE-DEBUG] GA053/2 Absatz 34: Score=0.000, Vorkommen=0, Kontext-Absätze=5
[RELEVANCE-DEBUG] GA053/2 Absatz 44: Score=0.000, Vorkommen=0, Kontext-Absätze=5
[RELEVANCE-DEBUG] GA054/5 Absatz 51: Score=0.000, Vorkommen=0, Kontext-Absätze=5
[RELEVANCE-DEBUG] GA054/5 Absatz 61: Score=0.000, Vorkommen=0, Kontext-Absätze=5
[RELEVANCE-DEBUG] GA054/5 Absatz 62: Score=0.000, Vorkommen=0, Kontext-Absätze=5
[RELEVANCE-SCORING] 6451 Treffer: hoch=0, mittel=11, niedrig=6440
[RELEVANCE-THRESHOLDS] Schwellwerte relativ zur Gesamthäufigkeit: hoch≥0.681 (3+ Vorkommen), mittel≥0.486 (2+ Vorkommen)
[BACKEND-FILTER] 6451 -> 11 Ergebnisse nach Filter "mittel"
  [Single] "ätherleib"

Extrahierte 1 Suchbegriffe aus "Ätherleib":
ätherleib
POST /api/fulltext-search
Volltext-Suche: Ätherleib [Relevanz-Filter: niedrig]
Volltext-Suche: 6451 Absätze gefunden (Vorträge + Bücher)
[RELEVANCE-DEBUG] GA053/2 Absatz 34: Score=0.000, Vorkommen=0, Kontext-Absätze=5
[RELEVANCE-DEBUG] GA053/2 Absatz 44: Score=0.000, Vorkommen=0, Kontext-Absätze=5
[RELEVANCE-DEBUG] GA054/5 Absatz 51: Score=0.000, Vorkommen=0, Kontext-Absätze=5
[RELEVANCE-DEBUG] GA054/5 Absatz 61: Score=0.000, Vorkommen=0, Kontext-Absätze=5
[RELEVANCE-DEBUG] GA054/5 Absatz 62: Score=0.000, Vorkommen=0, Kontext-Absätze=5
[RELEVANCE-SCORING] 6451 Treffer: hoch=0, mittel=11, niedrig=6440
[RELEVANCE-THRESHOLDS] Schwellwerte relativ zur Gesamthäufigkeit: hoch≥0.681 (3+ Vorkommen), mittel≥0.486 (2+ Vorkommen)
[BACKEND-FILTER] 6451 -> 6440 Ergebnisse nach Filter "niedrig"
  [Single] "ätherleib"

Extrahierte 1 Suchbegriffe aus "Ätherleib":
ätherleib
GET /api/book/GA046
[BOOK] Anfrage für GA046
[BOOK] Schrift gefunden: Nachgelassene Abhandlungen und Fragmente (1879-1924)
[BOOK] ✓ Vortrags-Einträge gefunden - werden geschützt
[BOOK] ✓ Überschriften für GA046 gespeichert (4490 Einträge total, 4457 Vorträge geschützt)
GET /path
GET /$%7Bsrc%7D
GET /api/keywords/available-ga-volumes
[API/AVAILABLE-GA-VOLUMES] Request erhalten
[API/AVAILABLE-GA-VOLUMES] fullLectures: 4487 Vorträge
[API/AVAILABLE-GA-VOLUMES] fullBooks: 40 Bücher
[API/AVAILABLE-GA-VOLUMES] Sende 355 Volumes
GET /debug/status
GET /api/steiner-images
[DEBUG] Gefundene Books-Dateien: steiner-books-001-020-part01.json, steiner-books-021-046-part02.json

Gefundene Dateien:
  Search-Dateien: []
  Lecture-Dateien: ["steiner-full-lectures-051-354-part01.json","steiner-full-lectures-051-354-part02.json","steiner-full-lectures-051-354-part03.json","steiner-full-lectures-051-354-part04.json","steiner-full-lectures-051-354-part05.json","steiner-full-lectures-051-354-part06.json","steiner-full-lectures-051-354-part07.json","steiner-full-lectures-051-354-part08.json","steiner-full-lectures-051-354-part09.json","steiner-full-lectures-051-354-part10.json","steiner-full-lectures-051-354-part11.json","steiner-full-lectures-051-354-part12.json","steiner-full-lectures-051-354-part13.json","steiner-full-lectures-051-354-part14.json","steiner-full-lectures-051-354-part15.json","steiner-full-lectures-051-354-part16.json","steiner-full-lectures-051-354-part17.json"]
  Books-Dateien: ["steiner-books-001-020-part01.json","steiner-books-021-046-part02.json"]
GET /api/ga-list
[API/GA-LIST] Request erhalten
[API/GA-LIST] fullLectures: 4487 Vorträge
[API/GA-LIST] fullBooks: 40 Bücher
[API/GA-LIST] Sende 355 GA-Bände
GET /api/list-files
GET /api/keywords/available-ga-volumes
[API/AVAILABLE-GA-VOLUMES] Request erhalten
[API/AVAILABLE-GA-VOLUMES] fullLectures: 4487 Vorträge
[API/AVAILABLE-GA-VOLUMES] fullBooks: 40 Bücher
[API/AVAILABLE-GA-VOLUMES] Sende 355 Volumes
GET /api/ga-list
[API/GA-LIST] Request erhalten
[API/GA-LIST] fullLectures: 4487 Vorträge
[API/GA-LIST] fullBooks: 40 Bücher
[API/GA-LIST] Sende 355 GA-Bände
GET /api/available-years
[INFO] Verfügbare Jahre: 26 Jahre von 1888 bis 1924
GET /api/keywords/available-ga-volumes
[API/AVAILABLE-GA-VOLUMES] Request erhalten
[API/AVAILABLE-GA-VOLUMES] fullLectures: 4487 Vorträge
[API/AVAILABLE-GA-VOLUMES] fullBooks: 40 Bücher
[API/AVAILABLE-GA-VOLUMES] Sende 355 Volumes
GET /api/available-years
[INFO] Verfügbare Jahre: 26 Jahre von 1888 bis 1924
[SUMMARY-DB] Geladen: 4490 Einträge aus summary-database.json
[IMAGES-API] Sende Liste von 1057 Vorträgen (ohne Bilder)
GET /api/quotes

✓ Server läuft auf http://localhost:3003

Verfügbare Endpoints:
   GET  /debug/status
   POST /api/hybrid-search
   POST /api/fulltext-search
   POST /api/thematic-hybrid-search
   POST /api/concept-overview
   POST /api/summarize-lecture
   GET  /api/check-summary/:gaNumber/:lectureNum
   GET  /api/full-lecture/:lectureId
   GET  /api/full-lecture/:gaNumber/:lectureNum
   GET  /api/lectures/list
   GET  /api/available-ga
   GET  /api/ga-overview/:gaNumber
   GET  /api/book/:gaNumber
   GET  /ga-overview-map.json
   POST /api/admin/generate-synonyms
   GET  /api/admin/synonym-stats
   POST /api/save-summary
   POST /api/keywords-generate
   POST /api/keyword-thematic-search
   POST /api/concepts-save
   POST /api/concepts-add
   POST /api/concepts-delete
   GET  /api/concepts-files
   GET  /api/concepts-list
   POST /api/save-marked-word
   GET  /summary-database.json
   POST /api/generate-summary-keywords-batch
   POST /api/generate-summary-keywords-for-lectures
   GET  /summary-keywords-database.json
   GET  /thematic-search-database.json
   POST /api/generate-keywords
   GET  /api/keywords-database
   GET  /api/keywords-stats
   POST /api/generate-themes
   GET  /api/themes-database
   GET  /api/timeline-data

✓ System bereit!

POST /api/fulltext-search
Volltext-Suche: Ätherleib [Relevanz-Filter: ohne]
Volltext-Suche: 6451 Absätze gefunden (Vorträge + Bücher)
[RELEVANCE-DEBUG] GA053/2 Absatz 34: Score=0.000, Vorkommen=0, Kontext-Absätze=5, HitEnthältQuery=true, KontextEnthältQuery=true, Query="ätherleib"
[RELEVANCE-DEBUG-CONTEXT] Hit-Preview: "Und dasjenige, was im Tierkörper ebenso hinausragt über das bloße Wachsen und Fortpflanzen, dasjenig..."
[RELEVANCE-DEBUG-CONTEXT] Kontext-Preview: "Die Ausführung dieser Anleitung muss natürlich mit der allergrößten Vorsicht geschehen, denn es sind allerlei Illusionen auf diesem Gebiete möglich. Allein, wer wirklich weiß, mit welcher Vorsicht, mi..."
[RELEVANCE-DEBUG] GA053/2 Absatz 44: Score=0.000, Vorkommen=0, Kontext-Absätze=5, HitEnthältQuery=true, KontextEnthältQuery=true, Query="ätherleib"
[RELEVANCE-DEBUG-CONTEXT] Hit-Preview: "Damit haben wir die drei Glieder des menschlichen physischen Körpers und die drei Glieder der mensch..."
[RELEVANCE-DEBUG-CONTEXT] Kontext-Preview: "Wer durch die Anschauung Kenntnis davon haben will, muss lernen, sie zu sehen. Die Aura ist dreigliedrig. Die drei Glieder stecken ineinander wie drei ovale Nebelgebilde, die die menschliche Gestalt u..."
[RELEVANCE-DEBUG] GA054/5 Absatz 51: Score=0.000, Vorkommen=0, Kontext-Absätze=5, HitEnthältQuery=true, KontextEnthältQuery=true, Query="ätherleib"
[RELEVANCE-DEBUG-CONTEXT] Hit-Preview: "Im Sinne dieser Geisteswissenschaft sprechen wir deshalb von einem zweiten Glied der menschlichen We..."
[RELEVANCE-DEBUG-CONTEXT] Kontext-Preview: "Alle Rederei von der Grenze der menschlichen Erkenntnis ist Unsinn. Man sollte reden und fragen: Kann sich der Mensch nicht zu einer höheren Erkenntnisstufe erheben? Ist das nicht vielleicht wirklich,..."
[RELEVANCE-DEBUG] GA054/5 Absatz 61: Score=0.000, Vorkommen=0, Kontext-Absätze=5, HitEnthältQuery=true, KontextEnthältQuery=true, Query="ätherleib"
[RELEVANCE-DEBUG-CONTEXT] Hit-Preview: "Nun gibt es Dinge, die tiefer in die menschliche Natur hineingehen, wo das Ich weiter hineinarbeitet..."
[RELEVANCE-DEBUG-CONTEXT] Kontext-Preview: "Machen Sie sich den Unterschied zwischen den Menschen von diesem Standpunkte aus klar. Vergleichen Sie einen Wilden mit einem europäischen Durchschnittsmenschen, mit einem edlen Idealisten, etwa Schil..."
[RELEVANCE-DEBUG] GA054/5 Absatz 62: Score=0.000, Vorkommen=0, Kontext-Absätze=5, HitEnthältQuery=true, KontextEnthältQuery=true, Query="ätherleib"
[RELEVANCE-DEBUG-CONTEXT] Hit-Preview: "Ebenso wenn das Ich aufgeht in Betrachtung eines Kunstwerkes und eine Ahnung erhält, dass hinter dem..."
[RELEVANCE-DEBUG-CONTEXT] Kontext-Preview: "Noch mehr hat ihn umgestaltet eine solche Persönlichkeit wie Schiller, noch mehr eine solche Persönlichkeit, die in gar keiner Beziehung zu den Leidenschaften steht wie Franz von Assisi, die ganz und ..."
[RELEVANCE-DEBUG] GA054/5 Absatz 63: Score=0.000, Vorkommen=0, Kontext-Absätze=5, HitEnthältQuery=true, KontextEnthältQuery=true, Query="ätherleib"
[RELEVANCE-DEBUG-CONTEXT] Hit-Preview: "Nun ist auch der Ätherleib der Träger von alledem, was mehr oder weniger bleibend ist in der menschl..."
[RELEVANCE-DEBUG-CONTEXT] Kontext-Preview: "Nun gibt es Dinge, die tiefer in die menschliche Natur hineingehen, wo das Ich weiter hineinarbeitet als bloß in den Astralleib. Solange Sie mit bloßen moralischen oder Rechtsgrundsätzen, mit logische..."
[RELEVANCE-DEBUG] GA054/5 Absatz 64: Score=0.000, Vorkommen=0, Kontext-Absätze=5, HitEnthältQuery=true, KontextEnthältQuery=true, Query="ätherleib"
[RELEVANCE-DEBUG-CONTEXT] Hit-Preview: "Aber nun denken Sie nach, wie wenig sich bei den meisten Menschen das ändert, was man Gewohnheiten, ..."
[RELEVANCE-DEBUG-CONTEXT] Kontext-Preview: "Ebenso wenn das Ich aufgeht in Betrachtung eines Kunstwerkes und eine Ahnung erhält, dass hinter dem sinnlichen Dasein ein Ewiges, Verborgenes verkörpert sein kann, dann wirkt die künstlerische Vorste..."
[RELEVANCE-DEBUG] GA054/5 Absatz 65: Score=0.000, Vorkommen=0, Kontext-Absätze=5, HitEnthältQuery=true, KontextEnthältQuery=true, Query="ätherleib"
[RELEVANCE-DEBUG-CONTEXT] Hit-Preview: "Nun gibt es eine noch höhere Entwickelung, die der Chela durchmacht. Die beruht darauf, dass man ein..."
[RELEVANCE-DEBUG-CONTEXT] Kontext-Preview: "Nun ist auch der Ätherleib der Träger von alledem, was mehr oder weniger bleibend ist in der menschlichen Natur. Man hat sich klarzumachen, was für ein Unterschied ist zwischen Entwickelung des Ätherl..."
[RELEVANCE-DEBUG] GA054/5 Absatz 68: Score=0.000, Vorkommen=0, Kontext-Absätze=5, HitEnthältQuery=true, KontextEnthältQuery=true, Query="ätherleib"
[RELEVANCE-DEBUG-CONTEXT] Hit-Preview: "So haben wir sieben Glieder der menschlichen Wesenheit, ebenso wie der Regenbogen sieben Farben und ..."
[RELEVANCE-DEBUG-CONTEXT] Kontext-Preview: "Das Schwierigste für den Menschen ist, dass er bis in seinen physischen Leib hineinarbeiten lernt. Auch darüber, wie das Blut sich bewegt, kann man Herr werden; man kann Einfluss bekommen auf die Nerv..."
[RELEVANCE-DEBUG] GA054/5 Absatz 69: Score=0.000, Vorkommen=0, Kontext-Absätze=5, HitEnthältQuery=true, KontextEnthältQuery=true, Query="ätherleib"
[RELEVANCE-DEBUG-CONTEXT] Hit-Preview: "Nun müssen wir in bezug auf unsere heutige Frage dieses Wesen, diese Natur des Menschen näher anscha..."
[RELEVANCE-DEBUG-CONTEXT] Kontext-Preview: "Wenn der Mensch in seinen physischen Leib hineinarbeiten kann und damit in Verbindung mit dem Kosmos treten lernt, dann entwickelt er sein Atman. Dies ist das höchste Glied der menschlichen Wesenheit,..."
[RELEVANCE-SCORING] 6451 Treffer: hoch=4, mittel=7, niedrig=6440
[RELEVANCE-THRESHOLDS] Schwellwerte relativ zur Gesamthäufigkeit: hoch≥0.586 (3+ Vorkommen), mittel≥0.390 (2+ Vorkommen)
  [Single] "ätherleib"

Extrahierte 1 Suchbegriffe aus "Ätherleib":
ätherleib
GET /api/book/GA046
[BOOK] Anfrage für GA046
[BOOK] Schrift gefunden: Nachgelassene Abhandlungen und Fragmente (1879-1924)
[BOOK] ✓ Vortrags-Einträge gefunden - werden geschützt
[BOOK] ✓ Überschriften für GA046 gespeichert (4490 Einträge total, 4457 Vorträge geschützt)
[IMAGES-ASSETS] Anfrage für Bild: GA046-Nachgelassene%20Abhandlungen%20und%20Fragmente%201879-1924_img-0.png
[IMAGES-ASSETS] Vollständiger Request-Pfad: /assets/GA046-Nachgelassene%20Abhandlungen%20und%20Fragmente%201879-1924_img-0.png
[IMAGES-ASSETS] Decodierter Pfad: GA046-Nachgelassene Abhandlungen und Fragmente 1879-1924_img-0.png
[IMAGES-ASSETS] Gefundene GA-Nummer: GA046
[IMAGES-ASSETS] Suche in: C:\Users\chuec\OneDrive\GitHub\ga_suche\Steiner_GA
[IMAGES-ASSETS] Gefundener GA-Ordner: GA046-Nachgelassene Abhandlungen und Fragmente 1879-1924
[IMAGES-ASSETS] Vollständiger Pfad: C:\Users\chuec\OneDrive\GitHub\ga_suche\Steiner_GA\GA046-Nachgelassene Abhandlungen und Fragmente 1879-1924\assets\GA046-Nachgelassene Abhandlungen und Fragmente 1879-1924_img-0.png
[IMAGES-ASSETS] ✓ Bild gefunden, serviere: C:\Users\chuec\OneDrive\GitHub\ga_suche\Steiner_GA\GA046-Nachgelassene Abhandlungen und Fragmente 1879-1924\assets\GA046-Nachgelassene Abhandlungen und Fragmente 1879-1924_img-0.png
[IMAGES-ASSETS] Anfrage für Bild: GA046-Nachgelassene%20Abhandlungen%20und%20Fragmente%201879-1924_img-1.png
[IMAGES-ASSETS] Vollständiger Request-Pfad: /assets/GA046-Nachgelassene%20Abhandlungen%20und%20Fragmente%201879-1924_img-1.png
[IMAGES-ASSETS] Decodierter Pfad: GA046-Nachgelassene Abhandlungen und Fragmente 1879-1924_img-1.png
[IMAGES-ASSETS] Gefundene GA-Nummer: GA046
[IMAGES-ASSETS] Suche in: C:\Users\chuec\OneDrive\GitHub\ga_suche\Steiner_GA
[IMAGES-ASSETS] Anfrage für Bild: GA046-Nachgelassene%20Abhandlungen%20und%20Fragmente%201879-1924_img-2.png
[IMAGES-ASSETS] Vollständiger Request-Pfad: /assets/GA046-Nachgelassene%20Abhandlungen%20und%20Fragmente%201879-1924_img-2.png
[IMAGES-ASSETS] Decodierter Pfad: GA046-Nachgelassene Abhandlungen und Fragmente 1879-1924_img-2.png
[IMAGES-ASSETS] Gefundene GA-Nummer: GA046
[IMAGES-ASSETS] Suche in: C:\Users\chuec\OneDrive\GitHub\ga_suche\Steiner_GA
[IMAGES-ASSETS] Anfrage für Bild: GA046-Nachgelassene%20Abhandlungen%20und%20Fragmente%201879-1924_img-3.png
[IMAGES-ASSETS] Vollständiger Request-Pfad: /assets/GA046-Nachgelassene%20Abhandlungen%20und%20Fragmente%201879-1924_img-3.png
[IMAGES-ASSETS] Decodierter Pfad: GA046-Nachgelassene Abhandlungen und Fragmente 1879-1924_img-3.png
[IMAGES-ASSETS] Gefundene GA-Nummer: GA046
[IMAGES-ASSETS] Suche in: C:\Users\chuec\OneDrive\GitHub\ga_suche\Steiner_GA
[IMAGES-ASSETS] Anfrage für Bild: GA046-Nachgelassene%20Abhandlungen%20und%20Fragmente%201879-1924_img-4.png
[IMAGES-ASSETS] Vollständiger Request-Pfad: /assets/GA046-Nachgelassene%20Abhandlungen%20und%20Fragmente%201879-1924_img-4.png
[IMAGES-ASSETS] Decodierter Pfad: GA046-Nachgelassene Abhandlungen und Fragmente 1879-1924_img-4.png
[IMAGES-ASSETS] Gefundene GA-Nummer: GA046
[IMAGES-ASSETS] Suche in: C:\Users\chuec\OneDrive\GitHub\ga_suche\Steiner_GA
[IMAGES-ASSETS] Anfrage für Bild: GA046-Nachgelassene%20Abhandlungen%20und%20Fragmente%201879-1924_img-5.png
[IMAGES-ASSETS] Vollständiger Request-Pfad: /assets/GA046-Nachgelassene%20Abhandlungen%20und%20Fragmente%201879-1924_img-5.png
[IMAGES-ASSETS] Decodierter Pfad: GA046-Nachgelassene Abhandlungen und Fragmente 1879-1924_img-5.png
[IMAGES-ASSETS] Gefundene GA-Nummer: GA046
[IMAGES-ASSETS] Suche in: C:\Users\chuec\OneDrive\GitHub\ga_suche\Steiner_GA
[IMAGES-ASSETS] Gefundener GA-Ordner: GA046-Nachgelassene Abhandlungen und Fragmente 1879-1924
[IMAGES-ASSETS] Vollständiger Pfad: C:\Users\chuec\OneDrive\GitHub\ga_suche\Steiner_GA\GA046-Nachgelassene Abhandlungen und Fragmente 1879-1924\assets\GA046-Nachgelassene Abhandlungen und Fragmente 1879-1924_img-1.png
[IMAGES-ASSETS] ✓ Bild gefunden, serviere: C:\Users\chuec\OneDrive\GitHub\ga_suche\Steiner_GA\GA046-Nachgelassene Abhandlungen und Fragmente 1879-1924\assets\GA046-Nachgelassene Abhandlungen und Fragmente 1879-1924_img-1.png
[IMAGES-ASSETS] Gefundener GA-Ordner: GA046-Nachgelassene Abhandlungen und Fragmente 1879-1924
[IMAGES-ASSETS] Vollständiger Pfad: C:\Users\chuec\OneDrive\GitHub\ga_suche\Steiner_GA\GA046-Nachgelassene Abhandlungen und Fragmente 1879-1924\assets\GA046-Nachgelassene Abhandlungen und Fragmente 1879-1924_img-2.png
[IMAGES-ASSETS] ✓ Bild gefunden, serviere: C:\Users\chuec\OneDrive\GitHub\ga_suche\Steiner_GA\GA046-Nachgelassene Abhandlungen und Fragmente 1879-1924\assets\GA046-Nachgelassene Abhandlungen und Fragmente 1879-1924_img-2.png
[IMAGES-ASSETS] Gefundener GA-Ordner: GA046-Nachgelassene Abhandlungen und Fragmente 1879-1924
[IMAGES-ASSETS] Vollständiger Pfad: C:\Users\chuec\OneDrive\GitHub\ga_suche\Steiner_GA\GA046-Nachgelassene Abhandlungen und Fragmente 1879-1924\assets\GA046-Nachgelassene Abhandlungen und Fragmente 1879-1924_img-3.png
[IMAGES-ASSETS] ✓ Bild gefunden, serviere: C:\Users\chuec\OneDrive\GitHub\ga_suche\Steiner_GA\GA046-Nachgelassene Abhandlungen und Fragmente 1879-1924\assets\GA046-Nachgelassene Abhandlungen und Fragmente 1879-1924_img-3.png
[IMAGES-ASSETS] Gefundener GA-Ordner: GA046-Nachgelassene Abhandlungen und Fragmente 1879-1924
[IMAGES-ASSETS] Vollständiger Pfad: C:\Users\chuec\OneDrive\GitHub\ga_suche\Steiner_GA\GA046-Nachgelassene Abhandlungen und Fragmente 1879-1924\assets\GA046-Nachgelassene Abhandlungen und Fragmente 1879-1924_img-4.png
[IMAGES-ASSETS] ✓ Bild gefunden, serviere: C:\Users\chuec\OneDrive\GitHub\ga_suche\Steiner_GA\GA046-Nachgelassene Abhandlungen und Fragmente 1879-1924\assets\GA046-Nachgelassene Abhandlungen und Fragmente 1879-1924_img-4.png
[IMAGES-ASSETS] Gefundener GA-Ordner: GA046-Nachgelassene Abhandlungen und Fragmente 1879-1924
[IMAGES-ASSETS] Vollständiger Pfad: C:\Users\chuec\OneDrive\GitHub\ga_suche\Steiner_GA\GA046-Nachgelassene Abhandlungen und Fragmente 1879-1924\assets\GA046-Nachgelassene Abhandlungen und Fragmente 1879-1924_img-5.png
[IMAGES-ASSETS] ✓ Bild gefunden, serviere: C:\Users\chuec\OneDrive\GitHub\ga_suche\Steiner_GA\GA046-Nachgelassene Abhandlungen und Fragmente 1879-1924\assets\GA046-Nachgelassene Abhandlungen und Fragmente 1879-1924_img-5.png
[IMAGES-ASSETS] Anfrage für Bild: GA046-Nachgelassene%20Abhandlungen%20und%20Fragmente%201879-1924_img-6.png
[IMAGES-ASSETS] Vollständiger Request-Pfad: /assets/GA046-Nachgelassene%20Abhandlungen%20und%20Fragmente%201879-1924_img-6.png
[IMAGES-ASSETS] Decodierter Pfad: GA046-Nachgelassene Abhandlungen und Fragmente 1879-1924_img-6.png
[IMAGES-ASSETS] Gefundene GA-Nummer: GA046
[IMAGES-ASSETS] Suche in: C:\Users\chuec\OneDrive\GitHub\ga_suche\Steiner_GA
[IMAGES-ASSETS] Gefundener GA-Ordner: GA046-Nachgelassene Abhandlungen und Fragmente 1879-1924
[IMAGES-ASSETS] Vollständiger Pfad: C:\Users\chuec\OneDrive\GitHub\ga_suche\Steiner_GA\GA046-Nachgelassene Abhandlungen und Fragmente 1879-1924\assets\GA046-Nachgelassene Abhandlungen und Fragmente 1879-1924_img-6.png
[IMAGES-ASSETS] ✓ Bild gefunden, serviere: C:\Users\chuec\OneDrive\GitHub\ga_suche\Steiner_GA\GA046-Nachgelassene Abhandlungen und Fragmente 1879-1924\assets\GA046-Nachgelassene Abhandlungen und Fragmente 1879-1924_img-6.png
[IMAGES-ASSETS] Anfrage für Bild: GA046-Nachgelassene%20Abhandlungen%20und%20Fragmente%201879-1924_img-7.png
[IMAGES-ASSETS] Vollständiger Request-Pfad: /assets/GA046-Nachgelassene%20Abhandlungen%20und%20Fragmente%201879-1924_img-7.png
[IMAGES-ASSETS] Decodierter Pfad: GA046-Nachgelassene Abhandlungen und Fragmente 1879-1924_img-7.png
[IMAGES-ASSETS] Gefundene GA-Nummer: GA046
[IMAGES-ASSETS] Suche in: C:\Users\chuec\OneDrive\GitHub\ga_suche\Steiner_GA
[IMAGES-ASSETS] Anfrage für Bild: GA046-Nachgelassene%20Abhandlungen%20und%20Fragmente%201879-1924_img-8.png
[IMAGES-ASSETS] Vollständiger Request-Pfad: /assets/GA046-Nachgelassene%20Abhandlungen%20und%20Fragmente%201879-1924_img-8.png
[IMAGES-ASSETS] Decodierter Pfad: GA046-Nachgelassene Abhandlungen und Fragmente 1879-1924_img-8.png
[IMAGES-ASSETS] Gefundene GA-Nummer: GA046
[IMAGES-ASSETS] Suche in: C:\Users\chuec\OneDrive\GitHub\ga_suche\Steiner_GA
[IMAGES-ASSETS] Gefundener GA-Ordner: GA046-Nachgelassene Abhandlungen und Fragmente 1879-1924
[IMAGES-ASSETS] Vollständiger Pfad: C:\Users\chuec\OneDrive\GitHub\ga_suche\Steiner_GA\GA046-Nachgelassene Abhandlungen und Fragmente 1879-1924\assets\GA046-Nachgelassene Abhandlungen und Fragmente 1879-1924_img-7.png
[IMAGES-ASSETS] ✓ Bild gefunden, serviere: C:\Users\chuec\OneDrive\GitHub\ga_suche\Steiner_GA\GA046-Nachgelassene Abhandlungen und Fragmente 1879-1924\assets\GA046-Nachgelassene Abhandlungen und Fragmente 1879-1924_img-7.png
[IMAGES-ASSETS] Anfrage für Bild: GA046-Nachgelassene%20Abhandlungen%20und%20Fragmente%201879-1924_img-9.png
[IMAGES-ASSETS] Vollständiger Request-Pfad: /assets/GA046-Nachgelassene%20Abhandlungen%20und%20Fragmente%201879-1924_img-9.png
[IMAGES-ASSETS] Decodierter Pfad: GA046-Nachgelassene Abhandlungen und Fragmente 1879-1924_img-9.png
[IMAGES-ASSETS] Gefundene GA-Nummer: GA046
[IMAGES-ASSETS] Suche in: C:\Users\chuec\OneDrive\GitHub\ga_suche\Steiner_GA
[IMAGES-ASSETS] Anfrage für Bild: GA046-Nachgelassene%20Abhandlungen%20und%20Fragmente%201879-1924_img-10.png
[IMAGES-ASSETS] Vollständiger Request-Pfad: /assets/GA046-Nachgelassene%20Abhandlungen%20und%20Fragmente%201879-1924_img-10.png
[IMAGES-ASSETS] Decodierter Pfad: GA046-Nachgelassene Abhandlungen und Fragmente 1879-1924_img-10.png
[IMAGES-ASSETS] Gefundene GA-Nummer: GA046
[IMAGES-ASSETS] Suche in: C:\Users\chuec\OneDrive\GitHub\ga_suche\Steiner_GA
[IMAGES-ASSETS] Gefundener GA-Ordner: GA046-Nachgelassene Abhandlungen und Fragmente 1879-1924
[IMAGES-ASSETS] Vollständiger Pfad: C:\Users\chuec\OneDrive\GitHub\ga_suche\Steiner_GA\GA046-Nachgelassene Abhandlungen und Fragmente 1879-1924\assets\GA046-Nachgelassene Abhandlungen und Fragmente 1879-1924_img-8.png
[IMAGES-ASSETS] ✓ Bild gefunden, serviere: C:\Users\chuec\OneDrive\GitHub\ga_suche\Steiner_GA\GA046-Nachgelassene Abhandlungen und Fragmente 1879-1924\assets\GA046-Nachgelassene Abhandlungen und Fragmente 1879-1924_img-8.png
[IMAGES-ASSETS] Gefundener GA-Ordner: GA046-Nachgelassene Abhandlungen und Fragmente 1879-1924
[IMAGES-ASSETS] Vollständiger Pfad: C:\Users\chuec\OneDrive\GitHub\ga_suche\Steiner_GA\GA046-Nachgelassene Abhandlungen und Fragmente 1879-1924\assets\GA046-Nachgelassene Abhandlungen und Fragmente 1879-1924_img-9.png
[IMAGES-ASSETS] ✓ Bild gefunden, serviere: C:\Users\chuec\OneDrive\GitHub\ga_suche\Steiner_GA\GA046-Nachgelassene Abhandlungen und Fragmente 1879-1924\assets\GA046-Nachgelassene Abhandlungen und Fragmente 1879-1924_img-9.png
[IMAGES-ASSETS] Anfrage für Bild: GA046-Nachgelassene%20Abhandlungen%20und%20Fragmente%201879-1924_img-11.png
[IMAGES-ASSETS] Vollständiger Request-Pfad: /assets/GA046-Nachgelassene%20Abhandlungen%20und%20Fragmente%201879-1924_img-11.png
[IMAGES-ASSETS] Decodierter Pfad: GA046-Nachgelassene Abhandlungen und Fragmente 1879-1924_img-11.png
[IMAGES-ASSETS] Gefundene GA-Nummer: GA046
[IMAGES-ASSETS] Suche in: C:\Users\chuec\OneDrive\GitHub\ga_suche\Steiner_GA
[IMAGES-ASSETS] Gefundener GA-Ordner: GA046-Nachgelassene Abhandlungen und Fragmente 1879-1924
[IMAGES-ASSETS] Vollständiger Pfad: C:\Users\chuec\OneDrive\GitHub\ga_suche\Steiner_GA\GA046-Nachgelassene Abhandlungen und Fragmente 1879-1924\assets\GA046-Nachgelassene Abhandlungen und Fragmente 1879-1924_img-10.png
[IMAGES-ASSETS] ✓ Bild gefunden, serviere: C:\Users\chuec\OneDrive\GitHub\ga_suche\Steiner_GA\GA046-Nachgelassene Abhandlungen und Fragmente 1879-1924\assets\GA046-Nachgelassene Abhandlungen und Fragmente 1879-1924_img-10.png
[IMAGES-ASSETS] Gefundener GA-Ordner: GA046-Nachgelassene Abhandlungen und Fragmente 1879-1924
[IMAGES-ASSETS] Vollständiger Pfad: C:\Users\chuec\OneDrive\GitHub\ga_suche\Steiner_GA\GA046-Nachgelassene Abhandlungen und Fragmente 1879-1924\assets\GA046-Nachgelassene Abhandlungen und Fragmente 1879-1924_img-11.png
[IMAGES-ASSETS] ✓ Bild gefunden, serviere: C:\Users\chuec\OneDrive\GitHub\ga_suche\Steiner_GA\GA046-Nachgelassene Abhandlungen und Fragmente 1879-1924\assets\GA046-Nachgelassene Abhandlungen und Fragmente 1879-1924_img-11.png
[IMAGES-ASSETS] Anfrage für Bild: GA046-Nachgelassene%20Abhandlungen%20und%20Fragmente%201879-1924_img-12.png
[IMAGES-ASSETS] Vollständiger Request-Pfad: /assets/GA046-Nachgelassene%20Abhandlungen%20und%20Fragmente%201879-1924_img-12.png
[IMAGES-ASSETS] Decodierter Pfad: GA046-Nachgelassene Abhandlungen und Fragmente 1879-1924_img-12.png
[IMAGES-ASSETS] Gefundene GA-Nummer: GA046
[IMAGES-ASSETS] Suche in: C:\Users\chuec\OneDrive\GitHub\ga_suche\Steiner_GA
[IMAGES-ASSETS] Gefundener GA-Ordner: GA046-Nachgelassene Abhandlungen und Fragmente 1879-1924
[IMAGES-ASSETS] Vollständiger Pfad: C:\Users\chuec\OneDrive\GitHub\ga_suche\Steiner_GA\GA046-Nachgelassene Abhandlungen und Fragmente 1879-1924\assets\GA046-Nachgelassene Abhandlungen und Fragmente 1879-1924_img-12.png
[IMAGES-ASSETS] ✓ Bild gefunden, serviere: C:\Users\chuec\OneDrive\GitHub\ga_suche\Steiner_GA\GA046-Nachgelassene Abhandlungen und Fragmente 1879-1924\assets\GA046-Nachgelassene Abhandlungen und Fragmente 1879-1924_img-12.png
[IMAGES-ASSETS] Anfrage für Bild: GA046-Nachgelassene%20Abhandlungen%20und%20Fragmente%201879-1924_img-13.png
[IMAGES-ASSETS] Vollständiger Request-Pfad: /assets/GA046-Nachgelassene%20Abhandlungen%20und%20Fragmente%201879-1924_img-13.png
[IMAGES-ASSETS] Decodierter Pfad: GA046-Nachgelassene Abhandlungen und Fragmente 1879-1924_img-13.png
[IMAGES-ASSETS] Gefundene GA-Nummer: GA046
[IMAGES-ASSETS] Suche in: C:\Users\chuec\OneDrive\GitHub\ga_suche\Steiner_GA
[IMAGES-ASSETS] Anfrage für Bild: GA046-Nachgelassene%20Abhandlungen%20und%20Fragmente%201879-1924_img-14.png
[IMAGES-ASSETS] Vollständiger Request-Pfad: /assets/GA046-Nachgelassene%20Abhandlungen%20und%20Fragmente%201879-1924_img-14.png
[IMAGES-ASSETS] Decodierter Pfad: GA046-Nachgelassene Abhandlungen und Fragmente 1879-1924_img-14.png
[IMAGES-ASSETS] Gefundene GA-Nummer: GA046
[IMAGES-ASSETS] Suche in: C:\Users\chuec\OneDrive\GitHub\ga_suche\Steiner_GA
[IMAGES-ASSETS] Anfrage für Bild: GA046-Nachgelassene%20Abhandlungen%20und%20Fragmente%201879-1924_img-15.png
[IMAGES-ASSETS] Vollständiger Request-Pfad: /assets/GA046-Nachgelassene%20Abhandlungen%20und%20Fragmente%201879-1924_img-15.png
[IMAGES-ASSETS] Decodierter Pfad: GA046-Nachgelassene Abhandlungen und Fragmente 1879-1924_img-15.png
[IMAGES-ASSETS] Gefundene GA-Nummer: GA046
[IMAGES-ASSETS] Suche in: C:\Users\chuec\OneDrive\GitHub\ga_suche\Steiner_GA
[IMAGES-ASSETS] Gefundener GA-Ordner: GA046-Nachgelassene Abhandlungen und Fragmente 1879-1924
[IMAGES-ASSETS] Vollständiger Pfad: C:\Users\chuec\OneDrive\GitHub\ga_suche\Steiner_GA\GA046-Nachgelassene Abhandlungen und Fragmente 1879-1924\assets\GA046-Nachgelassene Abhandlungen und Fragmente 1879-1924_img-13.png
[IMAGES-ASSETS] ✓ Bild gefunden, serviere: C:\Users\chuec\OneDrive\GitHub\ga_suche\Steiner_GA\GA046-Nachgelassene Abhandlungen und Fragmente 1879-1924\assets\GA046-Nachgelassene Abhandlungen und Fragmente 1879-1924_img-13.png
[IMAGES-ASSETS] Gefundener GA-Ordner: GA046-Nachgelassene Abhandlungen und Fragmente 1879-1924
[IMAGES-ASSETS] Vollständiger Pfad: C:\Users\chuec\OneDrive\GitHub\ga_suche\Steiner_GA\GA046-Nachgelassene Abhandlungen und Fragmente 1879-1924\assets\GA046-Nachgelassene Abhandlungen und Fragmente 1879-1924_img-14.png
[IMAGES-ASSETS] ✓ Bild gefunden, serviere: C:\Users\chuec\OneDrive\GitHub\ga_suche\Steiner_GA\GA046-Nachgelassene Abhandlungen und Fragmente 1879-1924\assets\GA046-Nachgelassene Abhandlungen und Fragmente 1879-1924_img-14.png
[IMAGES-ASSETS] Anfrage für Bild: GA046-Nachgelassene%20Abhandlungen%20und%20Fragmente%201879-1924_img-16.png
[IMAGES-ASSETS] Vollständiger Request-Pfad: /assets/GA046-Nachgelassene%20Abhandlungen%20und%20Fragmente%201879-1924_img-16.png
[IMAGES-ASSETS] Decodierter Pfad: GA046-Nachgelassene Abhandlungen und Fragmente 1879-1924_img-16.png
[IMAGES-ASSETS] Gefundene GA-Nummer: GA046
[IMAGES-ASSETS] Suche in: C:\Users\chuec\OneDrive\GitHub\ga_suche\Steiner_GA
[IMAGES-ASSETS] Gefundener GA-Ordner: GA046-Nachgelassene Abhandlungen und Fragmente 1879-1924
[IMAGES-ASSETS] Vollständiger Pfad: C:\Users\chuec\OneDrive\GitHub\ga_suche\Steiner_GA\GA046-Nachgelassene Abhandlungen und Fragmente 1879-1924\assets\GA046-Nachgelassene Abhandlungen und Fragmente 1879-1924_img-15.png
[IMAGES-ASSETS] ✓ Bild gefunden, serviere: C:\Users\chuec\OneDrive\GitHub\ga_suche\Steiner_GA\GA046-Nachgelassene Abhandlungen und Fragmente 1879-1924\assets\GA046-Nachgelassene Abhandlungen und Fragmente 1879-1924_img-15.png
[IMAGES-ASSETS] Anfrage für Bild: GA046-Nachgelassene%20Abhandlungen%20und%20Fragmente%201879-1924_img-17.png
[IMAGES-ASSETS] Vollständiger Request-Pfad: /assets/GA046-Nachgelassene%20Abhandlungen%20und%20Fragmente%201879-1924_img-17.png
[IMAGES-ASSETS] Decodierter Pfad: GA046-Nachgelassene Abhandlungen und Fragmente 1879-1924_img-17.png
[IMAGES-ASSETS] Gefundene GA-Nummer: GA046
[IMAGES-ASSETS] Suche in: C:\Users\chuec\OneDrive\GitHub\ga_suche\Steiner_GA
[IMAGES-ASSETS] Gefundener GA-Ordner: GA046-Nachgelassene Abhandlungen und Fragmente 1879-1924
[IMAGES-ASSETS] Vollständiger Pfad: C:\Users\chuec\OneDrive\GitHub\ga_suche\Steiner_GA\GA046-Nachgelassene Abhandlungen und Fragmente 1879-1924\assets\GA046-Nachgelassene Abhandlungen und Fragmente 1879-1924_img-16.png
[IMAGES-ASSETS] ✓ Bild gefunden, serviere: C:\Users\chuec\OneDrive\GitHub\ga_suche\Steiner_GA\GA046-Nachgelassene Abhandlungen und Fragmente 1879-1924\assets\GA046-Nachgelassene Abhandlungen und Fragmente 1879-1924_img-16.png
[IMAGES-ASSETS] Gefundener GA-Ordner: GA046-Nachgelassene Abhandlungen und Fragmente 1879-1924
[IMAGES-ASSETS] Vollständiger Pfad: C:\Users\chuec\OneDrive\GitHub\ga_suche\Steiner_GA\GA046-Nachgelassene Abhandlungen und Fragmente 1879-1924\assets\GA046-Nachgelassene Abhandlungen und Fragmente 1879-1924_img-17.png
[IMAGES-ASSETS] ✓ Bild gefunden, serviere: C:\Users\chuec\OneDrive\GitHub\ga_suche\Steiner_GA\GA046-Nachgelassene Abhandlungen und Fragmente 1879-1924\assets\GA046-Nachgelassene Abhandlungen und Fragmente 1879-1924_img-17.png
[IMAGES-ASSETS] Anfrage für Bild: GA046-Nachgelassene%20Abhandlungen%20und%20Fragmente%201879-1924_img-18.png
[IMAGES-ASSETS] Vollständiger Request-Pfad: /assets/GA046-Nachgelassene%20Abhandlungen%20und%20Fragmente%201879-1924_img-18.png
[IMAGES-ASSETS] Decodierter Pfad: GA046-Nachgelassene Abhandlungen und Fragmente 1879-1924_img-18.png
[IMAGES-ASSETS] Gefundene GA-Nummer: GA046
[IMAGES-ASSETS] Suche in: C:\Users\chuec\OneDrive\GitHub\ga_suche\Steiner_GA
[IMAGES-ASSETS] Gefundener GA-Ordner: GA046-Nachgelassene Abhandlungen und Fragmente 1879-1924
[IMAGES-ASSETS] Vollständiger Pfad: C:\Users\chuec\OneDrive\GitHub\ga_suche\Steiner_GA\GA046-Nachgelassene Abhandlungen und Fragmente 1879-1924\assets\GA046-Nachgelassene Abhandlungen und Fragmente 1879-1924_img-18.png
[IMAGES-ASSETS] ✓ Bild gefunden, serviere: C:\Users\chuec\OneDrive\GitHub\ga_suche\Steiner_GA\GA046-Nachgelassene Abhandlungen und Fragmente 1879-1924\assets\GA046-Nachgelassene Abhandlungen und Fragmente 1879-1924_img-18.png
[IMAGES-ASSETS] Anfrage für Bild: GA046-Nachgelassene%20Abhandlungen%20und%20Fragmente%201879-1924_img-19.png
[IMAGES-ASSETS] Vollständiger Request-Pfad: /assets/GA046-Nachgelassene%20Abhandlungen%20und%20Fragmente%201879-1924_img-19.png
[IMAGES-ASSETS] Decodierter Pfad: GA046-Nachgelassene Abhandlungen und Fragmente 1879-1924_img-19.png
[IMAGES-ASSETS] Gefundene GA-Nummer: GA046
[IMAGES-ASSETS] Suche in: C:\Users\chuec\OneDrive\GitHub\ga_suche\Steiner_GA
[IMAGES-ASSETS] Anfrage für Bild: GA046-Nachgelassene%20Abhandlungen%20und%20Fragmente%201879-1924_img-20.png
[IMAGES-ASSETS] Vollständiger Request-Pfad: /assets/GA046-Nachgelassene%20Abhandlungen%20und%20Fragmente%201879-1924_img-20.png
[IMAGES-ASSETS] Decodierter Pfad: GA046-Nachgelassene Abhandlungen und Fragmente 1879-1924_img-20.png
[IMAGES-ASSETS] Gefundene GA-Nummer: GA046
[IMAGES-ASSETS] Suche in: C:\Users\chuec\OneDrive\GitHub\ga_suche\Steiner_GA
[IMAGES-ASSETS] Anfrage für Bild: GA046-Nachgelassene%20Abhandlungen%20und%20Fragmente%201879-1924_img-21.png
[IMAGES-ASSETS] Vollständiger Request-Pfad: /assets/GA046-Nachgelassene%20Abhandlungen%20und%20Fragmente%201879-1924_img-21.png
[IMAGES-ASSETS] Decodierter Pfad: GA046-Nachgelassene Abhandlungen und Fragmente 1879-1924_img-21.png
[IMAGES-ASSETS] Gefundene GA-Nummer: GA046
[IMAGES-ASSETS] Suche in: C:\Users\chuec\OneDrive\GitHub\ga_suche\Steiner_GA
[IMAGES-ASSETS] Gefundener GA-Ordner: GA046-Nachgelassene Abhandlungen und Fragmente 1879-1924
[IMAGES-ASSETS] Vollständiger Pfad: C:\Users\chuec\OneDrive\GitHub\ga_suche\Steiner_GA\GA046-Nachgelassene Abhandlungen und Fragmente 1879-1924\assets\GA046-Nachgelassene Abhandlungen und Fragmente 1879-1924_img-19.png
[IMAGES-ASSETS] ✓ Bild gefunden, serviere: C:\Users\chuec\OneDrive\GitHub\ga_suche\Steiner_GA\GA046-Nachgelassene Abhandlungen und Fragmente 1879-1924\assets\GA046-Nachgelassene Abhandlungen und Fragmente 1879-1924_img-19.png
[IMAGES-ASSETS] Gefundener GA-Ordner: GA046-Nachgelassene Abhandlungen und Fragmente 1879-1924
[IMAGES-ASSETS] Vollständiger Pfad: C:\Users\chuec\OneDrive\GitHub\ga_suche\Steiner_GA\GA046-Nachgelassene Abhandlungen und Fragmente 1879-1924\assets\GA046-Nachgelassene Abhandlungen und Fragmente 1879-1924_img-20.png
[IMAGES-ASSETS] ✓ Bild gefunden, serviere: C:\Users\chuec\OneDrive\GitHub\ga_suche\Steiner_GA\GA046-Nachgelassene Abhandlungen und Fragmente 1879-1924\assets\GA046-Nachgelassene Abhandlungen und Fragmente 1879-1924_img-20.png
[IMAGES-ASSETS] Anfrage für Bild: GA046-Nachgelassene%20Abhandlungen%20und%20Fragmente%201879-1924_img-22.png
[IMAGES-ASSETS] Vollständiger Request-Pfad: /assets/GA046-Nachgelassene%20Abhandlungen%20und%20Fragmente%201879-1924_img-22.png
[IMAGES-ASSETS] Decodierter Pfad: GA046-Nachgelassene Abhandlungen und Fragmente 1879-1924_img-22.png
[IMAGES-ASSETS] Gefundene GA-Nummer: GA046
[IMAGES-ASSETS] Suche in: C:\Users\chuec\OneDrive\GitHub\ga_suche\Steiner_GA
[IMAGES-ASSETS] Anfrage für Bild: GA046-Nachgelassene%20Abhandlungen%20und%20Fragmente%201879-1924_img-23.png
[IMAGES-ASSETS] Vollständiger Request-Pfad: /assets/GA046-Nachgelassene%20Abhandlungen%20und%20Fragmente%201879-1924_img-23.png
[IMAGES-ASSETS] Decodierter Pfad: GA046-Nachgelassene Abhandlungen und Fragmente 1879-1924_img-23.png
[IMAGES-ASSETS] Gefundene GA-Nummer: GA046
[IMAGES-ASSETS] Suche in: C:\Users\chuec\OneDrive\GitHub\ga_suche\Steiner_GA
[IMAGES-ASSETS] Gefundener GA-Ordner: GA046-Nachgelassene Abhandlungen und Fragmente 1879-1924
[IMAGES-ASSETS] Vollständiger Pfad: C:\Users\chuec\OneDrive\GitHub\ga_suche\Steiner_GA\GA046-Nachgelassene Abhandlungen und Fragmente 1879-1924\assets\GA046-Nachgelassene Abhandlungen und Fragmente 1879-1924_img-21.png
[IMAGES-ASSETS] ✓ Bild gefunden, serviere: C:\Users\chuec\OneDrive\GitHub\ga_suche\Steiner_GA\GA046-Nachgelassene Abhandlungen und Fragmente 1879-1924\assets\GA046-Nachgelassene Abhandlungen und Fragmente 1879-1924_img-21.png
[IMAGES-ASSETS] Gefundener GA-Ordner: GA046-Nachgelassene Abhandlungen und Fragmente 1879-1924
[IMAGES-ASSETS] Vollständiger Pfad: C:\Users\chuec\OneDrive\GitHub\ga_suche\Steiner_GA\GA046-Nachgelassene Abhandlungen und Fragmente 1879-1924\assets\GA046-Nachgelassene Abhandlungen und Fragmente 1879-1924_img-22.png
[IMAGES-ASSETS] ✓ Bild gefunden, serviere: C:\Users\chuec\OneDrive\GitHub\ga_suche\Steiner_GA\GA046-Nachgelassene Abhandlungen und Fragmente 1879-1924\assets\GA046-Nachgelassene Abhandlungen und Fragmente 1879-1924_img-22.png
[IMAGES-ASSETS] Gefundener GA-Ordner: GA046-Nachgelassene Abhandlungen und Fragmente 1879-1924
[IMAGES-ASSETS] Vollständiger Pfad: C:\Users\chuec\OneDrive\GitHub\ga_suche\Steiner_GA\GA046-Nachgelassene Abhandlungen und Fragmente 1879-1924\assets\GA046-Nachgelassene Abhandlungen und Fragmente 1879-1924_img-23.png
[IMAGES-ASSETS] ✓ Bild gefunden, serviere: C:\Users\chuec\OneDrive\GitHub\ga_suche\Steiner_GA\GA046-Nachgelassene Abhandlungen und Fragmente 1879-1924\assets\GA046-Nachgelassene Abhandlungen und Fragmente 1879-1924_img-23.png
[IMAGES-ASSETS] Anfrage für Bild: GA046-Nachgelassene%20Abhandlungen%20und%20Fragmente%201879-1924_img-24.png
[IMAGES-ASSETS] Vollständiger Request-Pfad: /assets/GA046-Nachgelassene%20Abhandlungen%20und%20Fragmente%201879-1924_img-24.png
[IMAGES-ASSETS] Decodierter Pfad: GA046-Nachgelassene Abhandlungen und Fragmente 1879-1924_img-24.png
[IMAGES-ASSETS] Gefundene GA-Nummer: GA046
[IMAGES-ASSETS] Suche in: C:\Users\chuec\OneDrive\GitHub\ga_suche\Steiner_GA
[IMAGES-ASSETS] Gefundener GA-Ordner: GA046-Nachgelassene Abhandlungen und Fragmente 1879-1924
[IMAGES-ASSETS] Vollständiger Pfad: C:\Users\chuec\OneDrive\GitHub\ga_suche\Steiner_GA\GA046-Nachgelassene Abhandlungen und Fragmente 1879-1924\assets\GA046-Nachgelassene Abhandlungen und Fragmente 1879-1924_img-24.png
[IMAGES-ASSETS] ✓ Bild gefunden, serviere: C:\Users\chuec\OneDrive\GitHub\ga_suche\Steiner_GA\GA046-Nachgelassene Abhandlungen und Fragmente 1879-1924\assets\GA046-Nachgelassene Abhandlungen und Fragmente 1879-1924_img-24.png
[IMAGES-ASSETS] Anfrage für Bild: GA046-Nachgelassene%20Abhandlungen%20und%20Fragmente%201879-1924_img-25.png
[IMAGES-ASSETS] Vollständiger Request-Pfad: /assets/GA046-Nachgelassene%20Abhandlungen%20und%20Fragmente%201879-1924_img-25.png
[IMAGES-ASSETS] Decodierter Pfad: GA046-Nachgelassene Abhandlungen und Fragmente 1879-1924_img-25.png
[IMAGES-ASSETS] Gefundene GA-Nummer: GA046
[IMAGES-ASSETS] Suche in: C:\Users\chuec\OneDrive\GitHub\ga_suche\Steiner_GA
[IMAGES-ASSETS] Anfrage für Bild: GA046-Nachgelassene%20Abhandlungen%20und%20Fragmente%201879-1924_img-26.png
[IMAGES-ASSETS] Vollständiger Request-Pfad: /assets/GA046-Nachgelassene%20Abhandlungen%20und%20Fragmente%201879-1924_img-26.png
[IMAGES-ASSETS] Decodierter Pfad: GA046-Nachgelassene Abhandlungen und Fragmente 1879-1924_img-26.png
[IMAGES-ASSETS] Gefundene GA-Nummer: GA046
[IMAGES-ASSETS] Suche in: C:\Users\chuec\OneDrive\GitHub\ga_suche\Steiner_GA
[IMAGES-ASSETS] Gefundener GA-Ordner: GA046-Nachgelassene Abhandlungen und Fragmente 1879-1924
[IMAGES-ASSETS] Vollständiger Pfad: C:\Users\chuec\OneDrive\GitHub\ga_suche\Steiner_GA\GA046-Nachgelassene Abhandlungen und Fragmente 1879-1924\assets\GA046-Nachgelassene Abhandlungen und Fragmente 1879-1924_img-25.png
[IMAGES-ASSETS] ✓ Bild gefunden, serviere: C:\Users\chuec\OneDrive\GitHub\ga_suche\Steiner_GA\GA046-Nachgelassene Abhandlungen und Fragmente 1879-1924\assets\GA046-Nachgelassene Abhandlungen und Fragmente 1879-1924_img-25.png
[IMAGES-ASSETS] Gefundener GA-Ordner: GA046-Nachgelassene Abhandlungen und Fragmente 1879-1924
[IMAGES-ASSETS] Vollständiger Pfad: C:\Users\chuec\OneDrive\GitHub\ga_suche\Steiner_GA\GA046-Nachgelassene Abhandlungen und Fragmente 1879-1924\assets\GA046-Nachgelassene Abhandlungen und Fragmente 1879-1924_img-26.png
[IMAGES-ASSETS] ✓ Bild gefunden, serviere: C:\Users\chuec\OneDrive\GitHub\ga_suche\Steiner_GA\GA046-Nachgelassene Abhandlungen und Fragmente 1879-1924\assets\GA046-Nachgelassene Abhandlungen und Fragmente 1879-1924_img-26.png
[IMAGES-ASSETS] Anfrage für Bild: GA046-Nachgelassene%20Abhandlungen%20und%20Fragmente%201879-1924_img-27.png
[IMAGES-ASSETS] Vollständiger Request-Pfad: /assets/GA046-Nachgelassene%20Abhandlungen%20und%20Fragmente%201879-1924_img-27.png
[IMAGES-ASSETS] Decodierter Pfad: GA046-Nachgelassene Abhandlungen und Fragmente 1879-1924_img-27.png
[IMAGES-ASSETS] Gefundene GA-Nummer: GA046
[IMAGES-ASSETS] Suche in: C:\Users\chuec\OneDrive\GitHub\ga_suche\Steiner_GA
[IMAGES-ASSETS] Anfrage für Bild: GA046-Nachgelassene%20Abhandlungen%20und%20Fragmente%201879-1924_img-28.png
[IMAGES-ASSETS] Vollständiger Request-Pfad: /assets/GA046-Nachgelassene%20Abhandlungen%20und%20Fragmente%201879-1924_img-28.png
[IMAGES-ASSETS] Decodierter Pfad: GA046-Nachgelassene Abhandlungen und Fragmente 1879-1924_img-28.png
[IMAGES-ASSETS] Gefundene GA-Nummer: GA046
[IMAGES-ASSETS] Suche in: C:\Users\chuec\OneDrive\GitHub\ga_suche\Steiner_GA
[IMAGES-ASSETS] Gefundener GA-Ordner: GA046-Nachgelassene Abhandlungen und Fragmente 1879-1924
[IMAGES-ASSETS] Vollständiger Pfad: C:\Users\chuec\OneDrive\GitHub\ga_suche\Steiner_GA\GA046-Nachgelassene Abhandlungen und Fragmente 1879-1924\assets\GA046-Nachgelassene Abhandlungen und Fragmente 1879-1924_img-27.png
[IMAGES-ASSETS] ✓ Bild gefunden, serviere: C:\Users\chuec\OneDrive\GitHub\ga_suche\Steiner_GA\GA046-Nachgelassene Abhandlungen und Fragmente 1879-1924\assets\GA046-Nachgelassene Abhandlungen und Fragmente 1879-1924_img-27.png
[IMAGES-ASSETS] Gefundener GA-Ordner: GA046-Nachgelassene Abhandlungen und Fragmente 1879-1924
[IMAGES-ASSETS] Vollständiger Pfad: C:\Users\chuec\OneDrive\GitHub\ga_suche\Steiner_GA\GA046-Nachgelassene Abhandlungen und Fragmente 1879-1924\assets\GA046-Nachgelassene Abhandlungen und Fragmente 1879-1924_img-28.png
[IMAGES-ASSETS] ✓ Bild gefunden, serviere: C:\Users\chuec\OneDrive\GitHub\ga_suche\Steiner_GA\GA046-Nachgelassene Abhandlungen und Fragmente 1879-1924\assets\GA046-Nachgelassene Abhandlungen und Fragmente 1879-1924_img-28.png
POST /api/fulltext-search
Volltext-Suche: Ätherleib [Relevanz-Filter: hoch]
Volltext-Suche: 6451 Absätze gefunden (Vorträge + Bücher)
[RELEVANCE-DEBUG] GA053/2 Absatz 34: Score=0.000, Vorkommen=0, Kontext-Absätze=5, HitEnthältQuery=true, KontextEnthältQuery=true, Query="ätherleib"
[RELEVANCE-DEBUG-CONTEXT] Hit-Preview: "Und dasjenige, was im Tierkörper ebenso hinausragt über das bloße Wachsen und Fortpflanzen, dasjenig..."
[RELEVANCE-DEBUG-CONTEXT] Kontext-Preview: "Die Ausführung dieser Anleitung muss natürlich mit der allergrößten Vorsicht geschehen, denn es sind allerlei Illusionen auf diesem Gebiete möglich. Allein, wer wirklich weiß, mit welcher Vorsicht, mi..."
[RELEVANCE-DEBUG] GA053/2 Absatz 44: Score=0.000, Vorkommen=0, Kontext-Absätze=5, HitEnthältQuery=true, KontextEnthältQuery=true, Query="ätherleib"
[RELEVANCE-DEBUG-CONTEXT] Hit-Preview: "Damit haben wir die drei Glieder des menschlichen physischen Körpers und die drei Glieder der mensch..."
[RELEVANCE-DEBUG-CONTEXT] Kontext-Preview: "Wer durch die Anschauung Kenntnis davon haben will, muss lernen, sie zu sehen. Die Aura ist dreigliedrig. Die drei Glieder stecken ineinander wie drei ovale Nebelgebilde, die die menschliche Gestalt u..."
[RELEVANCE-DEBUG] GA054/5 Absatz 51: Score=0.000, Vorkommen=0, Kontext-Absätze=5, HitEnthältQuery=true, KontextEnthältQuery=true, Query="ätherleib"
[RELEVANCE-DEBUG-CONTEXT] Hit-Preview: "Im Sinne dieser Geisteswissenschaft sprechen wir deshalb von einem zweiten Glied der menschlichen We..."
[RELEVANCE-DEBUG-CONTEXT] Kontext-Preview: "Alle Rederei von der Grenze der menschlichen Erkenntnis ist Unsinn. Man sollte reden und fragen: Kann sich der Mensch nicht zu einer höheren Erkenntnisstufe erheben? Ist das nicht vielleicht wirklich,..."
[RELEVANCE-DEBUG] GA054/5 Absatz 61: Score=0.000, Vorkommen=0, Kontext-Absätze=5, HitEnthältQuery=true, KontextEnthältQuery=true, Query="ätherleib"
[RELEVANCE-DEBUG-CONTEXT] Hit-Preview: "Nun gibt es Dinge, die tiefer in die menschliche Natur hineingehen, wo das Ich weiter hineinarbeitet..."
[RELEVANCE-DEBUG-CONTEXT] Kontext-Preview: "Machen Sie sich den Unterschied zwischen den Menschen von diesem Standpunkte aus klar. Vergleichen Sie einen Wilden mit einem europäischen Durchschnittsmenschen, mit einem edlen Idealisten, etwa Schil..."
[RELEVANCE-DEBUG] GA054/5 Absatz 62: Score=0.000, Vorkommen=0, Kontext-Absätze=5, HitEnthältQuery=true, KontextEnthältQuery=true, Query="ätherleib"
[RELEVANCE-DEBUG-CONTEXT] Hit-Preview: "Ebenso wenn das Ich aufgeht in Betrachtung eines Kunstwerkes und eine Ahnung erhält, dass hinter dem..."
[RELEVANCE-DEBUG-CONTEXT] Kontext-Preview: "Noch mehr hat ihn umgestaltet eine solche Persönlichkeit wie Schiller, noch mehr eine solche Persönlichkeit, die in gar keiner Beziehung zu den Leidenschaften steht wie Franz von Assisi, die ganz und ..."
[RELEVANCE-DEBUG] GA054/5 Absatz 63: Score=0.000, Vorkommen=0, Kontext-Absätze=5, HitEnthältQuery=true, KontextEnthältQuery=true, Query="ätherleib"
[RELEVANCE-DEBUG-CONTEXT] Hit-Preview: "Nun ist auch der Ätherleib der Träger von alledem, was mehr oder weniger bleibend ist in der menschl..."
[RELEVANCE-DEBUG-CONTEXT] Kontext-Preview: "Nun gibt es Dinge, die tiefer in die menschliche Natur hineingehen, wo das Ich weiter hineinarbeitet als bloß in den Astralleib. Solange Sie mit bloßen moralischen oder Rechtsgrundsätzen, mit logische..."
[RELEVANCE-DEBUG] GA054/5 Absatz 64: Score=0.000, Vorkommen=0, Kontext-Absätze=5, HitEnthältQuery=true, KontextEnthältQuery=true, Query="ätherleib"
[RELEVANCE-DEBUG-CONTEXT] Hit-Preview: "Aber nun denken Sie nach, wie wenig sich bei den meisten Menschen das ändert, was man Gewohnheiten, ..."
[RELEVANCE-DEBUG-CONTEXT] Kontext-Preview: "Ebenso wenn das Ich aufgeht in Betrachtung eines Kunstwerkes und eine Ahnung erhält, dass hinter dem sinnlichen Dasein ein Ewiges, Verborgenes verkörpert sein kann, dann wirkt die künstlerische Vorste..."
[RELEVANCE-DEBUG] GA054/5 Absatz 65: Score=0.000, Vorkommen=0, Kontext-Absätze=5, HitEnthältQuery=true, KontextEnthältQuery=true, Query="ätherleib"
[RELEVANCE-DEBUG-CONTEXT] Hit-Preview: "Nun gibt es eine noch höhere Entwickelung, die der Chela durchmacht. Die beruht darauf, dass man ein..."
[RELEVANCE-DEBUG-CONTEXT] Kontext-Preview: "Nun ist auch der Ätherleib der Träger von alledem, was mehr oder weniger bleibend ist in der menschlichen Natur. Man hat sich klarzumachen, was für ein Unterschied ist zwischen Entwickelung des Ätherl..."
[RELEVANCE-DEBUG] GA054/5 Absatz 68: Score=0.000, Vorkommen=0, Kontext-Absätze=5, HitEnthältQuery=true, KontextEnthältQuery=true, Query="ätherleib"
[RELEVANCE-DEBUG-CONTEXT] Hit-Preview: "So haben wir sieben Glieder der menschlichen Wesenheit, ebenso wie der Regenbogen sieben Farben und ..."
[RELEVANCE-DEBUG-CONTEXT] Kontext-Preview: "Das Schwierigste für den Menschen ist, dass er bis in seinen physischen Leib hineinarbeiten lernt. Auch darüber, wie das Blut sich bewegt, kann man Herr werden; man kann Einfluss bekommen auf die Nerv..."
[RELEVANCE-DEBUG] GA054/5 Absatz 69: Score=0.000, Vorkommen=0, Kontext-Absätze=5, HitEnthältQuery=true, KontextEnthältQuery=true, Query="ätherleib"
[RELEVANCE-DEBUG-CONTEXT] Hit-Preview: "Nun müssen wir in bezug auf unsere heutige Frage dieses Wesen, diese Natur des Menschen näher anscha..."
[RELEVANCE-DEBUG-CONTEXT] Kontext-Preview: "Wenn der Mensch in seinen physischen Leib hineinarbeiten kann und damit in Verbindung mit dem Kosmos treten lernt, dann entwickelt er sein Atman. Dies ist das höchste Glied der menschlichen Wesenheit,..."
[RELEVANCE-SCORING] 6451 Treffer: hoch=4, mittel=7, niedrig=6440
[RELEVANCE-THRESHOLDS] Schwellwerte relativ zur Gesamthäufigkeit: hoch≥0.586 (3+ Vorkommen), mittel≥0.390 (2+ Vorkommen)
[BACKEND-FILTER] 6451 -> 4 Ergebnisse nach Filter "hoch"
  [Single] "ätherleib"

Extrahierte 1 Suchbegriffe aus "Ätherleib":
ätherleib
GET /api/keywords/available-ga-volumes
[API/AVAILABLE-GA-VOLUMES] Request erhalten
[API/AVAILABLE-GA-VOLUMES] fullLectures: 4487 Vorträge
[API/AVAILABLE-GA-VOLUMES] fullBooks: 40 Bücher
[API/AVAILABLE-GA-VOLUMES] Sende 355 Volumes
GET /debug/status
GET /api/steiner-images
[DEBUG] Gefundene Books-Dateien: steiner-books-001-020-part01.json, steiner-books-021-046-part02.json

Gefundene Dateien:
  Search-Dateien: []
  Lecture-Dateien: ["steiner-full-lectures-051-354-part01.json","steiner-full-lectures-051-354-part02.json","steiner-full-lectures-051-354-part03.json","steiner-full-lectures-051-354-part04.json","steiner-full-lectures-051-354-part05.json","steiner-full-lectures-051-354-part06.json","steiner-full-lectures-051-354-part07.json","steiner-full-lectures-051-354-part08.json","steiner-full-lectures-051-354-part09.json","steiner-full-lectures-051-354-part10.json","steiner-full-lectures-051-354-part11.json","steiner-full-lectures-051-354-part12.json","steiner-full-lectures-051-354-part13.json","steiner-full-lectures-051-354-part14.json","steiner-full-lectures-051-354-part15.json","steiner-full-lectures-051-354-part16.json","steiner-full-lectures-051-354-part17.json"]
  Books-Dateien: ["steiner-books-001-020-part01.json","steiner-books-021-046-part02.json"]
GET /api/list-files
GET /api/ga-list
[API/GA-LIST] Request erhalten
[API/GA-LIST] fullLectures: 4487 Vorträge
[API/GA-LIST] fullBooks: 40 Bücher
[API/GA-LIST] Sende 355 GA-Bände
GET /api/keywords/available-ga-volumes
[API/AVAILABLE-GA-VOLUMES] Request erhalten
[API/AVAILABLE-GA-VOLUMES] fullLectures: 4487 Vorträge
[API/AVAILABLE-GA-VOLUMES] fullBooks: 40 Bücher
[API/AVAILABLE-GA-VOLUMES] Sende 355 Volumes
GET /api/ga-list
[API/GA-LIST] Request erhalten
[API/GA-LIST] fullLectures: 4487 Vorträge
[API/GA-LIST] fullBooks: 40 Bücher
[API/GA-LIST] Sende 355 GA-Bände
GET /api/available-years
[INFO] Verfügbare Jahre: 26 Jahre von 1888 bis 1924
GET /api/keywords/available-ga-volumes
[API/AVAILABLE-GA-VOLUMES] Request erhalten
[API/AVAILABLE-GA-VOLUMES] fullLectures: 4487 Vorträge
[API/AVAILABLE-GA-VOLUMES] fullBooks: 40 Bücher
[API/AVAILABLE-GA-VOLUMES] Sende 355 Volumes
GET /api/available-years
[INFO] Verfügbare Jahre: 26 Jahre von 1888 bis 1924
[SUMMARY-DB] Geladen: 4490 Einträge aus summary-database.json
[IMAGES-API] Sende Liste von 1057 Vorträgen (ohne Bilder)
POST /api/fulltext-search
Volltext-Suche: Ätherleib [Relevanz-Filter: ohne]
Volltext-Suche: 6451 Absätze gefunden (Vorträge + Bücher)
[RELEVANCE-DEBUG] GA053/2 Absatz 34: Score=0.000, Vorkommen=0, Kontext-Absätze=5, HitEnthältQuery=true, KontextEnthältQuery=true, Query="ätherleib"
[RELEVANCE-DEBUG-CONTEXT] Hit-Preview: "Und dasjenige, was im Tierkörper ebenso hinausragt über das bloße Wachsen und Fortpflanzen, dasjenig..."
[RELEVANCE-DEBUG-CONTEXT] Kontext-Preview: "Die Ausführung dieser Anleitung muss natürlich mit der allergrößten Vorsicht geschehen, denn es sind allerlei Illusionen auf diesem Gebiete möglich. Allein, wer wirklich weiß, mit welcher Vorsicht, mi..."
[RELEVANCE-DEBUG] GA053/2 Absatz 44: Score=0.000, Vorkommen=0, Kontext-Absätze=5, HitEnthältQuery=true, KontextEnthältQuery=true, Query="ätherleib"
[RELEVANCE-DEBUG-CONTEXT] Hit-Preview: "Damit haben wir die drei Glieder des menschlichen physischen Körpers und die drei Glieder der mensch..."
[RELEVANCE-DEBUG-CONTEXT] Kontext-Preview: "Wer durch die Anschauung Kenntnis davon haben will, muss lernen, sie zu sehen. Die Aura ist dreigliedrig. Die drei Glieder stecken ineinander wie drei ovale Nebelgebilde, die die menschliche Gestalt u..."
[RELEVANCE-DEBUG] GA054/5 Absatz 51: Score=0.000, Vorkommen=0, Kontext-Absätze=5, HitEnthältQuery=true, KontextEnthältQuery=true, Query="ätherleib"
[RELEVANCE-DEBUG-CONTEXT] Hit-Preview: "Im Sinne dieser Geisteswissenschaft sprechen wir deshalb von einem zweiten Glied der menschlichen We..."
[RELEVANCE-DEBUG-CONTEXT] Kontext-Preview: "Alle Rederei von der Grenze der menschlichen Erkenntnis ist Unsinn. Man sollte reden und fragen: Kann sich der Mensch nicht zu einer höheren Erkenntnisstufe erheben? Ist das nicht vielleicht wirklich,..."
[RELEVANCE-DEBUG] GA054/5 Absatz 61: Score=0.000, Vorkommen=0, Kontext-Absätze=5, HitEnthältQuery=true, KontextEnthältQuery=true, Query="ätherleib"
[RELEVANCE-DEBUG-CONTEXT] Hit-Preview: "Nun gibt es Dinge, die tiefer in die menschliche Natur hineingehen, wo das Ich weiter hineinarbeitet..."
[RELEVANCE-DEBUG-CONTEXT] Kontext-Preview: "Machen Sie sich den Unterschied zwischen den Menschen von diesem Standpunkte aus klar. Vergleichen Sie einen Wilden mit einem europäischen Durchschnittsmenschen, mit einem edlen Idealisten, etwa Schil..."
[RELEVANCE-DEBUG] GA054/5 Absatz 62: Score=0.000, Vorkommen=0, Kontext-Absätze=5, HitEnthältQuery=true, KontextEnthältQuery=true, Query="ätherleib"
[RELEVANCE-DEBUG-CONTEXT] Hit-Preview: "Ebenso wenn das Ich aufgeht in Betrachtung eines Kunstwerkes und eine Ahnung erhält, dass hinter dem..."
[RELEVANCE-DEBUG-CONTEXT] Kontext-Preview: "Noch mehr hat ihn umgestaltet eine solche Persönlichkeit wie Schiller, noch mehr eine solche Persönlichkeit, die in gar keiner Beziehung zu den Leidenschaften steht wie Franz von Assisi, die ganz und ..."
[RELEVANCE-DEBUG] GA054/5 Absatz 63: Score=0.000, Vorkommen=0, Kontext-Absätze=5, HitEnthältQuery=true, KontextEnthältQuery=true, Query="ätherleib"
[RELEVANCE-DEBUG-CONTEXT] Hit-Preview: "Nun ist auch der Ätherleib der Träger von alledem, was mehr oder weniger bleibend ist in der menschl..."
[RELEVANCE-DEBUG-CONTEXT] Kontext-Preview: "Nun gibt es Dinge, die tiefer in die menschliche Natur hineingehen, wo das Ich weiter hineinarbeitet als bloß in den Astralleib. Solange Sie mit bloßen moralischen oder Rechtsgrundsätzen, mit logische..."
[RELEVANCE-DEBUG] GA054/5 Absatz 64: Score=0.000, Vorkommen=0, Kontext-Absätze=5, HitEnthältQuery=true, KontextEnthältQuery=true, Query="ätherleib"
[RELEVANCE-DEBUG-CONTEXT] Hit-Preview: "Aber nun denken Sie nach, wie wenig sich bei den meisten Menschen das ändert, was man Gewohnheiten, ..."
[RELEVANCE-DEBUG-CONTEXT] Kontext-Preview: "Ebenso wenn das Ich aufgeht in Betrachtung eines Kunstwerkes und eine Ahnung erhält, dass hinter dem sinnlichen Dasein ein Ewiges, Verborgenes verkörpert sein kann, dann wirkt die künstlerische Vorste..."
[RELEVANCE-DEBUG] GA054/5 Absatz 65: Score=0.000, Vorkommen=0, Kontext-Absätze=5, HitEnthältQuery=true, KontextEnthältQuery=true, Query="ätherleib"
[RELEVANCE-DEBUG-CONTEXT] Hit-Preview: "Nun gibt es eine noch höhere Entwickelung, die der Chela durchmacht. Die beruht darauf, dass man ein..."
[RELEVANCE-DEBUG-CONTEXT] Kontext-Preview: "Nun ist auch der Ätherleib der Träger von alledem, was mehr oder weniger bleibend ist in der menschlichen Natur. Man hat sich klarzumachen, was für ein Unterschied ist zwischen Entwickelung des Ätherl..."
[RELEVANCE-DEBUG] GA054/5 Absatz 68: Score=0.000, Vorkommen=0, Kontext-Absätze=5, HitEnthältQuery=true, KontextEnthältQuery=true, Query="ätherleib"
[RELEVANCE-DEBUG-CONTEXT] Hit-Preview: "So haben wir sieben Glieder der menschlichen Wesenheit, ebenso wie der Regenbogen sieben Farben und ..."
[RELEVANCE-DEBUG-CONTEXT] Kontext-Preview: "Das Schwierigste für den Menschen ist, dass er bis in seinen physischen Leib hineinarbeiten lernt. Auch darüber, wie das Blut sich bewegt, kann man Herr werden; man kann Einfluss bekommen auf die Nerv..."
[RELEVANCE-DEBUG] GA054/5 Absatz 69: Score=0.000, Vorkommen=0, Kontext-Absätze=5, HitEnthältQuery=true, KontextEnthältQuery=true, Query="ätherleib"
[RELEVANCE-DEBUG-CONTEXT] Hit-Preview: "Nun müssen wir in bezug auf unsere heutige Frage dieses Wesen, diese Natur des Menschen näher anscha..."
[RELEVANCE-DEBUG-CONTEXT] Kontext-Preview: "Wenn der Mensch in seinen physischen Leib hineinarbeiten kann und damit in Verbindung mit dem Kosmos treten lernt, dann entwickelt er sein Atman. Dies ist das höchste Glied der menschlichen Wesenheit,..."
[RELEVANCE-SCORING] 6451 Treffer: hoch=4, mittel=7, niedrig=6440
[RELEVANCE-THRESHOLDS] Schwellwerte relativ zur Gesamthäufigkeit: hoch≥0.586 (3+ Vorkommen), mittel≥0.390 (2+ Vorkommen)
  [Single] "ätherleib"

Extrahierte 1 Suchbegriffe aus "Ätherleib":
ätherleib
POST /api/fulltext-search
Volltext-Suche: Ätherleib [Relevanz-Filter: hoch]
Volltext-Suche: 6451 Absätze gefunden (Vorträge + Bücher)
[RELEVANCE-DEBUG] GA053/2 Absatz 34: Score=0.000, Vorkommen=0, Kontext-Absätze=5, HitEnthältQuery=true, KontextEnthältQuery=true, Query="ätherleib"
[RELEVANCE-DEBUG-CONTEXT] Hit-Preview: "Und dasjenige, was im Tierkörper ebenso hinausragt über das bloße Wachsen und Fortpflanzen, dasjenig..."
[RELEVANCE-DEBUG-CONTEXT] Kontext-Preview: "Die Ausführung dieser Anleitung muss natürlich mit der allergrößten Vorsicht geschehen, denn es sind allerlei Illusionen auf diesem Gebiete möglich. Allein, wer wirklich weiß, mit welcher Vorsicht, mi..."
[RELEVANCE-DEBUG] GA053/2 Absatz 44: Score=0.000, Vorkommen=0, Kontext-Absätze=5, HitEnthältQuery=true, KontextEnthältQuery=true, Query="ätherleib"
[RELEVANCE-DEBUG-CONTEXT] Hit-Preview: "Damit haben wir die drei Glieder des menschlichen physischen Körpers und die drei Glieder der mensch..."
[RELEVANCE-DEBUG-CONTEXT] Kontext-Preview: "Wer durch die Anschauung Kenntnis davon haben will, muss lernen, sie zu sehen. Die Aura ist dreigliedrig. Die drei Glieder stecken ineinander wie drei ovale Nebelgebilde, die die menschliche Gestalt u..."
[RELEVANCE-DEBUG] GA054/5 Absatz 51: Score=0.000, Vorkommen=0, Kontext-Absätze=5, HitEnthältQuery=true, KontextEnthältQuery=true, Query="ätherleib"
[RELEVANCE-DEBUG-CONTEXT] Hit-Preview: "Im Sinne dieser Geisteswissenschaft sprechen wir deshalb von einem zweiten Glied der menschlichen We..."
[RELEVANCE-DEBUG-CONTEXT] Kontext-Preview: "Alle Rederei von der Grenze der menschlichen Erkenntnis ist Unsinn. Man sollte reden und fragen: Kann sich der Mensch nicht zu einer höheren Erkenntnisstufe erheben? Ist das nicht vielleicht wirklich,..."
[RELEVANCE-DEBUG] GA054/5 Absatz 61: Score=0.000, Vorkommen=0, Kontext-Absätze=5, HitEnthältQuery=true, KontextEnthältQuery=true, Query="ätherleib"
[RELEVANCE-DEBUG-CONTEXT] Hit-Preview: "Nun gibt es Dinge, die tiefer in die menschliche Natur hineingehen, wo das Ich weiter hineinarbeitet..."
[RELEVANCE-DEBUG-CONTEXT] Kontext-Preview: "Machen Sie sich den Unterschied zwischen den Menschen von diesem Standpunkte aus klar. Vergleichen Sie einen Wilden mit einem europäischen Durchschnittsmenschen, mit einem edlen Idealisten, etwa Schil..."
[RELEVANCE-DEBUG] GA054/5 Absatz 62: Score=0.000, Vorkommen=0, Kontext-Absätze=5, HitEnthältQuery=true, KontextEnthältQuery=true, Query="ätherleib"
[RELEVANCE-DEBUG-CONTEXT] Hit-Preview: "Ebenso wenn das Ich aufgeht in Betrachtung eines Kunstwerkes und eine Ahnung erhält, dass hinter dem..."
[RELEVANCE-DEBUG-CONTEXT] Kontext-Preview: "Noch mehr hat ihn umgestaltet eine solche Persönlichkeit wie Schiller, noch mehr eine solche Persönlichkeit, die in gar keiner Beziehung zu den Leidenschaften steht wie Franz von Assisi, die ganz und ..."
[RELEVANCE-DEBUG] GA054/5 Absatz 63: Score=0.000, Vorkommen=0, Kontext-Absätze=5, HitEnthältQuery=true, KontextEnthältQuery=true, Query="ätherleib"
[RELEVANCE-DEBUG-CONTEXT] Hit-Preview: "Nun ist auch der Ätherleib der Träger von alledem, was mehr oder weniger bleibend ist in der menschl..."
[RELEVANCE-DEBUG-CONTEXT] Kontext-Preview: "Nun gibt es Dinge, die tiefer in die menschliche Natur hineingehen, wo das Ich weiter hineinarbeitet als bloß in den Astralleib. Solange Sie mit bloßen moralischen oder Rechtsgrundsätzen, mit logische..."
[RELEVANCE-DEBUG] GA054/5 Absatz 64: Score=0.000, Vorkommen=0, Kontext-Absätze=5, HitEnthältQuery=true, KontextEnthältQuery=true, Query="ätherleib"
[RELEVANCE-DEBUG-CONTEXT] Hit-Preview: "Aber nun denken Sie nach, wie wenig sich bei den meisten Menschen das ändert, was man Gewohnheiten, ..."
[RELEVANCE-DEBUG-CONTEXT] Kontext-Preview: "Ebenso wenn das Ich aufgeht in Betrachtung eines Kunstwerkes und eine Ahnung erhält, dass hinter dem sinnlichen Dasein ein Ewiges, Verborgenes verkörpert sein kann, dann wirkt die künstlerische Vorste..."
[RELEVANCE-DEBUG] GA054/5 Absatz 65: Score=0.000, Vorkommen=0, Kontext-Absätze=5, HitEnthältQuery=true, KontextEnthältQuery=true, Query="ätherleib"
[RELEVANCE-DEBUG-CONTEXT] Hit-Preview: "Nun gibt es eine noch höhere Entwickelung, die der Chela durchmacht. Die beruht darauf, dass man ein..."
[RELEVANCE-DEBUG-CONTEXT] Kontext-Preview: "Nun ist auch der Ätherleib der Träger von alledem, was mehr oder weniger bleibend ist in der menschlichen Natur. Man hat sich klarzumachen, was für ein Unterschied ist zwischen Entwickelung des Ätherl..."
[RELEVANCE-DEBUG] GA054/5 Absatz 68: Score=0.000, Vorkommen=0, Kontext-Absätze=5, HitEnthältQuery=true, KontextEnthältQuery=true, Query="ätherleib"
[RELEVANCE-DEBUG-CONTEXT] Hit-Preview: "So haben wir sieben Glieder der menschlichen Wesenheit, ebenso wie der Regenbogen sieben Farben und ..."
[RELEVANCE-DEBUG-CONTEXT] Kontext-Preview: "Das Schwierigste für den Menschen ist, dass er bis in seinen physischen Leib hineinarbeiten lernt. Auch darüber, wie das Blut sich bewegt, kann man Herr werden; man kann Einfluss bekommen auf die Nerv..."
[RELEVANCE-DEBUG] GA054/5 Absatz 69: Score=0.000, Vorkommen=0, Kontext-Absätze=5, HitEnthältQuery=true, KontextEnthältQuery=true, Query="ätherleib"
[RELEVANCE-DEBUG-CONTEXT] Hit-Preview: "Nun müssen wir in bezug auf unsere heutige Frage dieses Wesen, diese Natur des Menschen näher anscha..."
[RELEVANCE-DEBUG-CONTEXT] Kontext-Preview: "Wenn der Mensch in seinen physischen Leib hineinarbeiten kann und damit in Verbindung mit dem Kosmos treten lernt, dann entwickelt er sein Atman. Dies ist das höchste Glied der menschlichen Wesenheit,..."
[RELEVANCE-SCORING] 6451 Treffer: hoch=4, mittel=7, niedrig=6440
[RELEVANCE-THRESHOLDS] Schwellwerte relativ zur Gesamthäufigkeit: hoch≥0.586 (3+ Vorkommen), mittel≥0.390 (2+ Vorkommen)
[BACKEND-FILTER] 6451 -> 4 Ergebnisse nach Filter "hoch"
  [Single] "ätherleib"

Extrahierte 1 Suchbegriffe aus "Ätherleib":
ätherleib
GET /api/keywords/available-ga-volumes
[API/AVAILABLE-GA-VOLUMES] Request erhalten
[API/AVAILABLE-GA-VOLUMES] fullLectures: 4487 Vorträge
[API/AVAILABLE-GA-VOLUMES] fullBooks: 40 Bücher
[API/AVAILABLE-GA-VOLUMES] Sende 355 Volumes
GET /debug/status
GET /api/steiner-images
[DEBUG] Gefundene Books-Dateien: steiner-books-001-020-part01.json, steiner-books-021-046-part02.json

Gefundene Dateien:
  Search-Dateien: []
  Lecture-Dateien: ["steiner-full-lectures-051-354-part01.json","steiner-full-lectures-051-354-part02.json","steiner-full-lectures-051-354-part03.json","steiner-full-lectures-051-354-part04.json","steiner-full-lectures-051-354-part05.json","steiner-full-lectures-051-354-part06.json","steiner-full-lectures-051-354-part07.json","steiner-full-lectures-051-354-part08.json","steiner-full-lectures-051-354-part09.json","steiner-full-lectures-051-354-part10.json","steiner-full-lectures-051-354-part11.json","steiner-full-lectures-051-354-part12.json","steiner-full-lectures-051-354-part13.json","steiner-full-lectures-051-354-part14.json","steiner-full-lectures-051-354-part15.json","steiner-full-lectures-051-354-part16.json","steiner-full-lectures-051-354-part17.json"]
  Books-Dateien: ["steiner-books-001-020-part01.json","steiner-books-021-046-part02.json"]
GET /api/ga-list
[API/GA-LIST] Request erhalten
[API/GA-LIST] fullLectures: 4487 Vorträge
[API/GA-LIST] fullBooks: 40 Bücher
[API/GA-LIST] Sende 355 GA-Bände
GET /api/list-files
[SUMMARY-DB] Geladen: 4490 Einträge aus summary-database.json
GET /api/keywords/available-ga-volumes
[API/AVAILABLE-GA-VOLUMES] Request erhalten
[API/AVAILABLE-GA-VOLUMES] fullLectures: 4487 Vorträge
[API/AVAILABLE-GA-VOLUMES] fullBooks: 40 Bücher
[API/AVAILABLE-GA-VOLUMES] Sende 355 Volumes
GET /favicon.ico
GET /api/available-years
[INFO] Verfügbare Jahre: 26 Jahre von 1888 bis 1924
GET /api/ga-list
[API/GA-LIST] Request erhalten
[API/GA-LIST] fullLectures: 4487 Vorträge
[API/GA-LIST] fullBooks: 40 Bücher
[API/GA-LIST] Sende 355 GA-Bände
GET /api/keywords/available-ga-volumes
[API/AVAILABLE-GA-VOLUMES] Request erhalten
[API/AVAILABLE-GA-VOLUMES] fullLectures: 4487 Vorträge
[API/AVAILABLE-GA-VOLUMES] fullBooks: 40 Bücher
[API/AVAILABLE-GA-VOLUMES] Sende 355 Volumes
GET /api/available-years
[INFO] Verfügbare Jahre: 26 Jahre von 1888 bis 1924
[IMAGES-API] Sende Liste von 1057 Vorträgen (ohne Bilder)
GET /api/quotes
POST /api/fulltext-search
Volltext-Suche: Ätherleib [Relevanz-Filter: hoch]
Volltext-Suche: 6451 Absätze gefunden (Vorträge + Bücher)
[RELEVANCE-DEBUG] GA053/2 Absatz 34: Score=0.000, Vorkommen=0, Kontext-Absätze=5, HitEnthältQuery=true, KontextEnthältQuery=true, Query="ätherleib"
[RELEVANCE-DEBUG-CONTEXT] Hit-Preview: "Und dasjenige, was im Tierkörper ebenso hinausragt über das bloße Wachsen und Fortpflanzen, dasjenig..."
[RELEVANCE-DEBUG-CONTEXT] Kontext-Preview: "Die Ausführung dieser Anleitung muss natürlich mit der allergrößten Vorsicht geschehen, denn es sind allerlei Illusionen auf diesem Gebiete möglich. Allein, wer wirklich weiß, mit welcher Vorsicht, mi..."
[RELEVANCE-DEBUG] GA053/2 Absatz 44: Score=0.000, Vorkommen=0, Kontext-Absätze=5, HitEnthältQuery=true, KontextEnthältQuery=true, Query="ätherleib"
[RELEVANCE-DEBUG-CONTEXT] Hit-Preview: "Damit haben wir die drei Glieder des menschlichen physischen Körpers und die drei Glieder der mensch..."
[RELEVANCE-DEBUG-CONTEXT] Kontext-Preview: "Wer durch die Anschauung Kenntnis davon haben will, muss lernen, sie zu sehen. Die Aura ist dreigliedrig. Die drei Glieder stecken ineinander wie drei ovale Nebelgebilde, die die menschliche Gestalt u..."
[RELEVANCE-DEBUG] GA054/5 Absatz 51: Score=0.000, Vorkommen=0, Kontext-Absätze=5, HitEnthältQuery=true, KontextEnthältQuery=true, Query="ätherleib"
[RELEVANCE-DEBUG-CONTEXT] Hit-Preview: "Im Sinne dieser Geisteswissenschaft sprechen wir deshalb von einem zweiten Glied der menschlichen We..."
[RELEVANCE-DEBUG-CONTEXT] Kontext-Preview: "Alle Rederei von der Grenze der menschlichen Erkenntnis ist Unsinn. Man sollte reden und fragen: Kann sich der Mensch nicht zu einer höheren Erkenntnisstufe erheben? Ist das nicht vielleicht wirklich,..."
[RELEVANCE-DEBUG] GA054/5 Absatz 61: Score=0.000, Vorkommen=0, Kontext-Absätze=5, HitEnthältQuery=true, KontextEnthältQuery=true, Query="ätherleib"
[RELEVANCE-DEBUG-CONTEXT] Hit-Preview: "Nun gibt es Dinge, die tiefer in die menschliche Natur hineingehen, wo das Ich weiter hineinarbeitet..."
[RELEVANCE-DEBUG-CONTEXT] Kontext-Preview: "Machen Sie sich den Unterschied zwischen den Menschen von diesem Standpunkte aus klar. Vergleichen Sie einen Wilden mit einem europäischen Durchschnittsmenschen, mit einem edlen Idealisten, etwa Schil..."
[RELEVANCE-DEBUG] GA054/5 Absatz 62: Score=0.000, Vorkommen=0, Kontext-Absätze=5, HitEnthältQuery=true, KontextEnthältQuery=true, Query="ätherleib"
[RELEVANCE-DEBUG-CONTEXT] Hit-Preview: "Ebenso wenn das Ich aufgeht in Betrachtung eines Kunstwerkes und eine Ahnung erhält, dass hinter dem..."
[RELEVANCE-DEBUG-CONTEXT] Kontext-Preview: "Noch mehr hat ihn umgestaltet eine solche Persönlichkeit wie Schiller, noch mehr eine solche Persönlichkeit, die in gar keiner Beziehung zu den Leidenschaften steht wie Franz von Assisi, die ganz und ..."
[RELEVANCE-DEBUG] GA054/5 Absatz 63: Score=0.000, Vorkommen=0, Kontext-Absätze=5, HitEnthältQuery=true, KontextEnthältQuery=true, Query="ätherleib"
[RELEVANCE-DEBUG-CONTEXT] Hit-Preview: "Nun ist auch der Ätherleib der Träger von alledem, was mehr oder weniger bleibend ist in der menschl..."
[RELEVANCE-DEBUG-CONTEXT] Kontext-Preview: "Nun gibt es Dinge, die tiefer in die menschliche Natur hineingehen, wo das Ich weiter hineinarbeitet als bloß in den Astralleib. Solange Sie mit bloßen moralischen oder Rechtsgrundsätzen, mit logische..."
[RELEVANCE-DEBUG] GA054/5 Absatz 64: Score=0.000, Vorkommen=0, Kontext-Absätze=5, HitEnthältQuery=true, KontextEnthältQuery=true, Query="ätherleib"
[RELEVANCE-DEBUG-CONTEXT] Hit-Preview: "Aber nun denken Sie nach, wie wenig sich bei den meisten Menschen das ändert, was man Gewohnheiten, ..."
[RELEVANCE-DEBUG-CONTEXT] Kontext-Preview: "Ebenso wenn das Ich aufgeht in Betrachtung eines Kunstwerkes und eine Ahnung erhält, dass hinter dem sinnlichen Dasein ein Ewiges, Verborgenes verkörpert sein kann, dann wirkt die künstlerische Vorste..."
[RELEVANCE-DEBUG] GA054/5 Absatz 65: Score=0.000, Vorkommen=0, Kontext-Absätze=5, HitEnthältQuery=true, KontextEnthältQuery=true, Query="ätherleib"
[RELEVANCE-DEBUG-CONTEXT] Hit-Preview: "Nun gibt es eine noch höhere Entwickelung, die der Chela durchmacht. Die beruht darauf, dass man ein..."
[RELEVANCE-DEBUG-CONTEXT] Kontext-Preview: "Nun ist auch der Ätherleib der Träger von alledem, was mehr oder weniger bleibend ist in der menschlichen Natur. Man hat sich klarzumachen, was für ein Unterschied ist zwischen Entwickelung des Ätherl..."
[RELEVANCE-DEBUG] GA054/5 Absatz 68: Score=0.000, Vorkommen=0, Kontext-Absätze=5, HitEnthältQuery=true, KontextEnthältQuery=true, Query="ätherleib"
[RELEVANCE-DEBUG-CONTEXT] Hit-Preview: "So haben wir sieben Glieder der menschlichen Wesenheit, ebenso wie der Regenbogen sieben Farben und ..."
[RELEVANCE-DEBUG-CONTEXT] Kontext-Preview: "Das Schwierigste für den Menschen ist, dass er bis in seinen physischen Leib hineinarbeiten lernt. Auch darüber, wie das Blut sich bewegt, kann man Herr werden; man kann Einfluss bekommen auf die Nerv..."
[RELEVANCE-DEBUG] GA054/5 Absatz 69: Score=0.000, Vorkommen=0, Kontext-Absätze=5, HitEnthältQuery=true, KontextEnthältQuery=true, Query="ätherleib"
[RELEVANCE-DEBUG-CONTEXT] Hit-Preview: "Nun müssen wir in bezug auf unsere heutige Frage dieses Wesen, diese Natur des Menschen näher anscha..."
[RELEVANCE-DEBUG-CONTEXT] Kontext-Preview: "Wenn der Mensch in seinen physischen Leib hineinarbeiten kann und damit in Verbindung mit dem Kosmos treten lernt, dann entwickelt er sein Atman. Dies ist das höchste Glied der menschlichen Wesenheit,..."
[RELEVANCE-SCORING] 6451 Treffer: hoch=4, mittel=7, niedrig=6440
[RELEVANCE-THRESHOLDS] Schwellwerte relativ zur Gesamthäufigkeit: hoch≥0.586 (3+ Vorkommen), mittel≥0.390 (2+ Vorkommen)
[BACKEND-FILTER] 6451 -> 4 Ergebnisse nach Filter "hoch"
  [Single] "ätherleib"

Extrahierte 1 Suchbegriffe aus "Ätherleib":
ätherleib
GET /.well-known/appspecific/com.chrome.devtools.json
GET /api/quotes
GET /.well-known/appspecific/com.chrome.devtools.json
GET /api/keywords/available-ga-volumes
[API/AVAILABLE-GA-VOLUMES] Request erhalten
[API/AVAILABLE-GA-VOLUMES] fullLectures: 4487 Vorträge
[API/AVAILABLE-GA-VOLUMES] fullBooks: 40 Bücher
[API/AVAILABLE-GA-VOLUMES] Sende 355 Volumes
GET /debug/status
GET /api/steiner-images
[DEBUG] Gefundene Books-Dateien: steiner-books-001-020-part01.json, steiner-books-021-046-part02.json

Gefundene Dateien:
  Search-Dateien: []
  Lecture-Dateien: ["steiner-full-lectures-051-354-part01.json","steiner-full-lectures-051-354-part02.json","steiner-full-lectures-051-354-part03.json","steiner-full-lectures-051-354-part04.json","steiner-full-lectures-051-354-part05.json","steiner-full-lectures-051-354-part06.json","steiner-full-lectures-051-354-part07.json","steiner-full-lectures-051-354-part08.json","steiner-full-lectures-051-354-part09.json","steiner-full-lectures-051-354-part10.json","steiner-full-lectures-051-354-part11.json","steiner-full-lectures-051-354-part12.json","steiner-full-lectures-051-354-part13.json","steiner-full-lectures-051-354-part14.json","steiner-full-lectures-051-354-part15.json","steiner-full-lectures-051-354-part16.json","steiner-full-lectures-051-354-part17.json"]
  Books-Dateien: ["steiner-books-001-020-part01.json","steiner-books-021-046-part02.json"]
GET /api/ga-list
[API/GA-LIST] Request erhalten
[API/GA-LIST] fullLectures: 4487 Vorträge
[API/GA-LIST] fullBooks: 40 Bücher
[API/GA-LIST] Sende 355 GA-Bände
GET /api/list-files
GET /api/ga-list
[API/GA-LIST] Request erhalten
[API/GA-LIST] fullLectures: 4487 Vorträge
[API/GA-LIST] fullBooks: 40 Bücher
[API/GA-LIST] Sende 355 GA-Bände
[SUMMARY-DB] Geladen: 4490 Einträge aus summary-database.json
GET /api/keywords/available-ga-volumes
[API/AVAILABLE-GA-VOLUMES] Request erhalten
[API/AVAILABLE-GA-VOLUMES] fullLectures: 4487 Vorträge
[API/AVAILABLE-GA-VOLUMES] fullBooks: 40 Bücher
[API/AVAILABLE-GA-VOLUMES] Sende 355 Volumes
GET /api/keywords/available-ga-volumes
[API/AVAILABLE-GA-VOLUMES] Request erhalten
[API/AVAILABLE-GA-VOLUMES] fullLectures: 4487 Vorträge
[API/AVAILABLE-GA-VOLUMES] fullBooks: 40 Bücher
[API/AVAILABLE-GA-VOLUMES] Sende 355 Volumes
GET /api/available-years
[INFO] Verfügbare Jahre: 26 Jahre von 1888 bis 1924
[IMAGES-API] Sende Liste von 1057 Vorträgen (ohne Bilder)
GET /api/ga-list
[API/GA-LIST] Request erhalten
[API/GA-LIST] fullLectures: 4487 Vorträge
[API/GA-LIST] fullBooks: 40 Bücher
[API/GA-LIST] Sende 355 GA-Bände
GET /api/keywords/available-ga-volumes
[API/AVAILABLE-GA-VOLUMES] Request erhalten
[API/AVAILABLE-GA-VOLUMES] fullLectures: 4487 Vorträge
[API/AVAILABLE-GA-VOLUMES] fullBooks: 40 Bücher
[API/AVAILABLE-GA-VOLUMES] Sende 355 Volumes
GET /api/available-years
[INFO] Verfügbare Jahre: 26 Jahre von 1888 bis 1924
GET /api/keywords/available-ga-volumes
[API/AVAILABLE-GA-VOLUMES] Request erhalten
[API/AVAILABLE-GA-VOLUMES] fullLectures: 4487 Vorträge
[API/AVAILABLE-GA-VOLUMES] fullBooks: 40 Bücher
[API/AVAILABLE-GA-VOLUMES] Sende 355 Volumes
GET /debug/status
GET /api/steiner-images
[DEBUG] Gefundene Books-Dateien: steiner-books-001-020-part01.json, steiner-books-021-046-part02.json

Gefundene Dateien:
  Search-Dateien: []
  Lecture-Dateien: ["steiner-full-lectures-051-354-part01.json","steiner-full-lectures-051-354-part02.json","steiner-full-lectures-051-354-part03.json","steiner-full-lectures-051-354-part04.json","steiner-full-lectures-051-354-part05.json","steiner-full-lectures-051-354-part06.json","steiner-full-lectures-051-354-part07.json","steiner-full-lectures-051-354-part08.json","steiner-full-lectures-051-354-part09.json","steiner-full-lectures-051-354-part10.json","steiner-full-lectures-051-354-part11.json","steiner-full-lectures-051-354-part12.json","steiner-full-lectures-051-354-part13.json","steiner-full-lectures-051-354-part14.json","steiner-full-lectures-051-354-part15.json","steiner-full-lectures-051-354-part16.json","steiner-full-lectures-051-354-part17.json"]
  Books-Dateien: ["steiner-books-001-020-part01.json","steiner-books-021-046-part02.json"]
GET /api/ga-list
[API/GA-LIST] Request erhalten
[API/GA-LIST] fullLectures: 4487 Vorträge
[API/GA-LIST] fullBooks: 40 Bücher
[API/GA-LIST] Sende 355 GA-Bände
GET /api/list-files
GET /api/ga-list
[API/GA-LIST] Request erhalten
[API/GA-LIST] fullLectures: 4487 Vorträge
[API/GA-LIST] fullBooks: 40 Bücher
[API/GA-LIST] Sende 355 GA-Bände
[SUMMARY-DB] Geladen: 4490 Einträge aus summary-database.json
GET /api/keywords/available-ga-volumes
[API/AVAILABLE-GA-VOLUMES] Request erhalten
[API/AVAILABLE-GA-VOLUMES] fullLectures: 4487 Vorträge
[API/AVAILABLE-GA-VOLUMES] fullBooks: 40 Bücher
[API/AVAILABLE-GA-VOLUMES] Sende 355 Volumes
GET /api/keywords/available-ga-volumes
[API/AVAILABLE-GA-VOLUMES] Request erhalten
[API/AVAILABLE-GA-VOLUMES] fullLectures: 4487 Vorträge
[API/AVAILABLE-GA-VOLUMES] fullBooks: 40 Bücher
[API/AVAILABLE-GA-VOLUMES] Sende 355 Volumes
GET /api/available-years
[INFO] Verfügbare Jahre: 26 Jahre von 1888 bis 1924
[IMAGES-API] Sende Liste von 1057 Vorträgen (ohne Bilder)
GET /api/ga-list
[API/GA-LIST] Request erhalten
[API/GA-LIST] fullLectures: 4487 Vorträge
[API/GA-LIST] fullBooks: 40 Bücher
[API/GA-LIST] Sende 355 GA-Bände
GET /api/keywords/available-ga-volumes
[API/AVAILABLE-GA-VOLUMES] Request erhalten
[API/AVAILABLE-GA-VOLUMES] fullLectures: 4487 Vorträge
[API/AVAILABLE-GA-VOLUMES] fullBooks: 40 Bücher
[API/AVAILABLE-GA-VOLUMES] Sende 355 Volumes
GET /api/available-years
[INFO] Verfügbare Jahre: 26 Jahre von 1888 bis 1924
GET /api/keywords/available-ga-volumes
[API/AVAILABLE-GA-VOLUMES] Request erhalten
[API/AVAILABLE-GA-VOLUMES] fullLectures: 4487 Vorträge
[API/AVAILABLE-GA-VOLUMES] fullBooks: 40 Bücher
[API/AVAILABLE-GA-VOLUMES] Sende 355 Volumes
GET /debug/status
GET /api/steiner-images
[DEBUG] Gefundene Books-Dateien: steiner-books-001-020-part01.json, steiner-books-021-046-part02.json

Gefundene Dateien:
  Search-Dateien: []
  Lecture-Dateien: ["steiner-full-lectures-051-354-part01.json","steiner-full-lectures-051-354-part02.json","steiner-full-lectures-051-354-part03.json","steiner-full-lectures-051-354-part04.json","steiner-full-lectures-051-354-part05.json","steiner-full-lectures-051-354-part06.json","steiner-full-lectures-051-354-part07.json","steiner-full-lectures-051-354-part08.json","steiner-full-lectures-051-354-part09.json","steiner-full-lectures-051-354-part10.json","steiner-full-lectures-051-354-part11.json","steiner-full-lectures-051-354-part12.json","steiner-full-lectures-051-354-part13.json","steiner-full-lectures-051-354-part14.json","steiner-full-lectures-051-354-part15.json","steiner-full-lectures-051-354-part16.json","steiner-full-lectures-051-354-part17.json"]
  Books-Dateien: ["steiner-books-001-020-part01.json","steiner-books-021-046-part02.json"]
GET /api/ga-list
[API/GA-LIST] Request erhalten
[API/GA-LIST] fullLectures: 4487 Vorträge
[API/GA-LIST] fullBooks: 40 Bücher
[API/GA-LIST] Sende 355 GA-Bände
GET /api/list-files
GET /api/ga-list
[API/GA-LIST] Request erhalten
[API/GA-LIST] fullLectures: 4487 Vorträge
[API/GA-LIST] fullBooks: 40 Bücher
[API/GA-LIST] Sende 355 GA-Bände
[SUMMARY-DB] Geladen: 4490 Einträge aus summary-database.json
GET /api/keywords/available-ga-volumes
[API/AVAILABLE-GA-VOLUMES] Request erhalten
[API/AVAILABLE-GA-VOLUMES] fullLectures: 4487 Vorträge
[API/AVAILABLE-GA-VOLUMES] fullBooks: 40 Bücher
[API/AVAILABLE-GA-VOLUMES] Sende 355 Volumes
GET /api/keywords/available-ga-volumes
[API/AVAILABLE-GA-VOLUMES] Request erhalten
[API/AVAILABLE-GA-VOLUMES] fullLectures: 4487 Vorträge
[API/AVAILABLE-GA-VOLUMES] fullBooks: 40 Bücher
[API/AVAILABLE-GA-VOLUMES] Sende 355 Volumes
GET /api/available-years
[INFO] Verfügbare Jahre: 26 Jahre von 1888 bis 1924
GET /api/ga-list
[API/GA-LIST] Request erhalten
[API/GA-LIST] fullLectures: 4487 Vorträge
[API/GA-LIST] fullBooks: 40 Bücher
[API/GA-LIST] Sende 355 GA-Bände
GET /api/keywords/available-ga-volumes
[API/AVAILABLE-GA-VOLUMES] Request erhalten
[API/AVAILABLE-GA-VOLUMES] fullLectures: 4487 Vorträge
[API/AVAILABLE-GA-VOLUMES] fullBooks: 40 Bücher
[API/AVAILABLE-GA-VOLUMES] Sende 355 Volumes
GET /api/available-years
[INFO] Verfügbare Jahre: 26 Jahre von 1888 bis 1924
[IMAGES-API] Sende Liste von 1057 Vorträgen (ohne Bilder)
GET /api/quotes
GET /api/keywords/available-ga-volumes
[API/AVAILABLE-GA-VOLUMES] Request erhalten
[API/AVAILABLE-GA-VOLUMES] fullLectures: 4487 Vorträge
[API/AVAILABLE-GA-VOLUMES] fullBooks: 40 Bücher
[API/AVAILABLE-GA-VOLUMES] Sende 355 Volumes
GET /debug/status
GET /api/steiner-images
[DEBUG] Gefundene Books-Dateien: steiner-books-001-020-part01.json, steiner-books-021-046-part02.json

Gefundene Dateien:
  Search-Dateien: []
  Lecture-Dateien: ["steiner-full-lectures-051-354-part01.json","steiner-full-lectures-051-354-part02.json","steiner-full-lectures-051-354-part03.json","steiner-full-lectures-051-354-part04.json","steiner-full-lectures-051-354-part05.json","steiner-full-lectures-051-354-part06.json","steiner-full-lectures-051-354-part07.json","steiner-full-lectures-051-354-part08.json","steiner-full-lectures-051-354-part09.json","steiner-full-lectures-051-354-part10.json","steiner-full-lectures-051-354-part11.json","steiner-full-lectures-051-354-part12.json","steiner-full-lectures-051-354-part13.json","steiner-full-lectures-051-354-part14.json","steiner-full-lectures-051-354-part15.json","steiner-full-lectures-051-354-part16.json","steiner-full-lectures-051-354-part17.json"]
  Books-Dateien: ["steiner-books-001-020-part01.json","steiner-books-021-046-part02.json"]
GET /api/ga-list
[API/GA-LIST] Request erhalten
[API/GA-LIST] fullLectures: 4487 Vorträge
[API/GA-LIST] fullBooks: 40 Bücher
[API/GA-LIST] Sende 355 GA-Bände
GET /api/list-files
GET /api/keywords/available-ga-volumes
[API/AVAILABLE-GA-VOLUMES] Request erhalten
[API/AVAILABLE-GA-VOLUMES] fullLectures: 4487 Vorträge
[API/AVAILABLE-GA-VOLUMES] fullBooks: 40 Bücher
[API/AVAILABLE-GA-VOLUMES] Sende 355 Volumes
GET /api/ga-list
[API/GA-LIST] Request erhalten
[API/GA-LIST] fullLectures: 4487 Vorträge
[API/GA-LIST] fullBooks: 40 Bücher
[API/GA-LIST] Sende 355 GA-Bände
GET /api/available-years
[INFO] Verfügbare Jahre: 26 Jahre von 1888 bis 1924
GET /api/keywords/available-ga-volumes
[API/AVAILABLE-GA-VOLUMES] Request erhalten
[API/AVAILABLE-GA-VOLUMES] fullLectures: 4487 Vorträge
[API/AVAILABLE-GA-VOLUMES] fullBooks: 40 Bücher
[API/AVAILABLE-GA-VOLUMES] Sende 355 Volumes
GET /api/available-years
[INFO] Verfügbare Jahre: 26 Jahre von 1888 bis 1924
[SUMMARY-DB] Geladen: 4490 Einträge aus summary-database.json
[IMAGES-API] Sende Liste von 1057 Vorträgen (ohne Bilder)
POST /api/fulltext-search
Volltext-Suche: Ätherleib [Relevanz-Filter: ohne]
Volltext-Suche: 6451 Absätze gefunden (Vorträge + Bücher)
[RELEVANCE-DEBUG] GA053/2 Absatz 34: Score=0.000, Vorkommen=0, Kontext-Absätze=5, HitEnthältQuery=true, KontextEnthältQuery=true, Query="ätherleib"
[RELEVANCE-DEBUG-CONTEXT] Hit-Preview: "Und dasjenige, was im Tierkörper ebenso hinausragt über das bloße Wachsen und Fortpflanzen, dasjenig..."
[RELEVANCE-DEBUG-CONTEXT] Kontext-Preview: "Die Ausführung dieser Anleitung muss natürlich mit der allergrößten Vorsicht geschehen, denn es sind allerlei Illusionen auf diesem Gebiete möglich. Allein, wer wirklich weiß, mit welcher Vorsicht, mi..."
[RELEVANCE-DEBUG] GA053/2 Absatz 44: Score=0.000, Vorkommen=0, Kontext-Absätze=5, HitEnthältQuery=true, KontextEnthältQuery=true, Query="ätherleib"
[RELEVANCE-DEBUG-CONTEXT] Hit-Preview: "Damit haben wir die drei Glieder des menschlichen physischen Körpers und die drei Glieder der mensch..."
[RELEVANCE-DEBUG-CONTEXT] Kontext-Preview: "Wer durch die Anschauung Kenntnis davon haben will, muss lernen, sie zu sehen. Die Aura ist dreigliedrig. Die drei Glieder stecken ineinander wie drei ovale Nebelgebilde, die die menschliche Gestalt u..."
[RELEVANCE-DEBUG] GA054/5 Absatz 51: Score=0.000, Vorkommen=0, Kontext-Absätze=5, HitEnthältQuery=true, KontextEnthältQuery=true, Query="ätherleib"
[RELEVANCE-DEBUG-CONTEXT] Hit-Preview: "Im Sinne dieser Geisteswissenschaft sprechen wir deshalb von einem zweiten Glied der menschlichen We..."
[RELEVANCE-DEBUG-CONTEXT] Kontext-Preview: "Alle Rederei von der Grenze der menschlichen Erkenntnis ist Unsinn. Man sollte reden und fragen: Kann sich der Mensch nicht zu einer höheren Erkenntnisstufe erheben? Ist das nicht vielleicht wirklich,..."
[RELEVANCE-DEBUG] GA054/5 Absatz 61: Score=0.000, Vorkommen=0, Kontext-Absätze=5, HitEnthältQuery=true, KontextEnthältQuery=true, Query="ätherleib"
[RELEVANCE-DEBUG-CONTEXT] Hit-Preview: "Nun gibt es Dinge, die tiefer in die menschliche Natur hineingehen, wo das Ich weiter hineinarbeitet..."
[RELEVANCE-DEBUG-CONTEXT] Kontext-Preview: "Machen Sie sich den Unterschied zwischen den Menschen von diesem Standpunkte aus klar. Vergleichen Sie einen Wilden mit einem europäischen Durchschnittsmenschen, mit einem edlen Idealisten, etwa Schil..."
[RELEVANCE-DEBUG] GA054/5 Absatz 62: Score=0.000, Vorkommen=0, Kontext-Absätze=5, HitEnthältQuery=true, KontextEnthältQuery=true, Query="ätherleib"
[RELEVANCE-DEBUG-CONTEXT] Hit-Preview: "Ebenso wenn das Ich aufgeht in Betrachtung eines Kunstwerkes und eine Ahnung erhält, dass hinter dem..."
[RELEVANCE-DEBUG-CONTEXT] Kontext-Preview: "Noch mehr hat ihn umgestaltet eine solche Persönlichkeit wie Schiller, noch mehr eine solche Persönlichkeit, die in gar keiner Beziehung zu den Leidenschaften steht wie Franz von Assisi, die ganz und ..."
[RELEVANCE-DEBUG] GA054/5 Absatz 63: Score=0.000, Vorkommen=0, Kontext-Absätze=5, HitEnthältQuery=true, KontextEnthältQuery=true, Query="ätherleib"
[RELEVANCE-DEBUG-CONTEXT] Hit-Preview: "Nun ist auch der Ätherleib der Träger von alledem, was mehr oder weniger bleibend ist in der menschl..."
[RELEVANCE-DEBUG-CONTEXT] Kontext-Preview: "Nun gibt es Dinge, die tiefer in die menschliche Natur hineingehen, wo das Ich weiter hineinarbeitet als bloß in den Astralleib. Solange Sie mit bloßen moralischen oder Rechtsgrundsätzen, mit logische..."
[RELEVANCE-DEBUG] GA054/5 Absatz 64: Score=0.000, Vorkommen=0, Kontext-Absätze=5, HitEnthältQuery=true, KontextEnthältQuery=true, Query="ätherleib"
[RELEVANCE-DEBUG-CONTEXT] Hit-Preview: "Aber nun denken Sie nach, wie wenig sich bei den meisten Menschen das ändert, was man Gewohnheiten, ..."
[RELEVANCE-DEBUG-CONTEXT] Kontext-Preview: "Ebenso wenn das Ich aufgeht in Betrachtung eines Kunstwerkes und eine Ahnung erhält, dass hinter dem sinnlichen Dasein ein Ewiges, Verborgenes verkörpert sein kann, dann wirkt die künstlerische Vorste..."
[RELEVANCE-DEBUG] GA054/5 Absatz 65: Score=0.000, Vorkommen=0, Kontext-Absätze=5, HitEnthältQuery=true, KontextEnthältQuery=true, Query="ätherleib"
[RELEVANCE-DEBUG-CONTEXT] Hit-Preview: "Nun gibt es eine noch höhere Entwickelung, die der Chela durchmacht. Die beruht darauf, dass man ein..."
[RELEVANCE-DEBUG-CONTEXT] Kontext-Preview: "Nun ist auch der Ätherleib der Träger von alledem, was mehr oder weniger bleibend ist in der menschlichen Natur. Man hat sich klarzumachen, was für ein Unterschied ist zwischen Entwickelung des Ätherl..."
[RELEVANCE-DEBUG] GA054/5 Absatz 68: Score=0.000, Vorkommen=0, Kontext-Absätze=5, HitEnthältQuery=true, KontextEnthältQuery=true, Query="ätherleib"
[RELEVANCE-DEBUG-CONTEXT] Hit-Preview: "So haben wir sieben Glieder der menschlichen Wesenheit, ebenso wie der Regenbogen sieben Farben und ..."
[RELEVANCE-DEBUG-CONTEXT] Kontext-Preview: "Das Schwierigste für den Menschen ist, dass er bis in seinen physischen Leib hineinarbeiten lernt. Auch darüber, wie das Blut sich bewegt, kann man Herr werden; man kann Einfluss bekommen auf die Nerv..."
[RELEVANCE-DEBUG] GA054/5 Absatz 69: Score=0.000, Vorkommen=0, Kontext-Absätze=5, HitEnthältQuery=true, KontextEnthältQuery=true, Query="ätherleib"
[RELEVANCE-DEBUG-CONTEXT] Hit-Preview: "Nun müssen wir in bezug auf unsere heutige Frage dieses Wesen, diese Natur des Menschen näher anscha..."
[RELEVANCE-DEBUG-CONTEXT] Kontext-Preview: "Wenn der Mensch in seinen physischen Leib hineinarbeiten kann und damit in Verbindung mit dem Kosmos treten lernt, dann entwickelt er sein Atman. Dies ist das höchste Glied der menschlichen Wesenheit,..."
[RELEVANCE-SCORING] 6451 Treffer: hoch=4, mittel=7, niedrig=6440
[RELEVANCE-THRESHOLDS] Schwellwerte relativ zur Gesamthäufigkeit: hoch≥0.586 (3+ Vorkommen), mittel≥0.390 (2+ Vorkommen)
  [Single] "ätherleib"

Extrahierte 1 Suchbegriffe aus "Ätherleib":
ätherleib
POST /api/fulltext-search
Volltext-Suche: Ätherleib [Relevanz-Filter: hoch]
Volltext-Suche: 6451 Absätze gefunden (Vorträge + Bücher)
[RELEVANCE-DEBUG] GA053/2 Absatz 34: Score=0.000, Vorkommen=0, Kontext-Absätze=5, HitEnthältQuery=true, KontextEnthältQuery=true, Query="ätherleib"
[RELEVANCE-DEBUG-CONTEXT] Hit-Preview: "Und dasjenige, was im Tierkörper ebenso hinausragt über das bloße Wachsen und Fortpflanzen, dasjenig..."
[RELEVANCE-DEBUG-CONTEXT] Kontext-Preview: "Die Ausführung dieser Anleitung muss natürlich mit der allergrößten Vorsicht geschehen, denn es sind allerlei Illusionen auf diesem Gebiete möglich. Allein, wer wirklich weiß, mit welcher Vorsicht, mi..."
[RELEVANCE-DEBUG] GA053/2 Absatz 44: Score=0.000, Vorkommen=0, Kontext-Absätze=5, HitEnthältQuery=true, KontextEnthältQuery=true, Query="ätherleib"
[RELEVANCE-DEBUG-CONTEXT] Hit-Preview: "Damit haben wir die drei Glieder des menschlichen physischen Körpers und die drei Glieder der mensch..."
[RELEVANCE-DEBUG-CONTEXT] Kontext-Preview: "Wer durch die Anschauung Kenntnis davon haben will, muss lernen, sie zu sehen. Die Aura ist dreigliedrig. Die drei Glieder stecken ineinander wie drei ovale Nebelgebilde, die die menschliche Gestalt u..."
[RELEVANCE-DEBUG] GA054/5 Absatz 51: Score=0.000, Vorkommen=0, Kontext-Absätze=5, HitEnthältQuery=true, KontextEnthältQuery=true, Query="ätherleib"
[RELEVANCE-DEBUG-CONTEXT] Hit-Preview: "Im Sinne dieser Geisteswissenschaft sprechen wir deshalb von einem zweiten Glied der menschlichen We..."
[RELEVANCE-DEBUG-CONTEXT] Kontext-Preview: "Alle Rederei von der Grenze der menschlichen Erkenntnis ist Unsinn. Man sollte reden und fragen: Kann sich der Mensch nicht zu einer höheren Erkenntnisstufe erheben? Ist das nicht vielleicht wirklich,..."
[RELEVANCE-DEBUG] GA054/5 Absatz 61: Score=0.000, Vorkommen=0, Kontext-Absätze=5, HitEnthältQuery=true, KontextEnthältQuery=true, Query="ätherleib"
[RELEVANCE-DEBUG-CONTEXT] Hit-Preview: "Nun gibt es Dinge, die tiefer in die menschliche Natur hineingehen, wo das Ich weiter hineinarbeitet..."
[RELEVANCE-DEBUG-CONTEXT] Kontext-Preview: "Machen Sie sich den Unterschied zwischen den Menschen von diesem Standpunkte aus klar. Vergleichen Sie einen Wilden mit einem europäischen Durchschnittsmenschen, mit einem edlen Idealisten, etwa Schil..."
[RELEVANCE-DEBUG] GA054/5 Absatz 62: Score=0.000, Vorkommen=0, Kontext-Absätze=5, HitEnthältQuery=true, KontextEnthältQuery=true, Query="ätherleib"
[RELEVANCE-DEBUG-CONTEXT] Hit-Preview: "Ebenso wenn das Ich aufgeht in Betrachtung eines Kunstwerkes und eine Ahnung erhält, dass hinter dem..."
[RELEVANCE-DEBUG-CONTEXT] Kontext-Preview: "Noch mehr hat ihn umgestaltet eine solche Persönlichkeit wie Schiller, noch mehr eine solche Persönlichkeit, die in gar keiner Beziehung zu den Leidenschaften steht wie Franz von Assisi, die ganz und ..."
[RELEVANCE-DEBUG] GA054/5 Absatz 63: Score=0.000, Vorkommen=0, Kontext-Absätze=5, HitEnthältQuery=true, KontextEnthältQuery=true, Query="ätherleib"
[RELEVANCE-DEBUG-CONTEXT] Hit-Preview: "Nun ist auch der Ätherleib der Träger von alledem, was mehr oder weniger bleibend ist in der menschl..."
[RELEVANCE-DEBUG-CONTEXT] Kontext-Preview: "Nun gibt es Dinge, die tiefer in die menschliche Natur hineingehen, wo das Ich weiter hineinarbeitet als bloß in den Astralleib. Solange Sie mit bloßen moralischen oder Rechtsgrundsätzen, mit logische..."
[RELEVANCE-DEBUG] GA054/5 Absatz 64: Score=0.000, Vorkommen=0, Kontext-Absätze=5, HitEnthältQuery=true, KontextEnthältQuery=true, Query="ätherleib"
[RELEVANCE-DEBUG-CONTEXT] Hit-Preview: "Aber nun denken Sie nach, wie wenig sich bei den meisten Menschen das ändert, was man Gewohnheiten, ..."
[RELEVANCE-DEBUG-CONTEXT] Kontext-Preview: "Ebenso wenn das Ich aufgeht in Betrachtung eines Kunstwerkes und eine Ahnung erhält, dass hinter dem sinnlichen Dasein ein Ewiges, Verborgenes verkörpert sein kann, dann wirkt die künstlerische Vorste..."
[RELEVANCE-DEBUG] GA054/5 Absatz 65: Score=0.000, Vorkommen=0, Kontext-Absätze=5, HitEnthältQuery=true, KontextEnthältQuery=true, Query="ätherleib"
[RELEVANCE-DEBUG-CONTEXT] Hit-Preview: "Nun gibt es eine noch höhere Entwickelung, die der Chela durchmacht. Die beruht darauf, dass man ein..."
[RELEVANCE-DEBUG-CONTEXT] Kontext-Preview: "Nun ist auch der Ätherleib der Träger von alledem, was mehr oder weniger bleibend ist in der menschlichen Natur. Man hat sich klarzumachen, was für ein Unterschied ist zwischen Entwickelung des Ätherl..."
[RELEVANCE-DEBUG] GA054/5 Absatz 68: Score=0.000, Vorkommen=0, Kontext-Absätze=5, HitEnthältQuery=true, KontextEnthältQuery=true, Query="ätherleib"
[RELEVANCE-DEBUG-CONTEXT] Hit-Preview: "So haben wir sieben Glieder der menschlichen Wesenheit, ebenso wie der Regenbogen sieben Farben und ..."
[RELEVANCE-DEBUG-CONTEXT] Kontext-Preview: "Das Schwierigste für den Menschen ist, dass er bis in seinen physischen Leib hineinarbeiten lernt. Auch darüber, wie das Blut sich bewegt, kann man Herr werden; man kann Einfluss bekommen auf die Nerv..."
[RELEVANCE-DEBUG] GA054/5 Absatz 69: Score=0.000, Vorkommen=0, Kontext-Absätze=5, HitEnthältQuery=true, KontextEnthältQuery=true, Query="ätherleib"
[RELEVANCE-DEBUG-CONTEXT] Hit-Preview: "Nun müssen wir in bezug auf unsere heutige Frage dieses Wesen, diese Natur des Menschen näher anscha..."
[RELEVANCE-DEBUG-CONTEXT] Kontext-Preview: "Wenn der Mensch in seinen physischen Leib hineinarbeiten kann und damit in Verbindung mit dem Kosmos treten lernt, dann entwickelt er sein Atman. Dies ist das höchste Glied der menschlichen Wesenheit,..."
[RELEVANCE-SCORING] 6451 Treffer: hoch=4, mittel=7, niedrig=6440
[RELEVANCE-THRESHOLDS] Schwellwerte relativ zur Gesamthäufigkeit: hoch≥0.586 (3+ Vorkommen), mittel≥0.390 (2+ Vorkommen)
[BACKEND-FILTER] 6451 -> 4 Ergebnisse nach Filter "hoch"
  [Single] "ätherleib"

Extrahierte 1 Suchbegriffe aus "Ätherleib":
ätherleib

✓ Server läuft auf http://localhost:3003

Verfügbare Endpoints:
   GET  /debug/status
   POST /api/hybrid-search
   POST /api/fulltext-search
   POST /api/thematic-hybrid-search
   POST /api/concept-overview
   POST /api/summarize-lecture
   GET  /api/check-summary/:gaNumber/:lectureNum
   GET  /api/full-lecture/:lectureId
   GET  /api/full-lecture/:gaNumber/:lectureNum
   GET  /api/lectures/list
   GET  /api/available-ga
   GET  /api/ga-overview/:gaNumber
   GET  /api/book/:gaNumber
   GET  /ga-overview-map.json
   POST /api/admin/generate-synonyms
   GET  /api/admin/synonym-stats
   POST /api/save-summary
   POST /api/keywords-generate
   POST /api/keyword-thematic-search
   POST /api/concepts-save
   POST /api/concepts-add
   POST /api/concepts-delete
   GET  /api/concepts-files
   GET  /api/concepts-list
   POST /api/save-marked-word
   GET  /summary-database.json
   POST /api/generate-summary-keywords-batch
   POST /api/generate-summary-keywords-for-lectures
   GET  /summary-keywords-database.json
   GET  /thematic-search-database.json
   POST /api/generate-keywords
   GET  /api/keywords-database
   GET  /api/keywords-stats
   POST /api/generate-themes
   GET  /api/themes-database
   GET  /api/timeline-data

✓ System bereit!

GET /api/keywords/available-ga-volumes
[API/AVAILABLE-GA-VOLUMES] Request erhalten
[API/AVAILABLE-GA-VOLUMES] fullLectures: 4487 Vorträge
[API/AVAILABLE-GA-VOLUMES] fullBooks: 40 Bücher
[API/AVAILABLE-GA-VOLUMES] Sende 355 Volumes
GET /debug/status
GET /api/steiner-images
[DEBUG] Gefundene Books-Dateien: steiner-books-001-020-part01.json, steiner-books-021-046-part02.json

Gefundene Dateien:
  Search-Dateien: []
  Lecture-Dateien: ["steiner-full-lectures-051-354-part01.json","steiner-full-lectures-051-354-part02.json","steiner-full-lectures-051-354-part03.json","steiner-full-lectures-051-354-part04.json","steiner-full-lectures-051-354-part05.json","steiner-full-lectures-051-354-part06.json","steiner-full-lectures-051-354-part07.json","steiner-full-lectures-051-354-part08.json","steiner-full-lectures-051-354-part09.json","steiner-full-lectures-051-354-part10.json","steiner-full-lectures-051-354-part11.json","steiner-full-lectures-051-354-part12.json","steiner-full-lectures-051-354-part13.json","steiner-full-lectures-051-354-part14.json","steiner-full-lectures-051-354-part15.json","steiner-full-lectures-051-354-part16.json","steiner-full-lectures-051-354-part17.json"]
  Books-Dateien: ["steiner-books-001-020-part01.json","steiner-books-021-046-part02.json"]
GET /api/ga-list
[API/GA-LIST] Request erhalten
[API/GA-LIST] fullLectures: 4487 Vorträge
[API/GA-LIST] fullBooks: 40 Bücher
[API/GA-LIST] Sende 355 GA-Bände
GET /api/list-files
GET /api/keywords/available-ga-volumes
[API/AVAILABLE-GA-VOLUMES] Request erhalten
[API/AVAILABLE-GA-VOLUMES] fullLectures: 4487 Vorträge
[API/AVAILABLE-GA-VOLUMES] fullBooks: 40 Bücher
[API/AVAILABLE-GA-VOLUMES] Sende 355 Volumes
GET /api/ga-list
[API/GA-LIST] Request erhalten
[API/GA-LIST] fullLectures: 4487 Vorträge
[API/GA-LIST] fullBooks: 40 Bücher
[API/GA-LIST] Sende 355 GA-Bände
GET /api/available-years
[INFO] Verfügbare Jahre: 26 Jahre von 1888 bis 1924
GET /api/keywords/available-ga-volumes
[API/AVAILABLE-GA-VOLUMES] Request erhalten
[API/AVAILABLE-GA-VOLUMES] fullLectures: 4487 Vorträge
[API/AVAILABLE-GA-VOLUMES] fullBooks: 40 Bücher
[API/AVAILABLE-GA-VOLUMES] Sende 355 Volumes
GET /api/available-years
[INFO] Verfügbare Jahre: 26 Jahre von 1888 bis 1924
[SUMMARY-DB] Geladen: 4490 Einträge aus summary-database.json
[IMAGES-API] Sende Liste von 1057 Vorträgen (ohne Bilder)
POST /api/fulltext-search
Volltext-Suche: Ätherleib [Relevanz-Filter: ohne]
Volltext-Suche: 6451 Absätze gefunden (Vorträge + Bücher)
[RELEVANCE-DEBUG] GA053/2 Absatz 34: Score=0.300, Vorkommen=1, Kontext-Absätze=5, HitEnthältQuery=true, KontextEnthältQuery=true, Query="ätherleib"
[RELEVANCE-DEBUG-CONTEXT] Hit-Preview: "Und dasjenige, was im Tierkörper ebenso hinausragt über das bloße Wachsen und Fortpflanzen, dasjenig..."
[RELEVANCE-DEBUG-CONTEXT] Kontext-Preview: "Die Ausführung dieser Anleitung muss natürlich mit der allergrößten Vorsicht geschehen, denn es sind allerlei Illusionen auf diesem Gebiete möglich. Allein, wer wirklich weiß, mit welcher Vorsicht, mi..."
[RELEVANCE-DEBUG] GA053/2 Absatz 44: Score=0.300, Vorkommen=1, Kontext-Absätze=5, HitEnthältQuery=true, KontextEnthältQuery=true, Query="ätherleib"
[RELEVANCE-DEBUG-CONTEXT] Hit-Preview: "Damit haben wir die drei Glieder des menschlichen physischen Körpers und die drei Glieder der mensch..."
[RELEVANCE-DEBUG-CONTEXT] Kontext-Preview: "Wer durch die Anschauung Kenntnis davon haben will, muss lernen, sie zu sehen. Die Aura ist dreigliedrig. Die drei Glieder stecken ineinander wie drei ovale Nebelgebilde, die die menschliche Gestalt u..."
[RELEVANCE-DEBUG] GA054/5 Absatz 51: Score=0.500, Vorkommen=2, Kontext-Absätze=5, HitEnthältQuery=true, KontextEnthältQuery=true, Query="ätherleib"
[RELEVANCE-DEBUG-CONTEXT] Hit-Preview: "Im Sinne dieser Geisteswissenschaft sprechen wir deshalb von einem zweiten Glied der menschlichen We..."
[RELEVANCE-DEBUG-CONTEXT] Kontext-Preview: "Alle Rederei von der Grenze der menschlichen Erkenntnis ist Unsinn. Man sollte reden und fragen: Kann sich der Mensch nicht zu einer höheren Erkenntnisstufe erheben? Ist das nicht vielleicht wirklich,..."
[RELEVANCE-DEBUG] GA054/5 Absatz 61: Score=0.680, Vorkommen=4, Kontext-Absätze=5, HitEnthältQuery=true, KontextEnthältQuery=true, Query="ätherleib"
[RELEVANCE-DEBUG-CONTEXT] Hit-Preview: "Nun gibt es Dinge, die tiefer in die menschliche Natur hineingehen, wo das Ich weiter hineinarbeitet..."
[RELEVANCE-DEBUG-CONTEXT] Kontext-Preview: "Machen Sie sich den Unterschied zwischen den Menschen von diesem Standpunkte aus klar. Vergleichen Sie einen Wilden mit einem europäischen Durchschnittsmenschen, mit einem edlen Idealisten, etwa Schil..."
[RELEVANCE-DEBUG] GA054/5 Absatz 62: Score=0.720, Vorkommen=6, Kontext-Absätze=5, HitEnthältQuery=true, KontextEnthältQuery=true, Query="ätherleib"
[RELEVANCE-DEBUG-CONTEXT] Hit-Preview: "Ebenso wenn das Ich aufgeht in Betrachtung eines Kunstwerkes und eine Ahnung erhält, dass hinter dem..."
[RELEVANCE-DEBUG-CONTEXT] Kontext-Preview: "Noch mehr hat ihn umgestaltet eine solche Persönlichkeit wie Schiller, noch mehr eine solche Persönlichkeit, die in gar keiner Beziehung zu den Leidenschaften steht wie Franz von Assisi, die ganz und ..."
[RELEVANCE-DEBUG] GA054/5 Absatz 63: Score=0.760, Vorkommen=8, Kontext-Absätze=5, HitEnthältQuery=true, KontextEnthältQuery=true, Query="ätherleib"
[RELEVANCE-DEBUG-CONTEXT] Hit-Preview: "Nun ist auch der Ätherleib der Träger von alledem, was mehr oder weniger bleibend ist in der menschl..."
[RELEVANCE-DEBUG-CONTEXT] Kontext-Preview: "Nun gibt es Dinge, die tiefer in die menschliche Natur hineingehen, wo das Ich weiter hineinarbeitet als bloß in den Astralleib. Solange Sie mit bloßen moralischen oder Rechtsgrundsätzen, mit logische..."
[RELEVANCE-DEBUG] GA054/5 Absatz 64: Score=0.740, Vorkommen=7, Kontext-Absätze=5, HitEnthältQuery=true, KontextEnthältQuery=true, Query="ätherleib"
[RELEVANCE-DEBUG-CONTEXT] Hit-Preview: "Aber nun denken Sie nach, wie wenig sich bei den meisten Menschen das ändert, was man Gewohnheiten, ..."
[RELEVANCE-DEBUG-CONTEXT] Kontext-Preview: "Ebenso wenn das Ich aufgeht in Betrachtung eines Kunstwerkes und eine Ahnung erhält, dass hinter dem sinnlichen Dasein ein Ewiges, Verborgenes verkörpert sein kann, dann wirkt die künstlerische Vorste..."
[RELEVANCE-DEBUG] GA054/5 Absatz 65: Score=0.700, Vorkommen=5, Kontext-Absätze=5, HitEnthältQuery=true, KontextEnthältQuery=true, Query="ätherleib"
[RELEVANCE-DEBUG-CONTEXT] Hit-Preview: "Nun gibt es eine noch höhere Entwickelung, die der Chela durchmacht. Die beruht darauf, dass man ein..."
[RELEVANCE-DEBUG-CONTEXT] Kontext-Preview: "Nun ist auch der Ätherleib der Träger von alledem, was mehr oder weniger bleibend ist in der menschlichen Natur. Man hat sich klarzumachen, was für ein Unterschied ist zwischen Entwickelung des Ätherl..."
[RELEVANCE-DEBUG] GA054/5 Absatz 68: Score=0.700, Vorkommen=5, Kontext-Absätze=5, HitEnthältQuery=true, KontextEnthältQuery=true, Query="ätherleib"
[RELEVANCE-DEBUG-CONTEXT] Hit-Preview: "So haben wir sieben Glieder der menschlichen Wesenheit, ebenso wie der Regenbogen sieben Farben und ..."
[RELEVANCE-DEBUG-CONTEXT] Kontext-Preview: "Das Schwierigste für den Menschen ist, dass er bis in seinen physischen Leib hineinarbeiten lernt. Auch darüber, wie das Blut sich bewegt, kann man Herr werden; man kann Einfluss bekommen auf die Nerv..."
[RELEVANCE-DEBUG] GA054/5 Absatz 69: Score=0.740, Vorkommen=7, Kontext-Absätze=5, HitEnthältQuery=true, KontextEnthältQuery=true, Query="ätherleib"
[RELEVANCE-DEBUG-CONTEXT] Hit-Preview: "Nun müssen wir in bezug auf unsere heutige Frage dieses Wesen, diese Natur des Menschen näher anscha..."
[RELEVANCE-DEBUG-CONTEXT] Kontext-Preview: "Wenn der Mensch in seinen physischen Leib hineinarbeiten kann und damit in Verbindung mit dem Kosmos treten lernt, dann entwickelt er sein Atman. Dies ist das höchste Glied der menschlichen Wesenheit,..."
[RELEVANCE-SCORING] 6451 Treffer: hoch=3497, mittel=1079, niedrig=1875
[RELEVANCE-THRESHOLDS] Schwellwerte relativ zur Gesamthäufigkeit: hoch≥0.586 (3+ Vorkommen), mittel≥0.390 (2+ Vorkommen)
  [Single] "ätherleib"

Extrahierte 1 Suchbegriffe aus "Ätherleib":
ätherleib
POST /api/fulltext-search
Volltext-Suche: Ätherleib [Relevanz-Filter: hoch]
Volltext-Suche: 6451 Absätze gefunden (Vorträge + Bücher)
[RELEVANCE-DEBUG] GA053/2 Absatz 34: Score=0.300, Vorkommen=1, Kontext-Absätze=5, HitEnthältQuery=true, KontextEnthältQuery=true, Query="ätherleib"
[RELEVANCE-DEBUG-CONTEXT] Hit-Preview: "Und dasjenige, was im Tierkörper ebenso hinausragt über das bloße Wachsen und Fortpflanzen, dasjenig..."
[RELEVANCE-DEBUG-CONTEXT] Kontext-Preview: "Die Ausführung dieser Anleitung muss natürlich mit der allergrößten Vorsicht geschehen, denn es sind allerlei Illusionen auf diesem Gebiete möglich. Allein, wer wirklich weiß, mit welcher Vorsicht, mi..."
[RELEVANCE-DEBUG] GA053/2 Absatz 44: Score=0.300, Vorkommen=1, Kontext-Absätze=5, HitEnthältQuery=true, KontextEnthältQuery=true, Query="ätherleib"
[RELEVANCE-DEBUG-CONTEXT] Hit-Preview: "Damit haben wir die drei Glieder des menschlichen physischen Körpers und die drei Glieder der mensch..."
[RELEVANCE-DEBUG-CONTEXT] Kontext-Preview: "Wer durch die Anschauung Kenntnis davon haben will, muss lernen, sie zu sehen. Die Aura ist dreigliedrig. Die drei Glieder stecken ineinander wie drei ovale Nebelgebilde, die die menschliche Gestalt u..."
[RELEVANCE-DEBUG] GA054/5 Absatz 51: Score=0.500, Vorkommen=2, Kontext-Absätze=5, HitEnthältQuery=true, KontextEnthältQuery=true, Query="ätherleib"
[RELEVANCE-DEBUG-CONTEXT] Hit-Preview: "Im Sinne dieser Geisteswissenschaft sprechen wir deshalb von einem zweiten Glied der menschlichen We..."
[RELEVANCE-DEBUG-CONTEXT] Kontext-Preview: "Alle Rederei von der Grenze der menschlichen Erkenntnis ist Unsinn. Man sollte reden und fragen: Kann sich der Mensch nicht zu einer höheren Erkenntnisstufe erheben? Ist das nicht vielleicht wirklich,..."
[RELEVANCE-DEBUG] GA054/5 Absatz 61: Score=0.680, Vorkommen=4, Kontext-Absätze=5, HitEnthältQuery=true, KontextEnthältQuery=true, Query="ätherleib"
[RELEVANCE-DEBUG-CONTEXT] Hit-Preview: "Nun gibt es Dinge, die tiefer in die menschliche Natur hineingehen, wo das Ich weiter hineinarbeitet..."
[RELEVANCE-DEBUG-CONTEXT] Kontext-Preview: "Machen Sie sich den Unterschied zwischen den Menschen von diesem Standpunkte aus klar. Vergleichen Sie einen Wilden mit einem europäischen Durchschnittsmenschen, mit einem edlen Idealisten, etwa Schil..."
[RELEVANCE-DEBUG] GA054/5 Absatz 62: Score=0.720, Vorkommen=6, Kontext-Absätze=5, HitEnthältQuery=true, KontextEnthältQuery=true, Query="ätherleib"
[RELEVANCE-DEBUG-CONTEXT] Hit-Preview: "Ebenso wenn das Ich aufgeht in Betrachtung eines Kunstwerkes und eine Ahnung erhält, dass hinter dem..."
[RELEVANCE-DEBUG-CONTEXT] Kontext-Preview: "Noch mehr hat ihn umgestaltet eine solche Persönlichkeit wie Schiller, noch mehr eine solche Persönlichkeit, die in gar keiner Beziehung zu den Leidenschaften steht wie Franz von Assisi, die ganz und ..."
[RELEVANCE-DEBUG] GA054/5 Absatz 63: Score=0.760, Vorkommen=8, Kontext-Absätze=5, HitEnthältQuery=true, KontextEnthältQuery=true, Query="ätherleib"
[RELEVANCE-DEBUG-CONTEXT] Hit-Preview: "Nun ist auch der Ätherleib der Träger von alledem, was mehr oder weniger bleibend ist in der menschl..."
[RELEVANCE-DEBUG-CONTEXT] Kontext-Preview: "Nun gibt es Dinge, die tiefer in die menschliche Natur hineingehen, wo das Ich weiter hineinarbeitet als bloß in den Astralleib. Solange Sie mit bloßen moralischen oder Rechtsgrundsätzen, mit logische..."
[RELEVANCE-DEBUG] GA054/5 Absatz 64: Score=0.740, Vorkommen=7, Kontext-Absätze=5, HitEnthältQuery=true, KontextEnthältQuery=true, Query="ätherleib"
[RELEVANCE-DEBUG-CONTEXT] Hit-Preview: "Aber nun denken Sie nach, wie wenig sich bei den meisten Menschen das ändert, was man Gewohnheiten, ..."
[RELEVANCE-DEBUG-CONTEXT] Kontext-Preview: "Ebenso wenn das Ich aufgeht in Betrachtung eines Kunstwerkes und eine Ahnung erhält, dass hinter dem sinnlichen Dasein ein Ewiges, Verborgenes verkörpert sein kann, dann wirkt die künstlerische Vorste..."
[RELEVANCE-DEBUG] GA054/5 Absatz 65: Score=0.700, Vorkommen=5, Kontext-Absätze=5, HitEnthältQuery=true, KontextEnthältQuery=true, Query="ätherleib"
[RELEVANCE-DEBUG-CONTEXT] Hit-Preview: "Nun gibt es eine noch höhere Entwickelung, die der Chela durchmacht. Die beruht darauf, dass man ein..."
[RELEVANCE-DEBUG-CONTEXT] Kontext-Preview: "Nun ist auch der Ätherleib der Träger von alledem, was mehr oder weniger bleibend ist in der menschlichen Natur. Man hat sich klarzumachen, was für ein Unterschied ist zwischen Entwickelung des Ätherl..."
[RELEVANCE-DEBUG] GA054/5 Absatz 68: Score=0.700, Vorkommen=5, Kontext-Absätze=5, HitEnthältQuery=true, KontextEnthältQuery=true, Query="ätherleib"
[RELEVANCE-DEBUG-CONTEXT] Hit-Preview: "So haben wir sieben Glieder der menschlichen Wesenheit, ebenso wie der Regenbogen sieben Farben und ..."
[RELEVANCE-DEBUG-CONTEXT] Kontext-Preview: "Das Schwierigste für den Menschen ist, dass er bis in seinen physischen Leib hineinarbeiten lernt. Auch darüber, wie das Blut sich bewegt, kann man Herr werden; man kann Einfluss bekommen auf die Nerv..."
[RELEVANCE-DEBUG] GA054/5 Absatz 69: Score=0.740, Vorkommen=7, Kontext-Absätze=5, HitEnthältQuery=true, KontextEnthältQuery=true, Query="ätherleib"
[RELEVANCE-DEBUG-CONTEXT] Hit-Preview: "Nun müssen wir in bezug auf unsere heutige Frage dieses Wesen, diese Natur des Menschen näher anscha..."
[RELEVANCE-DEBUG-CONTEXT] Kontext-Preview: "Wenn der Mensch in seinen physischen Leib hineinarbeiten kann und damit in Verbindung mit dem Kosmos treten lernt, dann entwickelt er sein Atman. Dies ist das höchste Glied der menschlichen Wesenheit,..."
[RELEVANCE-SCORING] 6451 Treffer: hoch=3497, mittel=1079, niedrig=1875
[RELEVANCE-THRESHOLDS] Schwellwerte relativ zur Gesamthäufigkeit: hoch≥0.586 (3+ Vorkommen), mittel≥0.390 (2+ Vorkommen)
[BACKEND-FILTER] 6451 -> 3497 Ergebnisse nach Filter "hoch"
  [Single] "ätherleib"

Extrahierte 1 Suchbegriffe aus "Ätherleib":
ätherleib
GET /api/book/GA046
[BOOK] Anfrage für GA046
[BOOK] Schrift gefunden: Nachgelassene Abhandlungen und Fragmente (1879-1924)
[BOOK] ✓ Vortrags-Einträge gefunden - werden geschützt
[BOOK] ✓ Überschriften für GA046 gespeichert (4490 Einträge total, 4457 Vorträge geschützt)
[IMAGES-ASSETS] Anfrage für Bild: GA046-Nachgelassene%20Abhandlungen%20und%20Fragmente%201879-1924_img-0.png
[IMAGES-ASSETS] Vollständiger Request-Pfad: /assets/GA046-Nachgelassene%20Abhandlungen%20und%20Fragmente%201879-1924_img-0.png
[IMAGES-ASSETS] Decodierter Pfad: GA046-Nachgelassene Abhandlungen und Fragmente 1879-1924_img-0.png
[IMAGES-ASSETS] Gefundene GA-Nummer: GA046
[IMAGES-ASSETS] Suche in: C:\Users\chuec\OneDrive\GitHub\ga_suche\Steiner_GA
[IMAGES-ASSETS] Anfrage für Bild: GA046-Nachgelassene%20Abhandlungen%20und%20Fragmente%201879-1924_img-1.png
[IMAGES-ASSETS] Vollständiger Request-Pfad: /assets/GA046-Nachgelassene%20Abhandlungen%20und%20Fragmente%201879-1924_img-1.png
[IMAGES-ASSETS] Decodierter Pfad: GA046-Nachgelassene Abhandlungen und Fragmente 1879-1924_img-1.png
[IMAGES-ASSETS] Gefundene GA-Nummer: GA046
[IMAGES-ASSETS] Suche in: C:\Users\chuec\OneDrive\GitHub\ga_suche\Steiner_GA
[IMAGES-ASSETS] Gefundener GA-Ordner: GA046-Nachgelassene Abhandlungen und Fragmente 1879-1924
[IMAGES-ASSETS] Vollständiger Pfad: C:\Users\chuec\OneDrive\GitHub\ga_suche\Steiner_GA\GA046-Nachgelassene Abhandlungen und Fragmente 1879-1924\assets\GA046-Nachgelassene Abhandlungen und Fragmente 1879-1924_img-0.png
[IMAGES-ASSETS] ✓ Bild gefunden, serviere: C:\Users\chuec\OneDrive\GitHub\ga_suche\Steiner_GA\GA046-Nachgelassene Abhandlungen und Fragmente 1879-1924\assets\GA046-Nachgelassene Abhandlungen und Fragmente 1879-1924_img-0.png
[IMAGES-ASSETS] Anfrage für Bild: GA046-Nachgelassene%20Abhandlungen%20und%20Fragmente%201879-1924_img-2.png
[IMAGES-ASSETS] Vollständiger Request-Pfad: /assets/GA046-Nachgelassene%20Abhandlungen%20und%20Fragmente%201879-1924_img-2.png
[IMAGES-ASSETS] Decodierter Pfad: GA046-Nachgelassene Abhandlungen und Fragmente 1879-1924_img-2.png
[IMAGES-ASSETS] Gefundene GA-Nummer: GA046
[IMAGES-ASSETS] Suche in: C:\Users\chuec\OneDrive\GitHub\ga_suche\Steiner_GA
[IMAGES-ASSETS] Gefundener GA-Ordner: GA046-Nachgelassene Abhandlungen und Fragmente 1879-1924
[IMAGES-ASSETS] Vollständiger Pfad: C:\Users\chuec\OneDrive\GitHub\ga_suche\Steiner_GA\GA046-Nachgelassene Abhandlungen und Fragmente 1879-1924\assets\GA046-Nachgelassene Abhandlungen und Fragmente 1879-1924_img-1.png
[IMAGES-ASSETS] ✓ Bild gefunden, serviere: C:\Users\chuec\OneDrive\GitHub\ga_suche\Steiner_GA\GA046-Nachgelassene Abhandlungen und Fragmente 1879-1924\assets\GA046-Nachgelassene Abhandlungen und Fragmente 1879-1924_img-1.png
[IMAGES-ASSETS] Anfrage für Bild: GA046-Nachgelassene%20Abhandlungen%20und%20Fragmente%201879-1924_img-3.png
[IMAGES-ASSETS] Vollständiger Request-Pfad: /assets/GA046-Nachgelassene%20Abhandlungen%20und%20Fragmente%201879-1924_img-3.png
[IMAGES-ASSETS] Decodierter Pfad: GA046-Nachgelassene Abhandlungen und Fragmente 1879-1924_img-3.png
[IMAGES-ASSETS] Gefundene GA-Nummer: GA046
[IMAGES-ASSETS] Suche in: C:\Users\chuec\OneDrive\GitHub\ga_suche\Steiner_GA
[IMAGES-ASSETS] Anfrage für Bild: GA046-Nachgelassene%20Abhandlungen%20und%20Fragmente%201879-1924_img-4.png
[IMAGES-ASSETS] Vollständiger Request-Pfad: /assets/GA046-Nachgelassene%20Abhandlungen%20und%20Fragmente%201879-1924_img-4.png
[IMAGES-ASSETS] Decodierter Pfad: GA046-Nachgelassene Abhandlungen und Fragmente 1879-1924_img-4.png
[IMAGES-ASSETS] Gefundene GA-Nummer: GA046
[IMAGES-ASSETS] Suche in: C:\Users\chuec\OneDrive\GitHub\ga_suche\Steiner_GA
[IMAGES-ASSETS] Anfrage für Bild: GA046-Nachgelassene%20Abhandlungen%20und%20Fragmente%201879-1924_img-5.png
[IMAGES-ASSETS] Vollständiger Request-Pfad: /assets/GA046-Nachgelassene%20Abhandlungen%20und%20Fragmente%201879-1924_img-5.png
[IMAGES-ASSETS] Decodierter Pfad: GA046-Nachgelassene Abhandlungen und Fragmente 1879-1924_img-5.png
[IMAGES-ASSETS] Gefundene GA-Nummer: GA046
[IMAGES-ASSETS] Suche in: C:\Users\chuec\OneDrive\GitHub\ga_suche\Steiner_GA
[IMAGES-ASSETS] Gefundener GA-Ordner: GA046-Nachgelassene Abhandlungen und Fragmente 1879-1924
[IMAGES-ASSETS] Vollständiger Pfad: C:\Users\chuec\OneDrive\GitHub\ga_suche\Steiner_GA\GA046-Nachgelassene Abhandlungen und Fragmente 1879-1924\assets\GA046-Nachgelassene Abhandlungen und Fragmente 1879-1924_img-2.png
[IMAGES-ASSETS] ✓ Bild gefunden, serviere: C:\Users\chuec\OneDrive\GitHub\ga_suche\Steiner_GA\GA046-Nachgelassene Abhandlungen und Fragmente 1879-1924\assets\GA046-Nachgelassene Abhandlungen und Fragmente 1879-1924_img-2.png
[IMAGES-ASSETS] Gefundener GA-Ordner: GA046-Nachgelassene Abhandlungen und Fragmente 1879-1924
[IMAGES-ASSETS] Vollständiger Pfad: C:\Users\chuec\OneDrive\GitHub\ga_suche\Steiner_GA\GA046-Nachgelassene Abhandlungen und Fragmente 1879-1924\assets\GA046-Nachgelassene Abhandlungen und Fragmente 1879-1924_img-3.png
[IMAGES-ASSETS] ✓ Bild gefunden, serviere: C:\Users\chuec\OneDrive\GitHub\ga_suche\Steiner_GA\GA046-Nachgelassene Abhandlungen und Fragmente 1879-1924\assets\GA046-Nachgelassene Abhandlungen und Fragmente 1879-1924_img-3.png
[IMAGES-ASSETS] Gefundener GA-Ordner: GA046-Nachgelassene Abhandlungen und Fragmente 1879-1924
[IMAGES-ASSETS] Vollständiger Pfad: C:\Users\chuec\OneDrive\GitHub\ga_suche\Steiner_GA\GA046-Nachgelassene Abhandlungen und Fragmente 1879-1924\assets\GA046-Nachgelassene Abhandlungen und Fragmente 1879-1924_img-4.png
[IMAGES-ASSETS] ✓ Bild gefunden, serviere: C:\Users\chuec\OneDrive\GitHub\ga_suche\Steiner_GA\GA046-Nachgelassene Abhandlungen und Fragmente 1879-1924\assets\GA046-Nachgelassene Abhandlungen und Fragmente 1879-1924_img-4.png
[IMAGES-ASSETS] Gefundener GA-Ordner: GA046-Nachgelassene Abhandlungen und Fragmente 1879-1924
[IMAGES-ASSETS] Vollständiger Pfad: C:\Users\chuec\OneDrive\GitHub\ga_suche\Steiner_GA\GA046-Nachgelassene Abhandlungen und Fragmente 1879-1924\assets\GA046-Nachgelassene Abhandlungen und Fragmente 1879-1924_img-5.png
[IMAGES-ASSETS] ✓ Bild gefunden, serviere: C:\Users\chuec\OneDrive\GitHub\ga_suche\Steiner_GA\GA046-Nachgelassene Abhandlungen und Fragmente 1879-1924\assets\GA046-Nachgelassene Abhandlungen und Fragmente 1879-1924_img-5.png
[IMAGES-ASSETS] Anfrage für Bild: GA046-Nachgelassene%20Abhandlungen%20und%20Fragmente%201879-1924_img-6.png
[IMAGES-ASSETS] Vollständiger Request-Pfad: /assets/GA046-Nachgelassene%20Abhandlungen%20und%20Fragmente%201879-1924_img-6.png
[IMAGES-ASSETS] Decodierter Pfad: GA046-Nachgelassene Abhandlungen und Fragmente 1879-1924_img-6.png
[IMAGES-ASSETS] Gefundene GA-Nummer: GA046
[IMAGES-ASSETS] Suche in: C:\Users\chuec\OneDrive\GitHub\ga_suche\Steiner_GA
[IMAGES-ASSETS] Anfrage für Bild: GA046-Nachgelassene%20Abhandlungen%20und%20Fragmente%201879-1924_img-7.png
[IMAGES-ASSETS] Vollständiger Request-Pfad: /assets/GA046-Nachgelassene%20Abhandlungen%20und%20Fragmente%201879-1924_img-7.png
[IMAGES-ASSETS] Decodierter Pfad: GA046-Nachgelassene Abhandlungen und Fragmente 1879-1924_img-7.png
[IMAGES-ASSETS] Gefundene GA-Nummer: GA046
[IMAGES-ASSETS] Suche in: C:\Users\chuec\OneDrive\GitHub\ga_suche\Steiner_GA
[IMAGES-ASSETS] Gefundener GA-Ordner: GA046-Nachgelassene Abhandlungen und Fragmente 1879-1924
[IMAGES-ASSETS] Vollständiger Pfad: C:\Users\chuec\OneDrive\GitHub\ga_suche\Steiner_GA\GA046-Nachgelassene Abhandlungen und Fragmente 1879-1924\assets\GA046-Nachgelassene Abhandlungen und Fragmente 1879-1924_img-6.png
[IMAGES-ASSETS] ✓ Bild gefunden, serviere: C:\Users\chuec\OneDrive\GitHub\ga_suche\Steiner_GA\GA046-Nachgelassene Abhandlungen und Fragmente 1879-1924\assets\GA046-Nachgelassene Abhandlungen und Fragmente 1879-1924_img-6.png
[IMAGES-ASSETS] Gefundener GA-Ordner: GA046-Nachgelassene Abhandlungen und Fragmente 1879-1924
[IMAGES-ASSETS] Vollständiger Pfad: C:\Users\chuec\OneDrive\GitHub\ga_suche\Steiner_GA\GA046-Nachgelassene Abhandlungen und Fragmente 1879-1924\assets\GA046-Nachgelassene Abhandlungen und Fragmente 1879-1924_img-7.png
[IMAGES-ASSETS] ✓ Bild gefunden, serviere: C:\Users\chuec\OneDrive\GitHub\ga_suche\Steiner_GA\GA046-Nachgelassene Abhandlungen und Fragmente 1879-1924\assets\GA046-Nachgelassene Abhandlungen und Fragmente 1879-1924_img-7.png
[IMAGES-ASSETS] Anfrage für Bild: GA046-Nachgelassene%20Abhandlungen%20und%20Fragmente%201879-1924_img-8.png
[IMAGES-ASSETS] Vollständiger Request-Pfad: /assets/GA046-Nachgelassene%20Abhandlungen%20und%20Fragmente%201879-1924_img-8.png
[IMAGES-ASSETS] Decodierter Pfad: GA046-Nachgelassene Abhandlungen und Fragmente 1879-1924_img-8.png
[IMAGES-ASSETS] Gefundene GA-Nummer: GA046
[IMAGES-ASSETS] Suche in: C:\Users\chuec\OneDrive\GitHub\ga_suche\Steiner_GA
[IMAGES-ASSETS] Anfrage für Bild: GA046-Nachgelassene%20Abhandlungen%20und%20Fragmente%201879-1924_img-9.png
[IMAGES-ASSETS] Vollständiger Request-Pfad: /assets/GA046-Nachgelassene%20Abhandlungen%20und%20Fragmente%201879-1924_img-9.png
[IMAGES-ASSETS] Decodierter Pfad: GA046-Nachgelassene Abhandlungen und Fragmente 1879-1924_img-9.png
[IMAGES-ASSETS] Gefundene GA-Nummer: GA046
[IMAGES-ASSETS] Suche in: C:\Users\chuec\OneDrive\GitHub\ga_suche\Steiner_GA
[IMAGES-ASSETS] Gefundener GA-Ordner: GA046-Nachgelassene Abhandlungen und Fragmente 1879-1924
[IMAGES-ASSETS] Vollständiger Pfad: C:\Users\chuec\OneDrive\GitHub\ga_suche\Steiner_GA\GA046-Nachgelassene Abhandlungen und Fragmente 1879-1924\assets\GA046-Nachgelassene Abhandlungen und Fragmente 1879-1924_img-8.png
[IMAGES-ASSETS] ✓ Bild gefunden, serviere: C:\Users\chuec\OneDrive\GitHub\ga_suche\Steiner_GA\GA046-Nachgelassene Abhandlungen und Fragmente 1879-1924\assets\GA046-Nachgelassene Abhandlungen und Fragmente 1879-1924_img-8.png
[IMAGES-ASSETS] Anfrage für Bild: GA046-Nachgelassene%20Abhandlungen%20und%20Fragmente%201879-1924_img-10.png
[IMAGES-ASSETS] Vollständiger Request-Pfad: /assets/GA046-Nachgelassene%20Abhandlungen%20und%20Fragmente%201879-1924_img-10.png
[IMAGES-ASSETS] Decodierter Pfad: GA046-Nachgelassene Abhandlungen und Fragmente 1879-1924_img-10.png
[IMAGES-ASSETS] Gefundene GA-Nummer: GA046
[IMAGES-ASSETS] Suche in: C:\Users\chuec\OneDrive\GitHub\ga_suche\Steiner_GA
[IMAGES-ASSETS] Anfrage für Bild: GA046-Nachgelassene%20Abhandlungen%20und%20Fragmente%201879-1924_img-11.png
[IMAGES-ASSETS] Vollständiger Request-Pfad: /assets/GA046-Nachgelassene%20Abhandlungen%20und%20Fragmente%201879-1924_img-11.png
[IMAGES-ASSETS] Decodierter Pfad: GA046-Nachgelassene Abhandlungen und Fragmente 1879-1924_img-11.png
[IMAGES-ASSETS] Gefundene GA-Nummer: GA046
[IMAGES-ASSETS] Suche in: C:\Users\chuec\OneDrive\GitHub\ga_suche\Steiner_GA
[IMAGES-ASSETS] Gefundener GA-Ordner: GA046-Nachgelassene Abhandlungen und Fragmente 1879-1924
[IMAGES-ASSETS] Vollständiger Pfad: C:\Users\chuec\OneDrive\GitHub\ga_suche\Steiner_GA\GA046-Nachgelassene Abhandlungen und Fragmente 1879-1924\assets\GA046-Nachgelassene Abhandlungen und Fragmente 1879-1924_img-9.png
[IMAGES-ASSETS] ✓ Bild gefunden, serviere: C:\Users\chuec\OneDrive\GitHub\ga_suche\Steiner_GA\GA046-Nachgelassene Abhandlungen und Fragmente 1879-1924\assets\GA046-Nachgelassene Abhandlungen und Fragmente 1879-1924_img-9.png
[IMAGES-ASSETS] Gefundener GA-Ordner: GA046-Nachgelassene Abhandlungen und Fragmente 1879-1924
[IMAGES-ASSETS] Vollständiger Pfad: C:\Users\chuec\OneDrive\GitHub\ga_suche\Steiner_GA\GA046-Nachgelassene Abhandlungen und Fragmente 1879-1924\assets\GA046-Nachgelassene Abhandlungen und Fragmente 1879-1924_img-10.png
[IMAGES-ASSETS] ✓ Bild gefunden, serviere: C:\Users\chuec\OneDrive\GitHub\ga_suche\Steiner_GA\GA046-Nachgelassene Abhandlungen und Fragmente 1879-1924\assets\GA046-Nachgelassene Abhandlungen und Fragmente 1879-1924_img-10.png
[IMAGES-ASSETS] Anfrage für Bild: GA046-Nachgelassene%20Abhandlungen%20und%20Fragmente%201879-1924_img-12.png
[IMAGES-ASSETS] Vollständiger Request-Pfad: /assets/GA046-Nachgelassene%20Abhandlungen%20und%20Fragmente%201879-1924_img-12.png
[IMAGES-ASSETS] Decodierter Pfad: GA046-Nachgelassene Abhandlungen und Fragmente 1879-1924_img-12.png
[IMAGES-ASSETS] Gefundene GA-Nummer: GA046
[IMAGES-ASSETS] Suche in: C:\Users\chuec\OneDrive\GitHub\ga_suche\Steiner_GA
[IMAGES-ASSETS] Gefundener GA-Ordner: GA046-Nachgelassene Abhandlungen und Fragmente 1879-1924
[IMAGES-ASSETS] Vollständiger Pfad: C:\Users\chuec\OneDrive\GitHub\ga_suche\Steiner_GA\GA046-Nachgelassene Abhandlungen und Fragmente 1879-1924\assets\GA046-Nachgelassene Abhandlungen und Fragmente 1879-1924_img-11.png
[IMAGES-ASSETS] ✓ Bild gefunden, serviere: C:\Users\chuec\OneDrive\GitHub\ga_suche\Steiner_GA\GA046-Nachgelassene Abhandlungen und Fragmente 1879-1924\assets\GA046-Nachgelassene Abhandlungen und Fragmente 1879-1924_img-11.png
[IMAGES-ASSETS] Anfrage für Bild: GA046-Nachgelassene%20Abhandlungen%20und%20Fragmente%201879-1924_img-13.png
[IMAGES-ASSETS] Vollständiger Request-Pfad: /assets/GA046-Nachgelassene%20Abhandlungen%20und%20Fragmente%201879-1924_img-13.png
[IMAGES-ASSETS] Decodierter Pfad: GA046-Nachgelassene Abhandlungen und Fragmente 1879-1924_img-13.png
[IMAGES-ASSETS] Gefundene GA-Nummer: GA046
[IMAGES-ASSETS] Suche in: C:\Users\chuec\OneDrive\GitHub\ga_suche\Steiner_GA
[IMAGES-ASSETS] Anfrage für Bild: GA046-Nachgelassene%20Abhandlungen%20und%20Fragmente%201879-1924_img-14.png
[IMAGES-ASSETS] Vollständiger Request-Pfad: /assets/GA046-Nachgelassene%20Abhandlungen%20und%20Fragmente%201879-1924_img-14.png
[IMAGES-ASSETS] Decodierter Pfad: GA046-Nachgelassene Abhandlungen und Fragmente 1879-1924_img-14.png
[IMAGES-ASSETS] Gefundene GA-Nummer: GA046
[IMAGES-ASSETS] Suche in: C:\Users\chuec\OneDrive\GitHub\ga_suche\Steiner_GA
[IMAGES-ASSETS] Gefundener GA-Ordner: GA046-Nachgelassene Abhandlungen und Fragmente 1879-1924
[IMAGES-ASSETS] Vollständiger Pfad: C:\Users\chuec\OneDrive\GitHub\ga_suche\Steiner_GA\GA046-Nachgelassene Abhandlungen und Fragmente 1879-1924\assets\GA046-Nachgelassene Abhandlungen und Fragmente 1879-1924_img-12.png
[IMAGES-ASSETS] ✓ Bild gefunden, serviere: C:\Users\chuec\OneDrive\GitHub\ga_suche\Steiner_GA\GA046-Nachgelassene Abhandlungen und Fragmente 1879-1924\assets\GA046-Nachgelassene Abhandlungen und Fragmente 1879-1924_img-12.png
[IMAGES-ASSETS] Gefundener GA-Ordner: GA046-Nachgelassene Abhandlungen und Fragmente 1879-1924
[IMAGES-ASSETS] Vollständiger Pfad: C:\Users\chuec\OneDrive\GitHub\ga_suche\Steiner_GA\GA046-Nachgelassene Abhandlungen und Fragmente 1879-1924\assets\GA046-Nachgelassene Abhandlungen und Fragmente 1879-1924_img-13.png
[IMAGES-ASSETS] ✓ Bild gefunden, serviere: C:\Users\chuec\OneDrive\GitHub\ga_suche\Steiner_GA\GA046-Nachgelassene Abhandlungen und Fragmente 1879-1924\assets\GA046-Nachgelassene Abhandlungen und Fragmente 1879-1924_img-13.png
[IMAGES-ASSETS] Gefundener GA-Ordner: GA046-Nachgelassene Abhandlungen und Fragmente 1879-1924
[IMAGES-ASSETS] Vollständiger Pfad: C:\Users\chuec\OneDrive\GitHub\ga_suche\Steiner_GA\GA046-Nachgelassene Abhandlungen und Fragmente 1879-1924\assets\GA046-Nachgelassene Abhandlungen und Fragmente 1879-1924_img-14.png
[IMAGES-ASSETS] ✓ Bild gefunden, serviere: C:\Users\chuec\OneDrive\GitHub\ga_suche\Steiner_GA\GA046-Nachgelassene Abhandlungen und Fragmente 1879-1924\assets\GA046-Nachgelassene Abhandlungen und Fragmente 1879-1924_img-14.png
[IMAGES-ASSETS] Anfrage für Bild: GA046-Nachgelassene%20Abhandlungen%20und%20Fragmente%201879-1924_img-15.png
[IMAGES-ASSETS] Vollständiger Request-Pfad: /assets/GA046-Nachgelassene%20Abhandlungen%20und%20Fragmente%201879-1924_img-15.png
[IMAGES-ASSETS] Decodierter Pfad: GA046-Nachgelassene Abhandlungen und Fragmente 1879-1924_img-15.png
[IMAGES-ASSETS] Gefundene GA-Nummer: GA046
[IMAGES-ASSETS] Suche in: C:\Users\chuec\OneDrive\GitHub\ga_suche\Steiner_GA
[IMAGES-ASSETS] Anfrage für Bild: GA046-Nachgelassene%20Abhandlungen%20und%20Fragmente%201879-1924_img-16.png
[IMAGES-ASSETS] Vollständiger Request-Pfad: /assets/GA046-Nachgelassene%20Abhandlungen%20und%20Fragmente%201879-1924_img-16.png
[IMAGES-ASSETS] Decodierter Pfad: GA046-Nachgelassene Abhandlungen und Fragmente 1879-1924_img-16.png
[IMAGES-ASSETS] Gefundene GA-Nummer: GA046
[IMAGES-ASSETS] Suche in: C:\Users\chuec\OneDrive\GitHub\ga_suche\Steiner_GA
[IMAGES-ASSETS] Gefundener GA-Ordner: GA046-Nachgelassene Abhandlungen und Fragmente 1879-1924
[IMAGES-ASSETS] Vollständiger Pfad: C:\Users\chuec\OneDrive\GitHub\ga_suche\Steiner_GA\GA046-Nachgelassene Abhandlungen und Fragmente 1879-1924\assets\GA046-Nachgelassene Abhandlungen und Fragmente 1879-1924_img-15.png
[IMAGES-ASSETS] ✓ Bild gefunden, serviere: C:\Users\chuec\OneDrive\GitHub\ga_suche\Steiner_GA\GA046-Nachgelassene Abhandlungen und Fragmente 1879-1924\assets\GA046-Nachgelassene Abhandlungen und Fragmente 1879-1924_img-15.png
[IMAGES-ASSETS] Anfrage für Bild: GA046-Nachgelassene%20Abhandlungen%20und%20Fragmente%201879-1924_img-17.png
[IMAGES-ASSETS] Vollständiger Request-Pfad: /assets/GA046-Nachgelassene%20Abhandlungen%20und%20Fragmente%201879-1924_img-17.png
[IMAGES-ASSETS] Decodierter Pfad: GA046-Nachgelassene Abhandlungen und Fragmente 1879-1924_img-17.png
[IMAGES-ASSETS] Gefundene GA-Nummer: GA046
[IMAGES-ASSETS] Suche in: C:\Users\chuec\OneDrive\GitHub\ga_suche\Steiner_GA
[IMAGES-ASSETS] Anfrage für Bild: GA046-Nachgelassene%20Abhandlungen%20und%20Fragmente%201879-1924_img-18.png
[IMAGES-ASSETS] Vollständiger Request-Pfad: /assets/GA046-Nachgelassene%20Abhandlungen%20und%20Fragmente%201879-1924_img-18.png
[IMAGES-ASSETS] Decodierter Pfad: GA046-Nachgelassene Abhandlungen und Fragmente 1879-1924_img-18.png
[IMAGES-ASSETS] Gefundene GA-Nummer: GA046
[IMAGES-ASSETS] Suche in: C:\Users\chuec\OneDrive\GitHub\ga_suche\Steiner_GA
[IMAGES-ASSETS] Gefundener GA-Ordner: GA046-Nachgelassene Abhandlungen und Fragmente 1879-1924
[IMAGES-ASSETS] Vollständiger Pfad: C:\Users\chuec\OneDrive\GitHub\ga_suche\Steiner_GA\GA046-Nachgelassene Abhandlungen und Fragmente 1879-1924\assets\GA046-Nachgelassene Abhandlungen und Fragmente 1879-1924_img-16.png
[IMAGES-ASSETS] ✓ Bild gefunden, serviere: C:\Users\chuec\OneDrive\GitHub\ga_suche\Steiner_GA\GA046-Nachgelassene Abhandlungen und Fragmente 1879-1924\assets\GA046-Nachgelassene Abhandlungen und Fragmente 1879-1924_img-16.png
[IMAGES-ASSETS] Gefundener GA-Ordner: GA046-Nachgelassene Abhandlungen und Fragmente 1879-1924
[IMAGES-ASSETS] Vollständiger Pfad: C:\Users\chuec\OneDrive\GitHub\ga_suche\Steiner_GA\GA046-Nachgelassene Abhandlungen und Fragmente 1879-1924\assets\GA046-Nachgelassene Abhandlungen und Fragmente 1879-1924_img-17.png
[IMAGES-ASSETS] ✓ Bild gefunden, serviere: C:\Users\chuec\OneDrive\GitHub\ga_suche\Steiner_GA\GA046-Nachgelassene Abhandlungen und Fragmente 1879-1924\assets\GA046-Nachgelassene Abhandlungen und Fragmente 1879-1924_img-17.png
[IMAGES-ASSETS] Anfrage für Bild: GA046-Nachgelassene%20Abhandlungen%20und%20Fragmente%201879-1924_img-19.png
[IMAGES-ASSETS] Vollständiger Request-Pfad: /assets/GA046-Nachgelassene%20Abhandlungen%20und%20Fragmente%201879-1924_img-19.png
[IMAGES-ASSETS] Decodierter Pfad: GA046-Nachgelassene Abhandlungen und Fragmente 1879-1924_img-19.png
[IMAGES-ASSETS] Gefundene GA-Nummer: GA046
[IMAGES-ASSETS] Suche in: C:\Users\chuec\OneDrive\GitHub\ga_suche\Steiner_GA
[IMAGES-ASSETS] Anfrage für Bild: GA046-Nachgelassene%20Abhandlungen%20und%20Fragmente%201879-1924_img-20.png
[IMAGES-ASSETS] Vollständiger Request-Pfad: /assets/GA046-Nachgelassene%20Abhandlungen%20und%20Fragmente%201879-1924_img-20.png
[IMAGES-ASSETS] Decodierter Pfad: GA046-Nachgelassene Abhandlungen und Fragmente 1879-1924_img-20.png
[IMAGES-ASSETS] Gefundene GA-Nummer: GA046
[IMAGES-ASSETS] Suche in: C:\Users\chuec\OneDrive\GitHub\ga_suche\Steiner_GA
[IMAGES-ASSETS] Gefundener GA-Ordner: GA046-Nachgelassene Abhandlungen und Fragmente 1879-1924
[IMAGES-ASSETS] Vollständiger Pfad: C:\Users\chuec\OneDrive\GitHub\ga_suche\Steiner_GA\GA046-Nachgelassene Abhandlungen und Fragmente 1879-1924\assets\GA046-Nachgelassene Abhandlungen und Fragmente 1879-1924_img-18.png
[IMAGES-ASSETS] ✓ Bild gefunden, serviere: C:\Users\chuec\OneDrive\GitHub\ga_suche\Steiner_GA\GA046-Nachgelassene Abhandlungen und Fragmente 1879-1924\assets\GA046-Nachgelassene Abhandlungen und Fragmente 1879-1924_img-18.png
[IMAGES-ASSETS] Gefundener GA-Ordner: GA046-Nachgelassene Abhandlungen und Fragmente 1879-1924
[IMAGES-ASSETS] Vollständiger Pfad: C:\Users\chuec\OneDrive\GitHub\ga_suche\Steiner_GA\GA046-Nachgelassene Abhandlungen und Fragmente 1879-1924\assets\GA046-Nachgelassene Abhandlungen und Fragmente 1879-1924_img-19.png
[IMAGES-ASSETS] ✓ Bild gefunden, serviere: C:\Users\chuec\OneDrive\GitHub\ga_suche\Steiner_GA\GA046-Nachgelassene Abhandlungen und Fragmente 1879-1924\assets\GA046-Nachgelassene Abhandlungen und Fragmente 1879-1924_img-19.png
[IMAGES-ASSETS] Anfrage für Bild: GA046-Nachgelassene%20Abhandlungen%20und%20Fragmente%201879-1924_img-21.png
[IMAGES-ASSETS] Vollständiger Request-Pfad: /assets/GA046-Nachgelassene%20Abhandlungen%20und%20Fragmente%201879-1924_img-21.png
[IMAGES-ASSETS] Decodierter Pfad: GA046-Nachgelassene Abhandlungen und Fragmente 1879-1924_img-21.png
[IMAGES-ASSETS] Gefundene GA-Nummer: GA046
[IMAGES-ASSETS] Suche in: C:\Users\chuec\OneDrive\GitHub\ga_suche\Steiner_GA
[IMAGES-ASSETS] Gefundener GA-Ordner: GA046-Nachgelassene Abhandlungen und Fragmente 1879-1924
[IMAGES-ASSETS] Vollständiger Pfad: C:\Users\chuec\OneDrive\GitHub\ga_suche\Steiner_GA\GA046-Nachgelassene Abhandlungen und Fragmente 1879-1924\assets\GA046-Nachgelassene Abhandlungen und Fragmente 1879-1924_img-20.png
[IMAGES-ASSETS] ✓ Bild gefunden, serviere: C:\Users\chuec\OneDrive\GitHub\ga_suche\Steiner_GA\GA046-Nachgelassene Abhandlungen und Fragmente 1879-1924\assets\GA046-Nachgelassene Abhandlungen und Fragmente 1879-1924_img-20.png
[IMAGES-ASSETS] Anfrage für Bild: GA046-Nachgelassene%20Abhandlungen%20und%20Fragmente%201879-1924_img-22.png
[IMAGES-ASSETS] Vollständiger Request-Pfad: /assets/GA046-Nachgelassene%20Abhandlungen%20und%20Fragmente%201879-1924_img-22.png
[IMAGES-ASSETS] Decodierter Pfad: GA046-Nachgelassene Abhandlungen und Fragmente 1879-1924_img-22.png
[IMAGES-ASSETS] Gefundene GA-Nummer: GA046
[IMAGES-ASSETS] Suche in: C:\Users\chuec\OneDrive\GitHub\ga_suche\Steiner_GA
[IMAGES-ASSETS] Anfrage für Bild: GA046-Nachgelassene%20Abhandlungen%20und%20Fragmente%201879-1924_img-23.png
[IMAGES-ASSETS] Vollständiger Request-Pfad: /assets/GA046-Nachgelassene%20Abhandlungen%20und%20Fragmente%201879-1924_img-23.png
[IMAGES-ASSETS] Decodierter Pfad: GA046-Nachgelassene Abhandlungen und Fragmente 1879-1924_img-23.png
[IMAGES-ASSETS] Gefundene GA-Nummer: GA046
[IMAGES-ASSETS] Suche in: C:\Users\chuec\OneDrive\GitHub\ga_suche\Steiner_GA
[IMAGES-ASSETS] Gefundener GA-Ordner: GA046-Nachgelassene Abhandlungen und Fragmente 1879-1924
[IMAGES-ASSETS] Vollständiger Pfad: C:\Users\chuec\OneDrive\GitHub\ga_suche\Steiner_GA\GA046-Nachgelassene Abhandlungen und Fragmente 1879-1924\assets\GA046-Nachgelassene Abhandlungen und Fragmente 1879-1924_img-21.png
[IMAGES-ASSETS] ✓ Bild gefunden, serviere: C:\Users\chuec\OneDrive\GitHub\ga_suche\Steiner_GA\GA046-Nachgelassene Abhandlungen und Fragmente 1879-1924\assets\GA046-Nachgelassene Abhandlungen und Fragmente 1879-1924_img-21.png
[IMAGES-ASSETS] Gefundener GA-Ordner: GA046-Nachgelassene Abhandlungen und Fragmente 1879-1924
[IMAGES-ASSETS] Vollständiger Pfad: C:\Users\chuec\OneDrive\GitHub\ga_suche\Steiner_GA\GA046-Nachgelassene Abhandlungen und Fragmente 1879-1924\assets\GA046-Nachgelassene Abhandlungen und Fragmente 1879-1924_img-22.png
[IMAGES-ASSETS] ✓ Bild gefunden, serviere: C:\Users\chuec\OneDrive\GitHub\ga_suche\Steiner_GA\GA046-Nachgelassene Abhandlungen und Fragmente 1879-1924\assets\GA046-Nachgelassene Abhandlungen und Fragmente 1879-1924_img-22.png
[IMAGES-ASSETS] Anfrage für Bild: GA046-Nachgelassene%20Abhandlungen%20und%20Fragmente%201879-1924_img-24.png
[IMAGES-ASSETS] Vollständiger Request-Pfad: /assets/GA046-Nachgelassene%20Abhandlungen%20und%20Fragmente%201879-1924_img-24.png
[IMAGES-ASSETS] Decodierter Pfad: GA046-Nachgelassene Abhandlungen und Fragmente 1879-1924_img-24.png
[IMAGES-ASSETS] Gefundene GA-Nummer: GA046
[IMAGES-ASSETS] Suche in: C:\Users\chuec\OneDrive\GitHub\ga_suche\Steiner_GA
[IMAGES-ASSETS] Gefundener GA-Ordner: GA046-Nachgelassene Abhandlungen und Fragmente 1879-1924
[IMAGES-ASSETS] Vollständiger Pfad: C:\Users\chuec\OneDrive\GitHub\ga_suche\Steiner_GA\GA046-Nachgelassene Abhandlungen und Fragmente 1879-1924\assets\GA046-Nachgelassene Abhandlungen und Fragmente 1879-1924_img-23.png
[IMAGES-ASSETS] ✓ Bild gefunden, serviere: C:\Users\chuec\OneDrive\GitHub\ga_suche\Steiner_GA\GA046-Nachgelassene Abhandlungen und Fragmente 1879-1924\assets\GA046-Nachgelassene Abhandlungen und Fragmente 1879-1924_img-23.png
[IMAGES-ASSETS] Anfrage für Bild: GA046-Nachgelassene%20Abhandlungen%20und%20Fragmente%201879-1924_img-25.png
[IMAGES-ASSETS] Vollständiger Request-Pfad: /assets/GA046-Nachgelassene%20Abhandlungen%20und%20Fragmente%201879-1924_img-25.png
[IMAGES-ASSETS] Decodierter Pfad: GA046-Nachgelassene Abhandlungen und Fragmente 1879-1924_img-25.png
[IMAGES-ASSETS] Gefundene GA-Nummer: GA046
[IMAGES-ASSETS] Suche in: C:\Users\chuec\OneDrive\GitHub\ga_suche\Steiner_GA
[IMAGES-ASSETS] Anfrage für Bild: GA046-Nachgelassene%20Abhandlungen%20und%20Fragmente%201879-1924_img-26.png
[IMAGES-ASSETS] Vollständiger Request-Pfad: /assets/GA046-Nachgelassene%20Abhandlungen%20und%20Fragmente%201879-1924_img-26.png
[IMAGES-ASSETS] Decodierter Pfad: GA046-Nachgelassene Abhandlungen und Fragmente 1879-1924_img-26.png
[IMAGES-ASSETS] Gefundene GA-Nummer: GA046
[IMAGES-ASSETS] Suche in: C:\Users\chuec\OneDrive\GitHub\ga_suche\Steiner_GA
[IMAGES-ASSETS] Gefundener GA-Ordner: GA046-Nachgelassene Abhandlungen und Fragmente 1879-1924
[IMAGES-ASSETS] Vollständiger Pfad: C:\Users\chuec\OneDrive\GitHub\ga_suche\Steiner_GA\GA046-Nachgelassene Abhandlungen und Fragmente 1879-1924\assets\GA046-Nachgelassene Abhandlungen und Fragmente 1879-1924_img-24.png
[IMAGES-ASSETS] ✓ Bild gefunden, serviere: C:\Users\chuec\OneDrive\GitHub\ga_suche\Steiner_GA\GA046-Nachgelassene Abhandlungen und Fragmente 1879-1924\assets\GA046-Nachgelassene Abhandlungen und Fragmente 1879-1924_img-24.png
[IMAGES-ASSETS] Gefundener GA-Ordner: GA046-Nachgelassene Abhandlungen und Fragmente 1879-1924
[IMAGES-ASSETS] Vollständiger Pfad: C:\Users\chuec\OneDrive\GitHub\ga_suche\Steiner_GA\GA046-Nachgelassene Abhandlungen und Fragmente 1879-1924\assets\GA046-Nachgelassene Abhandlungen und Fragmente 1879-1924_img-25.png
[IMAGES-ASSETS] ✓ Bild gefunden, serviere: C:\Users\chuec\OneDrive\GitHub\ga_suche\Steiner_GA\GA046-Nachgelassene Abhandlungen und Fragmente 1879-1924\assets\GA046-Nachgelassene Abhandlungen und Fragmente 1879-1924_img-25.png
[IMAGES-ASSETS] Gefundener GA-Ordner: GA046-Nachgelassene Abhandlungen und Fragmente 1879-1924
[IMAGES-ASSETS] Vollständiger Pfad: C:\Users\chuec\OneDrive\GitHub\ga_suche\Steiner_GA\GA046-Nachgelassene Abhandlungen und Fragmente 1879-1924\assets\GA046-Nachgelassene Abhandlungen und Fragmente 1879-1924_img-26.png
[IMAGES-ASSETS] ✓ Bild gefunden, serviere: C:\Users\chuec\OneDrive\GitHub\ga_suche\Steiner_GA\GA046-Nachgelassene Abhandlungen und Fragmente 1879-1924\assets\GA046-Nachgelassene Abhandlungen und Fragmente 1879-1924_img-26.png
[IMAGES-ASSETS] Anfrage für Bild: GA046-Nachgelassene%20Abhandlungen%20und%20Fragmente%201879-1924_img-27.png
[IMAGES-ASSETS] Vollständiger Request-Pfad: /assets/GA046-Nachgelassene%20Abhandlungen%20und%20Fragmente%201879-1924_img-27.png
[IMAGES-ASSETS] Decodierter Pfad: GA046-Nachgelassene Abhandlungen und Fragmente 1879-1924_img-27.png
[IMAGES-ASSETS] Gefundene GA-Nummer: GA046
[IMAGES-ASSETS] Suche in: C:\Users\chuec\OneDrive\GitHub\ga_suche\Steiner_GA
[IMAGES-ASSETS] Anfrage für Bild: GA046-Nachgelassene%20Abhandlungen%20und%20Fragmente%201879-1924_img-28.png
[IMAGES-ASSETS] Vollständiger Request-Pfad: /assets/GA046-Nachgelassene%20Abhandlungen%20und%20Fragmente%201879-1924_img-28.png
[IMAGES-ASSETS] Decodierter Pfad: GA046-Nachgelassene Abhandlungen und Fragmente 1879-1924_img-28.png
[IMAGES-ASSETS] Gefundene GA-Nummer: GA046
[IMAGES-ASSETS] Suche in: C:\Users\chuec\OneDrive\GitHub\ga_suche\Steiner_GA
[IMAGES-ASSETS] Gefundener GA-Ordner: GA046-Nachgelassene Abhandlungen und Fragmente 1879-1924
[IMAGES-ASSETS] Vollständiger Pfad: C:\Users\chuec\OneDrive\GitHub\ga_suche\Steiner_GA\GA046-Nachgelassene Abhandlungen und Fragmente 1879-1924\assets\GA046-Nachgelassene Abhandlungen und Fragmente 1879-1924_img-27.png
[IMAGES-ASSETS] ✓ Bild gefunden, serviere: C:\Users\chuec\OneDrive\GitHub\ga_suche\Steiner_GA\GA046-Nachgelassene Abhandlungen und Fragmente 1879-1924\assets\GA046-Nachgelassene Abhandlungen und Fragmente 1879-1924_img-27.png
[IMAGES-ASSETS] Gefundener GA-Ordner: GA046-Nachgelassene Abhandlungen und Fragmente 1879-1924
[IMAGES-ASSETS] Vollständiger Pfad: C:\Users\chuec\OneDrive\GitHub\ga_suche\Steiner_GA\GA046-Nachgelassene Abhandlungen und Fragmente 1879-1924\assets\GA046-Nachgelassene Abhandlungen und Fragmente 1879-1924_img-28.png
[IMAGES-ASSETS] ✓ Bild gefunden, serviere: C:\Users\chuec\OneDrive\GitHub\ga_suche\Steiner_GA\GA046-Nachgelassene Abhandlungen und Fragmente 1879-1924\assets\GA046-Nachgelassene Abhandlungen und Fragmente 1879-1924_img-28.png
GET /api/book/GA046
[BOOK] Anfrage für GA046
[BOOK] Schrift gefunden: Nachgelassene Abhandlungen und Fragmente (1879-1924)
[BOOK] ✓ Vortrags-Einträge gefunden - werden geschützt
[BOOK] ✓ Überschriften für GA046 gespeichert (4490 Einträge total, 4457 Vorträge geschützt)
GET /api/full-lecture/GA089/3
GET /api/check-summary/GA089/3
[CHECK-SUMMARY] Prüfe zentrale DB für GA089/3
[SUMMARY-DB] Geladen: 4490 Einträge aus summary-database.json
[CHECK-SUMMARY] ✓ Zusammenfassung existiert für GA089/3 (Version: v2-unified)
GET /api/steiner-images/GA089%2F3
[IMAGES-API] Keine Bilder für GA089/3 gefunden
GET /api/full-lecture/GA090a/26
GET /api/check-summary/GA090a/26
[CHECK-SUMMARY] Prüfe zentrale DB für GA090a/26
[SUMMARY-DB] Geladen: 4490 Einträge aus summary-database.json
[CHECK-SUMMARY] ✓ Zusammenfassung existiert für GA090a/26 (Version: v2-unified)
GET /api/steiner-images/GA090a%2F26
[IMAGES-API] Sende 1 Bilder für GA090a/26 (aus steiner-images-part02.json)
[IMAGES-ASSETS] Anfrage für Bild: img-16.png
[IMAGES-ASSETS] Vollständiger Request-Pfad: /assets/img-16.png
[IMAGES-ASSETS] Decodierter Pfad: img-16.png
[IMAGES-ASSETS] GA-Nummer nicht gefunden in: img-16.png
POST /api/fulltext-search
Volltext-Suche: Ätherleib [Relevanz-Filter: mittel]
Volltext-Suche: 6451 Absätze gefunden (Vorträge + Bücher)
[RELEVANCE-DEBUG] GA053/2 Absatz 34: Score=0.300, Vorkommen=1, Kontext-Absätze=5, HitEnthältQuery=true, KontextEnthältQuery=true, Query="ätherleib"
[RELEVANCE-DEBUG-CONTEXT] Hit-Preview: "Und dasjenige, was im Tierkörper ebenso hinausragt über das bloße Wachsen und Fortpflanzen, dasjenig..."
[RELEVANCE-DEBUG-CONTEXT] Kontext-Preview: "Die Ausführung dieser Anleitung muss natürlich mit der allergrößten Vorsicht geschehen, denn es sind allerlei Illusionen auf diesem Gebiete möglich. Allein, wer wirklich weiß, mit welcher Vorsicht, mi..."
[RELEVANCE-DEBUG] GA053/2 Absatz 44: Score=0.300, Vorkommen=1, Kontext-Absätze=5, HitEnthältQuery=true, KontextEnthältQuery=true, Query="ätherleib"
[RELEVANCE-DEBUG-CONTEXT] Hit-Preview: "Damit haben wir die drei Glieder des menschlichen physischen Körpers und die drei Glieder der mensch..."
[RELEVANCE-DEBUG-CONTEXT] Kontext-Preview: "Wer durch die Anschauung Kenntnis davon haben will, muss lernen, sie zu sehen. Die Aura ist dreigliedrig. Die drei Glieder stecken ineinander wie drei ovale Nebelgebilde, die die menschliche Gestalt u..."
[RELEVANCE-DEBUG] GA054/5 Absatz 51: Score=0.500, Vorkommen=2, Kontext-Absätze=5, HitEnthältQuery=true, KontextEnthältQuery=true, Query="ätherleib"
[RELEVANCE-DEBUG-CONTEXT] Hit-Preview: "Im Sinne dieser Geisteswissenschaft sprechen wir deshalb von einem zweiten Glied der menschlichen We..."
[RELEVANCE-DEBUG-CONTEXT] Kontext-Preview: "Alle Rederei von der Grenze der menschlichen Erkenntnis ist Unsinn. Man sollte reden und fragen: Kann sich der Mensch nicht zu einer höheren Erkenntnisstufe erheben? Ist das nicht vielleicht wirklich,..."
[RELEVANCE-DEBUG] GA054/5 Absatz 61: Score=0.680, Vorkommen=4, Kontext-Absätze=5, HitEnthältQuery=true, KontextEnthältQuery=true, Query="ätherleib"
[RELEVANCE-DEBUG-CONTEXT] Hit-Preview: "Nun gibt es Dinge, die tiefer in die menschliche Natur hineingehen, wo das Ich weiter hineinarbeitet..."
[RELEVANCE-DEBUG-CONTEXT] Kontext-Preview: "Machen Sie sich den Unterschied zwischen den Menschen von diesem Standpunkte aus klar. Vergleichen Sie einen Wilden mit einem europäischen Durchschnittsmenschen, mit einem edlen Idealisten, etwa Schil..."
[RELEVANCE-DEBUG] GA054/5 Absatz 62: Score=0.720, Vorkommen=6, Kontext-Absätze=5, HitEnthältQuery=true, KontextEnthältQuery=true, Query="ätherleib"
[RELEVANCE-DEBUG-CONTEXT] Hit-Preview: "Ebenso wenn das Ich aufgeht in Betrachtung eines Kunstwerkes und eine Ahnung erhält, dass hinter dem..."
[RELEVANCE-DEBUG-CONTEXT] Kontext-Preview: "Noch mehr hat ihn umgestaltet eine solche Persönlichkeit wie Schiller, noch mehr eine solche Persönlichkeit, die in gar keiner Beziehung zu den Leidenschaften steht wie Franz von Assisi, die ganz und ..."
[RELEVANCE-DEBUG] GA054/5 Absatz 63: Score=0.760, Vorkommen=8, Kontext-Absätze=5, HitEnthältQuery=true, KontextEnthältQuery=true, Query="ätherleib"
[RELEVANCE-DEBUG-CONTEXT] Hit-Preview: "Nun ist auch der Ätherleib der Träger von alledem, was mehr oder weniger bleibend ist in der menschl..."
[RELEVANCE-DEBUG-CONTEXT] Kontext-Preview: "Nun gibt es Dinge, die tiefer in die menschliche Natur hineingehen, wo das Ich weiter hineinarbeitet als bloß in den Astralleib. Solange Sie mit bloßen moralischen oder Rechtsgrundsätzen, mit logische..."
[RELEVANCE-DEBUG] GA054/5 Absatz 64: Score=0.740, Vorkommen=7, Kontext-Absätze=5, HitEnthältQuery=true, KontextEnthältQuery=true, Query="ätherleib"
[RELEVANCE-DEBUG-CONTEXT] Hit-Preview: "Aber nun denken Sie nach, wie wenig sich bei den meisten Menschen das ändert, was man Gewohnheiten, ..."
[RELEVANCE-DEBUG-CONTEXT] Kontext-Preview: "Ebenso wenn das Ich aufgeht in Betrachtung eines Kunstwerkes und eine Ahnung erhält, dass hinter dem sinnlichen Dasein ein Ewiges, Verborgenes verkörpert sein kann, dann wirkt die künstlerische Vorste..."
[RELEVANCE-DEBUG] GA054/5 Absatz 65: Score=0.700, Vorkommen=5, Kontext-Absätze=5, HitEnthältQuery=true, KontextEnthältQuery=true, Query="ätherleib"
[RELEVANCE-DEBUG-CONTEXT] Hit-Preview: "Nun gibt es eine noch höhere Entwickelung, die der Chela durchmacht. Die beruht darauf, dass man ein..."
[RELEVANCE-DEBUG-CONTEXT] Kontext-Preview: "Nun ist auch der Ätherleib der Träger von alledem, was mehr oder weniger bleibend ist in der menschlichen Natur. Man hat sich klarzumachen, was für ein Unterschied ist zwischen Entwickelung des Ätherl..."
[RELEVANCE-DEBUG] GA054/5 Absatz 68: Score=0.700, Vorkommen=5, Kontext-Absätze=5, HitEnthältQuery=true, KontextEnthältQuery=true, Query="ätherleib"
[RELEVANCE-DEBUG-CONTEXT] Hit-Preview: "So haben wir sieben Glieder der menschlichen Wesenheit, ebenso wie der Regenbogen sieben Farben und ..."
[RELEVANCE-DEBUG-CONTEXT] Kontext-Preview: "Das Schwierigste für den Menschen ist, dass er bis in seinen physischen Leib hineinarbeiten lernt. Auch darüber, wie das Blut sich bewegt, kann man Herr werden; man kann Einfluss bekommen auf die Nerv..."
[RELEVANCE-DEBUG] GA054/5 Absatz 69: Score=0.740, Vorkommen=7, Kontext-Absätze=5, HitEnthältQuery=true, KontextEnthältQuery=true, Query="ätherleib"
[RELEVANCE-DEBUG-CONTEXT] Hit-Preview: "Nun müssen wir in bezug auf unsere heutige Frage dieses Wesen, diese Natur des Menschen näher anscha..."
[RELEVANCE-DEBUG-CONTEXT] Kontext-Preview: "Wenn der Mensch in seinen physischen Leib hineinarbeiten kann und damit in Verbindung mit dem Kosmos treten lernt, dann entwickelt er sein Atman. Dies ist das höchste Glied der menschlichen Wesenheit,..."
[RELEVANCE-SCORING] 6451 Treffer: hoch=3497, mittel=1079, niedrig=1875
[RELEVANCE-THRESHOLDS] Schwellwerte relativ zur Gesamthäufigkeit: hoch≥0.586 (3+ Vorkommen), mittel≥0.390 (2+ Vorkommen)
[BACKEND-FILTER] 6451 -> 1079 Ergebnisse nach Filter "mittel"
  [Single] "ätherleib"

Extrahierte 1 Suchbegriffe aus "Ätherleib":
ätherleib
GET /api/quotes
POST /api/fulltext-search
Volltext-Suche: Ätherleib [Relevanz-Filter: niedrig]
Volltext-Suche: 6451 Absätze gefunden (Vorträge + Bücher)
[RELEVANCE-DEBUG] GA053/2 Absatz 34: Score=0.300, Vorkommen=1, Kontext-Absätze=5, HitEnthältQuery=true, KontextEnthältQuery=true, Query="ätherleib"
[RELEVANCE-DEBUG-CONTEXT] Hit-Preview: "Und dasjenige, was im Tierkörper ebenso hinausragt über das bloße Wachsen und Fortpflanzen, dasjenig..."
[RELEVANCE-DEBUG-CONTEXT] Kontext-Preview: "Die Ausführung dieser Anleitung muss natürlich mit der allergrößten Vorsicht geschehen, denn es sind allerlei Illusionen auf diesem Gebiete möglich. Allein, wer wirklich weiß, mit welcher Vorsicht, mi..."
[RELEVANCE-DEBUG] GA053/2 Absatz 44: Score=0.300, Vorkommen=1, Kontext-Absätze=5, HitEnthältQuery=true, KontextEnthältQuery=true, Query="ätherleib"
[RELEVANCE-DEBUG-CONTEXT] Hit-Preview: "Damit haben wir die drei Glieder des menschlichen physischen Körpers und die drei Glieder der mensch..."
[RELEVANCE-DEBUG-CONTEXT] Kontext-Preview: "Wer durch die Anschauung Kenntnis davon haben will, muss lernen, sie zu sehen. Die Aura ist dreigliedrig. Die drei Glieder stecken ineinander wie drei ovale Nebelgebilde, die die menschliche Gestalt u..."
[RELEVANCE-DEBUG] GA054/5 Absatz 51: Score=0.500, Vorkommen=2, Kontext-Absätze=5, HitEnthältQuery=true, KontextEnthältQuery=true, Query="ätherleib"
[RELEVANCE-DEBUG-CONTEXT] Hit-Preview: "Im Sinne dieser Geisteswissenschaft sprechen wir deshalb von einem zweiten Glied der menschlichen We..."
[RELEVANCE-DEBUG-CONTEXT] Kontext-Preview: "Alle Rederei von der Grenze der menschlichen Erkenntnis ist Unsinn. Man sollte reden und fragen: Kann sich der Mensch nicht zu einer höheren Erkenntnisstufe erheben? Ist das nicht vielleicht wirklich,..."
[RELEVANCE-DEBUG] GA054/5 Absatz 61: Score=0.680, Vorkommen=4, Kontext-Absätze=5, HitEnthältQuery=true, KontextEnthältQuery=true, Query="ätherleib"
[RELEVANCE-DEBUG-CONTEXT] Hit-Preview: "Nun gibt es Dinge, die tiefer in die menschliche Natur hineingehen, wo das Ich weiter hineinarbeitet..."
[RELEVANCE-DEBUG-CONTEXT] Kontext-Preview: "Machen Sie sich den Unterschied zwischen den Menschen von diesem Standpunkte aus klar. Vergleichen Sie einen Wilden mit einem europäischen Durchschnittsmenschen, mit einem edlen Idealisten, etwa Schil..."
[RELEVANCE-DEBUG] GA054/5 Absatz 62: Score=0.720, Vorkommen=6, Kontext-Absätze=5, HitEnthältQuery=true, KontextEnthältQuery=true, Query="ätherleib"
[RELEVANCE-DEBUG-CONTEXT] Hit-Preview: "Ebenso wenn das Ich aufgeht in Betrachtung eines Kunstwerkes und eine Ahnung erhält, dass hinter dem..."
[RELEVANCE-DEBUG-CONTEXT] Kontext-Preview: "Noch mehr hat ihn umgestaltet eine solche Persönlichkeit wie Schiller, noch mehr eine solche Persönlichkeit, die in gar keiner Beziehung zu den Leidenschaften steht wie Franz von Assisi, die ganz und ..."
[RELEVANCE-DEBUG] GA054/5 Absatz 63: Score=0.760, Vorkommen=8, Kontext-Absätze=5, HitEnthältQuery=true, KontextEnthältQuery=true, Query="ätherleib"
[RELEVANCE-DEBUG-CONTEXT] Hit-Preview: "Nun ist auch der Ätherleib der Träger von alledem, was mehr oder weniger bleibend ist in der menschl..."
[RELEVANCE-DEBUG-CONTEXT] Kontext-Preview: "Nun gibt es Dinge, die tiefer in die menschliche Natur hineingehen, wo das Ich weiter hineinarbeitet als bloß in den Astralleib. Solange Sie mit bloßen moralischen oder Rechtsgrundsätzen, mit logische..."
[RELEVANCE-DEBUG] GA054/5 Absatz 64: Score=0.740, Vorkommen=7, Kontext-Absätze=5, HitEnthältQuery=true, KontextEnthältQuery=true, Query="ätherleib"
[RELEVANCE-DEBUG-CONTEXT] Hit-Preview: "Aber nun denken Sie nach, wie wenig sich bei den meisten Menschen das ändert, was man Gewohnheiten, ..."
[RELEVANCE-DEBUG-CONTEXT] Kontext-Preview: "Ebenso wenn das Ich aufgeht in Betrachtung eines Kunstwerkes und eine Ahnung erhält, dass hinter dem sinnlichen Dasein ein Ewiges, Verborgenes verkörpert sein kann, dann wirkt die künstlerische Vorste..."
[RELEVANCE-DEBUG] GA054/5 Absatz 65: Score=0.700, Vorkommen=5, Kontext-Absätze=5, HitEnthältQuery=true, KontextEnthältQuery=true, Query="ätherleib"
[RELEVANCE-DEBUG-CONTEXT] Hit-Preview: "Nun gibt es eine noch höhere Entwickelung, die der Chela durchmacht. Die beruht darauf, dass man ein..."
[RELEVANCE-DEBUG-CONTEXT] Kontext-Preview: "Nun ist auch der Ätherleib der Träger von alledem, was mehr oder weniger bleibend ist in der menschlichen Natur. Man hat sich klarzumachen, was für ein Unterschied ist zwischen Entwickelung des Ätherl..."
[RELEVANCE-DEBUG] GA054/5 Absatz 68: Score=0.700, Vorkommen=5, Kontext-Absätze=5, HitEnthältQuery=true, KontextEnthältQuery=true, Query="ätherleib"
[RELEVANCE-DEBUG-CONTEXT] Hit-Preview: "So haben wir sieben Glieder der menschlichen Wesenheit, ebenso wie der Regenbogen sieben Farben und ..."
[RELEVANCE-DEBUG-CONTEXT] Kontext-Preview: "Das Schwierigste für den Menschen ist, dass er bis in seinen physischen Leib hineinarbeiten lernt. Auch darüber, wie das Blut sich bewegt, kann man Herr werden; man kann Einfluss bekommen auf die Nerv..."
[RELEVANCE-DEBUG] GA054/5 Absatz 69: Score=0.740, Vorkommen=7, Kontext-Absätze=5, HitEnthältQuery=true, KontextEnthältQuery=true, Query="ätherleib"
[RELEVANCE-DEBUG-CONTEXT] Hit-Preview: "Nun müssen wir in bezug auf unsere heutige Frage dieses Wesen, diese Natur des Menschen näher anscha..."
[RELEVANCE-DEBUG-CONTEXT] Kontext-Preview: "Wenn der Mensch in seinen physischen Leib hineinarbeiten kann und damit in Verbindung mit dem Kosmos treten lernt, dann entwickelt er sein Atman. Dies ist das höchste Glied der menschlichen Wesenheit,..."
[RELEVANCE-SCORING] 6451 Treffer: hoch=3497, mittel=1079, niedrig=1875
[RELEVANCE-THRESHOLDS] Schwellwerte relativ zur Gesamthäufigkeit: hoch≥0.586 (3+ Vorkommen), mittel≥0.390 (2+ Vorkommen)
[BACKEND-FILTER] 6451 -> 1875 Ergebnisse nach Filter "niedrig"
  [Single] "ätherleib"

Extrahierte 1 Suchbegriffe aus "Ätherleib":
ätherleib
GET /api/book/GA035
[BOOK] Anfrage für GA035
[BOOK] Schrift gefunden: Philosophie und Anthroposophie (1904-1923)
[BOOK] ✓ Vortrags-Einträge gefunden - werden geschützt
[BOOK] ✓ Überschriften für GA035 gespeichert (4490 Einträge total, 4457 Vorträge geschützt)
GET /api/book/GA035
[BOOK] Anfrage für GA035
[BOOK] Schrift gefunden: Philosophie und Anthroposophie (1904-1923)
[BOOK] ✓ Vortrags-Einträge gefunden - werden geschützt
[BOOK] ✓ Überschriften für GA035 gespeichert (4490 Einträge total, 4457 Vorträge geschützt)
GET /api/full-lecture/GA089/39
GET /api/check-summary/GA089/39
[CHECK-SUMMARY] Prüfe zentrale DB für GA089/39
[SUMMARY-DB] Geladen: 4490 Einträge aus summary-database.json
[CHECK-SUMMARY] ✓ Zusammenfassung existiert für GA089/39 (Version: v2-unified)
GET /api/steiner-images/GA089%2F39
[IMAGES-API] Keine Bilder für GA089/39 gefunden
GET /api/full-lecture/GA093/15
GET /api/check-summary/GA093/15
[CHECK-SUMMARY] Prüfe zentrale DB für GA093/15
[SUMMARY-DB] Geladen: 4490 Einträge aus summary-database.json
[CHECK-SUMMARY] ✓ Zusammenfassung existiert für GA093/15 (Version: v2-unified)
GET /api/steiner-images/GA093%2F15
[IMAGES-API] Keine Bilder für GA093/15 gefunden
GET /api/full-lecture/GA093a/14
GET /api/check-summary/GA093a/14
[CHECK-SUMMARY] Prüfe zentrale DB für GA093a/14
[SUMMARY-DB] Geladen: 4490 Einträge aus summary-database.json
[CHECK-SUMMARY] ✓ Zusammenfassung existiert für GA093a/14 (Version: v2-unified)
GET /api/steiner-images/GA093a%2F14
[IMAGES-API] Keine Bilder für GA093a/14 gefunden
GET /api/full-lecture/GA093a/22
GET /api/check-summary/GA093a/22
[CHECK-SUMMARY] Prüfe zentrale DB für GA093a/22
[SUMMARY-DB] Geladen: 4490 Einträge aus summary-database.json
[CHECK-SUMMARY] ✓ Zusammenfassung existiert für GA093a/22 (Version: v2-unified)
GET /api/steiner-images/GA093a%2F22
[IMAGES-API] Sende 1 Bilder für GA093a/22 (aus steiner-images-part03.json)
[IMAGES-ASSETS] Anfrage für Bild: img-8.png
[IMAGES-ASSETS] Vollständiger Request-Pfad: /assets/img-8.png
[IMAGES-ASSETS] Decodierter Pfad: img-8.png
[IMAGES-ASSETS] GA-Nummer nicht gefunden in: img-8.png
GET /api/full-lecture/GA054/6
GET /api/check-summary/GA054/6
[CHECK-SUMMARY] Prüfe zentrale DB für GA054/6
[SUMMARY-DB] Geladen: 4490 Einträge aus summary-database.json
[CHECK-SUMMARY] ✓ Zusammenfassung existiert für GA054/6 (Version: v2-unified)
GET /api/steiner-images/GA054%2F6
[IMAGES-API] Keine Bilder für GA054/6 gefunden
GET /api/full-lecture/GA054/6
GET /api/check-summary/GA054/6
[CHECK-SUMMARY] Prüfe zentrale DB für GA054/6
[SUMMARY-DB] Geladen: 4490 Einträge aus summary-database.json
[CHECK-SUMMARY] ✓ Zusammenfassung existiert für GA054/6 (Version: v2-unified)
GET /api/keywords/available-ga-volumes
[API/AVAILABLE-GA-VOLUMES] Request erhalten
[API/AVAILABLE-GA-VOLUMES] fullLectures: 4487 Vorträge
[API/AVAILABLE-GA-VOLUMES] fullBooks: 40 Bücher
[API/AVAILABLE-GA-VOLUMES] Sende 355 Volumes
GET /debug/status
[DEBUG] Gefundene Books-Dateien: steiner-books-001-020-part01.json, steiner-books-021-046-part02.json

Gefundene Dateien:
  Search-Dateien: []
  Lecture-Dateien: ["steiner-full-lectures-051-354-part01.json","steiner-full-lectures-051-354-part02.json","steiner-full-lectures-051-354-part03.json","steiner-full-lectures-051-354-part04.json","steiner-full-lectures-051-354-part05.json","steiner-full-lectures-051-354-part06.json","steiner-full-lectures-051-354-part07.json","steiner-full-lectures-051-354-part08.json","steiner-full-lectures-051-354-part09.json","steiner-full-lectures-051-354-part10.json","steiner-full-lectures-051-354-part11.json","steiner-full-lectures-051-354-part12.json","steiner-full-lectures-051-354-part13.json","steiner-full-lectures-051-354-part14.json","steiner-full-lectures-051-354-part15.json","steiner-full-lectures-051-354-part16.json","steiner-full-lectures-051-354-part17.json"]
  Books-Dateien: ["steiner-books-001-020-part01.json","steiner-books-021-046-part02.json"]
GET /api/steiner-images
GET /api/ga-list
[API/GA-LIST] Request erhalten
[API/GA-LIST] fullLectures: 4487 Vorträge
[API/GA-LIST] fullBooks: 40 Bücher
[API/GA-LIST] Sende 355 GA-Bände
GET /api/list-files
GET /api/ga-list
[API/GA-LIST] Request erhalten
[API/GA-LIST] fullLectures: 4487 Vorträge
[API/GA-LIST] fullBooks: 40 Bücher
[API/GA-LIST] Sende 355 GA-Bände
[SUMMARY-DB] Geladen: 4490 Einträge aus summary-database.json
GET /api/keywords/available-ga-volumes
[API/AVAILABLE-GA-VOLUMES] Request erhalten
[API/AVAILABLE-GA-VOLUMES] fullLectures: 4487 Vorträge
[API/AVAILABLE-GA-VOLUMES] fullBooks: 40 Bücher
[API/AVAILABLE-GA-VOLUMES] Sende 355 Volumes
GET /api/keywords/available-ga-volumes
[API/AVAILABLE-GA-VOLUMES] Request erhalten
[API/AVAILABLE-GA-VOLUMES] fullLectures: 4487 Vorträge
[API/AVAILABLE-GA-VOLUMES] fullBooks: 40 Bücher
[API/AVAILABLE-GA-VOLUMES] Sende 355 Volumes
GET /favicon.ico
GET /api/available-years
[INFO] Verfügbare Jahre: 26 Jahre von 1888 bis 1924
GET /api/ga-list
[API/GA-LIST] Request erhalten
[API/GA-LIST] fullLectures: 4487 Vorträge
[API/GA-LIST] fullBooks: 40 Bücher
[API/GA-LIST] Sende 355 GA-Bände
GET /api/keywords/available-ga-volumes
[API/AVAILABLE-GA-VOLUMES] Request erhalten
[API/AVAILABLE-GA-VOLUMES] fullLectures: 4487 Vorträge
[API/AVAILABLE-GA-VOLUMES] fullBooks: 40 Bücher
[API/AVAILABLE-GA-VOLUMES] Sende 355 Volumes
GET /api/available-years
[INFO] Verfügbare Jahre: 26 Jahre von 1888 bis 1924
[IMAGES-API] Sende Liste von 1057 Vorträgen (ohne Bilder)
POST /api/fulltext-search
Volltext-Suche: Lebenstableau [Relevanz-Filter: ohne]
Volltext-Suche: 106 Absätze gefunden (Vorträge + Bücher)
[RELEVANCE-DEBUG] GA063/10 Absatz 11: Score=0.300, Vorkommen=1, Kontext-Absätze=5, HitEnthältQuery=true, KontextEnthältQuery=true, Query="lebenstableau"
[RELEVANCE-DEBUG-CONTEXT] Hit-Preview: "In dieser Welt ist in Form von Gedanken alles, was wir im letzten Lebenslaufe zwischen Geburt und To..."
[RELEVANCE-DEBUG-CONTEXT] Kontext-Preview: "Nachdem also der Mensch durch die Pforte des Todes geschritten ist, macht er ein Erlebnis durch in bezug auf das, was wir sein Denken, seine Gedanken nennen. Das Gedankenleben haben wir ja so im Leben..."
[RELEVANCE-DEBUG] GA068d/10 Absatz 46: Score=0.300, Vorkommen=1, Kontext-Absätze=5, HitEnthältQuery=true, KontextEnthältQuery=true, Query="lebenstableau"
[RELEVANCE-DEBUG-CONTEXT] Hit-Preview: "Das ganze bisherige letzte Leben tritt dann wie ein großes Tableau, wie ein Wandelpanorama vor die S..."
[RELEVANCE-DEBUG-CONTEXT] Kontext-Preview: "Solange dieser Astralleib noch nicht ganz aus dem Äther- und physischen Leibe heraus ist, ist die Zeit, wo aus der unbewussten nächtlichen Finsternis die Träume auftauchen. Solange der Astralleib noch..."
[RELEVANCE-DEBUG] GA072/5 Absatz 26: Score=0.300, Vorkommen=1, Kontext-Absätze=5, HitEnthältQuery=true, KontextEnthältQuery=true, Query="lebenstableau"
[RELEVANCE-DEBUG-CONTEXT] Hit-Preview: "Wenn nun der Geistesforscher Ihnen dasjenige schildert, was mit dem Tode eintritt, so schildert er d..."
[RELEVANCE-DEBUG-CONTEXT] Kontext-Preview: "Damit habe ich Sie hingewiesen darauf, dass durch eine ganz bestimmte innere Erfahrung, durch etwas, was man sorgfältig vorbereiten, wozu man sich sorgfältig innerlich erziehen muss, das eigentlich Se..."
[RELEVANCE-DEBUG] GA079/1 Absatz 26: Score=0.300, Vorkommen=1, Kontext-Absätze=5, HitEnthältQuery=true, KontextEnthältQuery=true, Query="lebenstableau"
[RELEVANCE-DEBUG-CONTEXT] Hit-Preview: "Das begründet sogar eine gewisse, ich möchte sagen, schmerzliche Erfahrung zunächst bei dem anthropo..."
[RELEVANCE-DEBUG-CONTEXT] Kontext-Preview: "Zunächst hat man ja noch nichts Äußerliches vor sich. Man hat nur die alten Kräfte verstärkt, intensiver gemacht. Aber man merkt sehr bald, dass in dem Bewusstsein des Menschen jetzt etwas Wesentliche..."
[RELEVANCE-DEBUG] GA079/1 Absatz 36: Score=0.500, Vorkommen=2, Kontext-Absätze=5, HitEnthältQuery=true, KontextEnthältQuery=true, Query="lebenstableau"
[RELEVANCE-DEBUG-CONTEXT] Hit-Preview: "Dieses ist eine sehr wichtige Etappe auf dem Wege zur Wirklichkeit der höheren Welten. Denn wenn wir..."
[RELEVANCE-DEBUG-CONTEXT] Kontext-Preview: "Wiederum habe ich im einzelnen in den genannten Büchern viele Übungen geschildert, durch die wir diese Kraft verstärken, welche die Vorstellung unterdrückt. Dann kommen wir dahin, wenn wir lange Zeit ..."
[RELEVANCE-DEBUG] GA079/2 Absatz 69: Score=0.300, Vorkommen=1, Kontext-Absätze=5, HitEnthältQuery=true, KontextEnthältQuery=true, Query="lebenstableau"
[RELEVANCE-DEBUG-CONTEXT] Hit-Preview: "Wenn man das erkennt, was ich vorhin das Lebenstableau der Rückschau genannt habe, das ein Bildekräf..."
[RELEVANCE-DEBUG-CONTEXT] Kontext-Preview: "Das bloße Denken auszubilden, führt eigentlich nur zu einer Bilderwelt. Will man in dieser Bilderwelt die Wirklichkeit wahrnehmen, dann muss man in der Weise, wie ich es angedeutet habe, auch das, was..."
[RELEVANCE-DEBUG] GA079/4 Absatz 45: Score=0.500, Vorkommen=2, Kontext-Absätze=5, HitEnthältQuery=true, KontextEnthältQuery=true, Query="lebenstableau"
[RELEVANCE-DEBUG-CONTEXT] Hit-Preview: "Und da entdeckt man dann etwas, was ja gewiss für das gewöhnliche Bewusstsein, das gewöhnliche Erken..."
[RELEVANCE-DEBUG-CONTEXT] Kontext-Preview: "Man muss noch andere Übungen machen: Man muss versuchen, wenn ich es so ausdrücken darf, rückwärts zu denken. Das heißt, man kann ja, wenn der Tag vorübergegangen ist, sich - nicht in Gedanken, auch n..."
[RELEVANCE-DEBUG] GA079/4 Absatz 46: Score=0.500, Vorkommen=2, Kontext-Absätze=5, HitEnthältQuery=true, KontextEnthältQuery=true, Query="lebenstableau"
[RELEVANCE-DEBUG-CONTEXT] Hit-Preview: "Man schaut jetzt, wie der Mensch nach seinem Lebenstableau, nun rückwärtslaufend in seinem Erleben, ..."
[RELEVANCE-DEBUG-CONTEXT] Kontext-Preview: "Indem man solche Übungen macht, reißt man das Denken los von dem äußeren Zeitverlaufe. Die Gewohnheit, die man sich tief eingewurzelt hat, mit dem Denken, mit dem Empfinden, mit dem Fühlen dem äußeren..."
[RELEVANCE-DEBUG] GA080a/1 Absatz 52: Score=0.500, Vorkommen=2, Kontext-Absätze=5, HitEnthältQuery=true, KontextEnthältQuery=true, Query="lebenstableau"
[RELEVANCE-DEBUG-CONTEXT] Hit-Preview: "Aber es kann diese Imagination so weit fortschreiten, dass man dieses eigene Innere wirklich nur vor..."
[RELEVANCE-DEBUG-CONTEXT] Kontext-Preview: "Nun hat man, wenn man zu dieser imaginativen Welt gekommen ist, aber ein volles Bewusstsein davon, dass man einmal eine Welt von Imaginationen hat. Die Art, wie man diese Imaginationen erlebt, ist ein..."
[RELEVANCE-DEBUG] GA080a/1 Absatz 55: Score=0.300, Vorkommen=1, Kontext-Absätze=5, HitEnthältQuery=true, KontextEnthältQuery=true, Query="lebenstableau"
[RELEVANCE-DEBUG-CONTEXT] Hit-Preview: "Das Erblicken dieses Lebenstableaus gibt durchaus innerlich das Erlebnis, das ich ein bedrückendes n..."
[RELEVANCE-DEBUG-CONTEXT] Kontext-Preview: "Sonst ist ja die Erinnerung so, dass aus dem Strom der Erlebnisse das eine oder andere herauftaucht. Jetzt aber hat man, nicht als Erinnerung, sondern als Bild, und zwar als inneres durchkraftetes Bil..."
[RELEVANCE-SCORING] 106 Treffer: hoch=59, mittel=0, niedrig=47
[RELEVANCE-THRESHOLDS] Schwellwerte relativ zur Gesamthäufigkeit: hoch≥0.452 (2+ Vorkommen), mittel≥0.301 (2+ Vorkommen)
  [Single] "lebenstableau"

Extrahierte 1 Suchbegriffe aus "Lebenstableau":
lebenstableau
POST /api/fulltext-search
Volltext-Suche: Lebenstableau [Relevanz-Filter: hoch]
Volltext-Suche: 106 Absätze gefunden (Vorträge + Bücher)
[RELEVANCE-DEBUG] GA063/10 Absatz 11: Score=0.300, Vorkommen=1, Kontext-Absätze=5, HitEnthältQuery=true, KontextEnthältQuery=true, Query="lebenstableau"
[RELEVANCE-DEBUG-CONTEXT] Hit-Preview: "In dieser Welt ist in Form von Gedanken alles, was wir im letzten Lebenslaufe zwischen Geburt und To..."
[RELEVANCE-DEBUG-CONTEXT] Kontext-Preview: "Nachdem also der Mensch durch die Pforte des Todes geschritten ist, macht er ein Erlebnis durch in bezug auf das, was wir sein Denken, seine Gedanken nennen. Das Gedankenleben haben wir ja so im Leben..."
[RELEVANCE-DEBUG] GA068d/10 Absatz 46: Score=0.300, Vorkommen=1, Kontext-Absätze=5, HitEnthältQuery=true, KontextEnthältQuery=true, Query="lebenstableau"
[RELEVANCE-DEBUG-CONTEXT] Hit-Preview: "Das ganze bisherige letzte Leben tritt dann wie ein großes Tableau, wie ein Wandelpanorama vor die S..."
[RELEVANCE-DEBUG-CONTEXT] Kontext-Preview: "Solange dieser Astralleib noch nicht ganz aus dem Äther- und physischen Leibe heraus ist, ist die Zeit, wo aus der unbewussten nächtlichen Finsternis die Träume auftauchen. Solange der Astralleib noch..."
[RELEVANCE-DEBUG] GA072/5 Absatz 26: Score=0.300, Vorkommen=1, Kontext-Absätze=5, HitEnthältQuery=true, KontextEnthältQuery=true, Query="lebenstableau"
[RELEVANCE-DEBUG-CONTEXT] Hit-Preview: "Wenn nun der Geistesforscher Ihnen dasjenige schildert, was mit dem Tode eintritt, so schildert er d..."
[RELEVANCE-DEBUG-CONTEXT] Kontext-Preview: "Damit habe ich Sie hingewiesen darauf, dass durch eine ganz bestimmte innere Erfahrung, durch etwas, was man sorgfältig vorbereiten, wozu man sich sorgfältig innerlich erziehen muss, das eigentlich Se..."
[RELEVANCE-DEBUG] GA079/1 Absatz 26: Score=0.300, Vorkommen=1, Kontext-Absätze=5, HitEnthältQuery=true, KontextEnthältQuery=true, Query="lebenstableau"
[RELEVANCE-DEBUG-CONTEXT] Hit-Preview: "Das begründet sogar eine gewisse, ich möchte sagen, schmerzliche Erfahrung zunächst bei dem anthropo..."
[RELEVANCE-DEBUG-CONTEXT] Kontext-Preview: "Zunächst hat man ja noch nichts Äußerliches vor sich. Man hat nur die alten Kräfte verstärkt, intensiver gemacht. Aber man merkt sehr bald, dass in dem Bewusstsein des Menschen jetzt etwas Wesentliche..."
[RELEVANCE-DEBUG] GA079/1 Absatz 36: Score=0.500, Vorkommen=2, Kontext-Absätze=5, HitEnthältQuery=true, KontextEnthältQuery=true, Query="lebenstableau"
[RELEVANCE-DEBUG-CONTEXT] Hit-Preview: "Dieses ist eine sehr wichtige Etappe auf dem Wege zur Wirklichkeit der höheren Welten. Denn wenn wir..."
[RELEVANCE-DEBUG-CONTEXT] Kontext-Preview: "Wiederum habe ich im einzelnen in den genannten Büchern viele Übungen geschildert, durch die wir diese Kraft verstärken, welche die Vorstellung unterdrückt. Dann kommen wir dahin, wenn wir lange Zeit ..."
[RELEVANCE-DEBUG] GA079/2 Absatz 69: Score=0.300, Vorkommen=1, Kontext-Absätze=5, HitEnthältQuery=true, KontextEnthältQuery=true, Query="lebenstableau"
[RELEVANCE-DEBUG-CONTEXT] Hit-Preview: "Wenn man das erkennt, was ich vorhin das Lebenstableau der Rückschau genannt habe, das ein Bildekräf..."
[RELEVANCE-DEBUG-CONTEXT] Kontext-Preview: "Das bloße Denken auszubilden, führt eigentlich nur zu einer Bilderwelt. Will man in dieser Bilderwelt die Wirklichkeit wahrnehmen, dann muss man in der Weise, wie ich es angedeutet habe, auch das, was..."
[RELEVANCE-DEBUG] GA079/4 Absatz 45: Score=0.500, Vorkommen=2, Kontext-Absätze=5, HitEnthältQuery=true, KontextEnthältQuery=true, Query="lebenstableau"
[RELEVANCE-DEBUG-CONTEXT] Hit-Preview: "Und da entdeckt man dann etwas, was ja gewiss für das gewöhnliche Bewusstsein, das gewöhnliche Erken..."
[RELEVANCE-DEBUG-CONTEXT] Kontext-Preview: "Man muss noch andere Übungen machen: Man muss versuchen, wenn ich es so ausdrücken darf, rückwärts zu denken. Das heißt, man kann ja, wenn der Tag vorübergegangen ist, sich - nicht in Gedanken, auch n..."
[RELEVANCE-DEBUG] GA079/4 Absatz 46: Score=0.500, Vorkommen=2, Kontext-Absätze=5, HitEnthältQuery=true, KontextEnthältQuery=true, Query="lebenstableau"
[RELEVANCE-DEBUG-CONTEXT] Hit-Preview: "Man schaut jetzt, wie der Mensch nach seinem Lebenstableau, nun rückwärtslaufend in seinem Erleben, ..."
[RELEVANCE-DEBUG-CONTEXT] Kontext-Preview: "Indem man solche Übungen macht, reißt man das Denken los von dem äußeren Zeitverlaufe. Die Gewohnheit, die man sich tief eingewurzelt hat, mit dem Denken, mit dem Empfinden, mit dem Fühlen dem äußeren..."
[RELEVANCE-DEBUG] GA080a/1 Absatz 52: Score=0.500, Vorkommen=2, Kontext-Absätze=5, HitEnthältQuery=true, KontextEnthältQuery=true, Query="lebenstableau"
[RELEVANCE-DEBUG-CONTEXT] Hit-Preview: "Aber es kann diese Imagination so weit fortschreiten, dass man dieses eigene Innere wirklich nur vor..."
[RELEVANCE-DEBUG-CONTEXT] Kontext-Preview: "Nun hat man, wenn man zu dieser imaginativen Welt gekommen ist, aber ein volles Bewusstsein davon, dass man einmal eine Welt von Imaginationen hat. Die Art, wie man diese Imaginationen erlebt, ist ein..."
[RELEVANCE-DEBUG] GA080a/1 Absatz 55: Score=0.300, Vorkommen=1, Kontext-Absätze=5, HitEnthältQuery=true, KontextEnthältQuery=true, Query="lebenstableau"
[RELEVANCE-DEBUG-CONTEXT] Hit-Preview: "Das Erblicken dieses Lebenstableaus gibt durchaus innerlich das Erlebnis, das ich ein bedrückendes n..."
[RELEVANCE-DEBUG-CONTEXT] Kontext-Preview: "Sonst ist ja die Erinnerung so, dass aus dem Strom der Erlebnisse das eine oder andere herauftaucht. Jetzt aber hat man, nicht als Erinnerung, sondern als Bild, und zwar als inneres durchkraftetes Bil..."
[RELEVANCE-SCORING] 106 Treffer: hoch=59, mittel=0, niedrig=47
[RELEVANCE-THRESHOLDS] Schwellwerte relativ zur Gesamthäufigkeit: hoch≥0.452 (2+ Vorkommen), mittel≥0.301 (2+ Vorkommen)
[BACKEND-FILTER] 106 -> 59 Ergebnisse nach Filter "hoch"
  [Single] "lebenstableau"

Extrahierte 1 Suchbegriffe aus "Lebenstableau":
lebenstableau
POST /api/fulltext-search
Volltext-Suche: Lebenstableau [Relevanz-Filter: mittel]
Volltext-Suche: 106 Absätze gefunden (Vorträge + Bücher)
[RELEVANCE-DEBUG] GA063/10 Absatz 11: Score=0.300, Vorkommen=1, Kontext-Absätze=5, HitEnthältQuery=true, KontextEnthältQuery=true, Query="lebenstableau"
[RELEVANCE-DEBUG-CONTEXT] Hit-Preview: "In dieser Welt ist in Form von Gedanken alles, was wir im letzten Lebenslaufe zwischen Geburt und To..."
[RELEVANCE-DEBUG-CONTEXT] Kontext-Preview: "Nachdem also der Mensch durch die Pforte des Todes geschritten ist, macht er ein Erlebnis durch in bezug auf das, was wir sein Denken, seine Gedanken nennen. Das Gedankenleben haben wir ja so im Leben..."
[RELEVANCE-DEBUG] GA068d/10 Absatz 46: Score=0.300, Vorkommen=1, Kontext-Absätze=5, HitEnthältQuery=true, KontextEnthältQuery=true, Query="lebenstableau"
[RELEVANCE-DEBUG-CONTEXT] Hit-Preview: "Das ganze bisherige letzte Leben tritt dann wie ein großes Tableau, wie ein Wandelpanorama vor die S..."
[RELEVANCE-DEBUG-CONTEXT] Kontext-Preview: "Solange dieser Astralleib noch nicht ganz aus dem Äther- und physischen Leibe heraus ist, ist die Zeit, wo aus der unbewussten nächtlichen Finsternis die Träume auftauchen. Solange der Astralleib noch..."
[RELEVANCE-DEBUG] GA072/5 Absatz 26: Score=0.300, Vorkommen=1, Kontext-Absätze=5, HitEnthältQuery=true, KontextEnthältQuery=true, Query="lebenstableau"
[RELEVANCE-DEBUG-CONTEXT] Hit-Preview: "Wenn nun der Geistesforscher Ihnen dasjenige schildert, was mit dem Tode eintritt, so schildert er d..."
[RELEVANCE-DEBUG-CONTEXT] Kontext-Preview: "Damit habe ich Sie hingewiesen darauf, dass durch eine ganz bestimmte innere Erfahrung, durch etwas, was man sorgfältig vorbereiten, wozu man sich sorgfältig innerlich erziehen muss, das eigentlich Se..."
[RELEVANCE-DEBUG] GA079/1 Absatz 26: Score=0.300, Vorkommen=1, Kontext-Absätze=5, HitEnthältQuery=true, KontextEnthältQuery=true, Query="lebenstableau"
[RELEVANCE-DEBUG-CONTEXT] Hit-Preview: "Das begründet sogar eine gewisse, ich möchte sagen, schmerzliche Erfahrung zunächst bei dem anthropo..."
[RELEVANCE-DEBUG-CONTEXT] Kontext-Preview: "Zunächst hat man ja noch nichts Äußerliches vor sich. Man hat nur die alten Kräfte verstärkt, intensiver gemacht. Aber man merkt sehr bald, dass in dem Bewusstsein des Menschen jetzt etwas Wesentliche..."
[RELEVANCE-DEBUG] GA079/1 Absatz 36: Score=0.500, Vorkommen=2, Kontext-Absätze=5, HitEnthältQuery=true, KontextEnthältQuery=true, Query="lebenstableau"
[RELEVANCE-DEBUG-CONTEXT] Hit-Preview: "Dieses ist eine sehr wichtige Etappe auf dem Wege zur Wirklichkeit der höheren Welten. Denn wenn wir..."
[RELEVANCE-DEBUG-CONTEXT] Kontext-Preview: "Wiederum habe ich im einzelnen in den genannten Büchern viele Übungen geschildert, durch die wir diese Kraft verstärken, welche die Vorstellung unterdrückt. Dann kommen wir dahin, wenn wir lange Zeit ..."
[RELEVANCE-DEBUG] GA079/2 Absatz 69: Score=0.300, Vorkommen=1, Kontext-Absätze=5, HitEnthältQuery=true, KontextEnthältQuery=true, Query="lebenstableau"
[RELEVANCE-DEBUG-CONTEXT] Hit-Preview: "Wenn man das erkennt, was ich vorhin das Lebenstableau der Rückschau genannt habe, das ein Bildekräf..."
[RELEVANCE-DEBUG-CONTEXT] Kontext-Preview: "Das bloße Denken auszubilden, führt eigentlich nur zu einer Bilderwelt. Will man in dieser Bilderwelt die Wirklichkeit wahrnehmen, dann muss man in der Weise, wie ich es angedeutet habe, auch das, was..."
[RELEVANCE-DEBUG] GA079/4 Absatz 45: Score=0.500, Vorkommen=2, Kontext-Absätze=5, HitEnthältQuery=true, KontextEnthältQuery=true, Query="lebenstableau"
[RELEVANCE-DEBUG-CONTEXT] Hit-Preview: "Und da entdeckt man dann etwas, was ja gewiss für das gewöhnliche Bewusstsein, das gewöhnliche Erken..."
[RELEVANCE-DEBUG-CONTEXT] Kontext-Preview: "Man muss noch andere Übungen machen: Man muss versuchen, wenn ich es so ausdrücken darf, rückwärts zu denken. Das heißt, man kann ja, wenn der Tag vorübergegangen ist, sich - nicht in Gedanken, auch n..."
[RELEVANCE-DEBUG] GA079/4 Absatz 46: Score=0.500, Vorkommen=2, Kontext-Absätze=5, HitEnthältQuery=true, KontextEnthältQuery=true, Query="lebenstableau"
[RELEVANCE-DEBUG-CONTEXT] Hit-Preview: "Man schaut jetzt, wie der Mensch nach seinem Lebenstableau, nun rückwärtslaufend in seinem Erleben, ..."
[RELEVANCE-DEBUG-CONTEXT] Kontext-Preview: "Indem man solche Übungen macht, reißt man das Denken los von dem äußeren Zeitverlaufe. Die Gewohnheit, die man sich tief eingewurzelt hat, mit dem Denken, mit dem Empfinden, mit dem Fühlen dem äußeren..."
[RELEVANCE-DEBUG] GA080a/1 Absatz 52: Score=0.500, Vorkommen=2, Kontext-Absätze=5, HitEnthältQuery=true, KontextEnthältQuery=true, Query="lebenstableau"
[RELEVANCE-DEBUG-CONTEXT] Hit-Preview: "Aber es kann diese Imagination so weit fortschreiten, dass man dieses eigene Innere wirklich nur vor..."
[RELEVANCE-DEBUG-CONTEXT] Kontext-Preview: "Nun hat man, wenn man zu dieser imaginativen Welt gekommen ist, aber ein volles Bewusstsein davon, dass man einmal eine Welt von Imaginationen hat. Die Art, wie man diese Imaginationen erlebt, ist ein..."
[RELEVANCE-DEBUG] GA080a/1 Absatz 55: Score=0.300, Vorkommen=1, Kontext-Absätze=5, HitEnthältQuery=true, KontextEnthältQuery=true, Query="lebenstableau"
[RELEVANCE-DEBUG-CONTEXT] Hit-Preview: "Das Erblicken dieses Lebenstableaus gibt durchaus innerlich das Erlebnis, das ich ein bedrückendes n..."
[RELEVANCE-DEBUG-CONTEXT] Kontext-Preview: "Sonst ist ja die Erinnerung so, dass aus dem Strom der Erlebnisse das eine oder andere herauftaucht. Jetzt aber hat man, nicht als Erinnerung, sondern als Bild, und zwar als inneres durchkraftetes Bil..."
[RELEVANCE-SCORING] 106 Treffer: hoch=59, mittel=0, niedrig=47
[RELEVANCE-THRESHOLDS] Schwellwerte relativ zur Gesamthäufigkeit: hoch≥0.452 (2+ Vorkommen), mittel≥0.301 (2+ Vorkommen)
[BACKEND-FILTER] 106 -> 0 Ergebnisse nach Filter "mittel"
POST /api/fulltext-search
Volltext-Suche: Lebenstableau [Relevanz-Filter: niedrig]
Volltext-Suche: 106 Absätze gefunden (Vorträge + Bücher)
[RELEVANCE-DEBUG] GA063/10 Absatz 11: Score=0.300, Vorkommen=1, Kontext-Absätze=5, HitEnthältQuery=true, KontextEnthältQuery=true, Query="lebenstableau"
[RELEVANCE-DEBUG-CONTEXT] Hit-Preview: "In dieser Welt ist in Form von Gedanken alles, was wir im letzten Lebenslaufe zwischen Geburt und To..."
[RELEVANCE-DEBUG-CONTEXT] Kontext-Preview: "Nachdem also der Mensch durch die Pforte des Todes geschritten ist, macht er ein Erlebnis durch in bezug auf das, was wir sein Denken, seine Gedanken nennen. Das Gedankenleben haben wir ja so im Leben..."
[RELEVANCE-DEBUG] GA068d/10 Absatz 46: Score=0.300, Vorkommen=1, Kontext-Absätze=5, HitEnthältQuery=true, KontextEnthältQuery=true, Query="lebenstableau"
[RELEVANCE-DEBUG-CONTEXT] Hit-Preview: "Das ganze bisherige letzte Leben tritt dann wie ein großes Tableau, wie ein Wandelpanorama vor die S..."
[RELEVANCE-DEBUG-CONTEXT] Kontext-Preview: "Solange dieser Astralleib noch nicht ganz aus dem Äther- und physischen Leibe heraus ist, ist die Zeit, wo aus der unbewussten nächtlichen Finsternis die Träume auftauchen. Solange der Astralleib noch..."
[RELEVANCE-DEBUG] GA072/5 Absatz 26: Score=0.300, Vorkommen=1, Kontext-Absätze=5, HitEnthältQuery=true, KontextEnthältQuery=true, Query="lebenstableau"
[RELEVANCE-DEBUG-CONTEXT] Hit-Preview: "Wenn nun der Geistesforscher Ihnen dasjenige schildert, was mit dem Tode eintritt, so schildert er d..."
[RELEVANCE-DEBUG-CONTEXT] Kontext-Preview: "Damit habe ich Sie hingewiesen darauf, dass durch eine ganz bestimmte innere Erfahrung, durch etwas, was man sorgfältig vorbereiten, wozu man sich sorgfältig innerlich erziehen muss, das eigentlich Se..."
[RELEVANCE-DEBUG] GA079/1 Absatz 26: Score=0.300, Vorkommen=1, Kontext-Absätze=5, HitEnthältQuery=true, KontextEnthältQuery=true, Query="lebenstableau"
[RELEVANCE-DEBUG-CONTEXT] Hit-Preview: "Das begründet sogar eine gewisse, ich möchte sagen, schmerzliche Erfahrung zunächst bei dem anthropo..."
[RELEVANCE-DEBUG-CONTEXT] Kontext-Preview: "Zunächst hat man ja noch nichts Äußerliches vor sich. Man hat nur die alten Kräfte verstärkt, intensiver gemacht. Aber man merkt sehr bald, dass in dem Bewusstsein des Menschen jetzt etwas Wesentliche..."
[RELEVANCE-DEBUG] GA079/1 Absatz 36: Score=0.500, Vorkommen=2, Kontext-Absätze=5, HitEnthältQuery=true, KontextEnthältQuery=true, Query="lebenstableau"
[RELEVANCE-DEBUG-CONTEXT] Hit-Preview: "Dieses ist eine sehr wichtige Etappe auf dem Wege zur Wirklichkeit der höheren Welten. Denn wenn wir..."
[RELEVANCE-DEBUG-CONTEXT] Kontext-Preview: "Wiederum habe ich im einzelnen in den genannten Büchern viele Übungen geschildert, durch die wir diese Kraft verstärken, welche die Vorstellung unterdrückt. Dann kommen wir dahin, wenn wir lange Zeit ..."
[RELEVANCE-DEBUG] GA079/2 Absatz 69: Score=0.300, Vorkommen=1, Kontext-Absätze=5, HitEnthältQuery=true, KontextEnthältQuery=true, Query="lebenstableau"
[RELEVANCE-DEBUG-CONTEXT] Hit-Preview: "Wenn man das erkennt, was ich vorhin das Lebenstableau der Rückschau genannt habe, das ein Bildekräf..."
[RELEVANCE-DEBUG-CONTEXT] Kontext-Preview: "Das bloße Denken auszubilden, führt eigentlich nur zu einer Bilderwelt. Will man in dieser Bilderwelt die Wirklichkeit wahrnehmen, dann muss man in der Weise, wie ich es angedeutet habe, auch das, was..."
[RELEVANCE-DEBUG] GA079/4 Absatz 45: Score=0.500, Vorkommen=2, Kontext-Absätze=5, HitEnthältQuery=true, KontextEnthältQuery=true, Query="lebenstableau"
[RELEVANCE-DEBUG-CONTEXT] Hit-Preview: "Und da entdeckt man dann etwas, was ja gewiss für das gewöhnliche Bewusstsein, das gewöhnliche Erken..."
[RELEVANCE-DEBUG-CONTEXT] Kontext-Preview: "Man muss noch andere Übungen machen: Man muss versuchen, wenn ich es so ausdrücken darf, rückwärts zu denken. Das heißt, man kann ja, wenn der Tag vorübergegangen ist, sich - nicht in Gedanken, auch n..."
[RELEVANCE-DEBUG] GA079/4 Absatz 46: Score=0.500, Vorkommen=2, Kontext-Absätze=5, HitEnthältQuery=true, KontextEnthältQuery=true, Query="lebenstableau"
[RELEVANCE-DEBUG-CONTEXT] Hit-Preview: "Man schaut jetzt, wie der Mensch nach seinem Lebenstableau, nun rückwärtslaufend in seinem Erleben, ..."
[RELEVANCE-DEBUG-CONTEXT] Kontext-Preview: "Indem man solche Übungen macht, reißt man das Denken los von dem äußeren Zeitverlaufe. Die Gewohnheit, die man sich tief eingewurzelt hat, mit dem Denken, mit dem Empfinden, mit dem Fühlen dem äußeren..."
[RELEVANCE-DEBUG] GA080a/1 Absatz 52: Score=0.500, Vorkommen=2, Kontext-Absätze=5, HitEnthältQuery=true, KontextEnthältQuery=true, Query="lebenstableau"
[RELEVANCE-DEBUG-CONTEXT] Hit-Preview: "Aber es kann diese Imagination so weit fortschreiten, dass man dieses eigene Innere wirklich nur vor..."
[RELEVANCE-DEBUG-CONTEXT] Kontext-Preview: "Nun hat man, wenn man zu dieser imaginativen Welt gekommen ist, aber ein volles Bewusstsein davon, dass man einmal eine Welt von Imaginationen hat. Die Art, wie man diese Imaginationen erlebt, ist ein..."
[RELEVANCE-DEBUG] GA080a/1 Absatz 55: Score=0.300, Vorkommen=1, Kontext-Absätze=5, HitEnthältQuery=true, KontextEnthältQuery=true, Query="lebenstableau"
[RELEVANCE-DEBUG-CONTEXT] Hit-Preview: "Das Erblicken dieses Lebenstableaus gibt durchaus innerlich das Erlebnis, das ich ein bedrückendes n..."
[RELEVANCE-DEBUG-CONTEXT] Kontext-Preview: "Sonst ist ja die Erinnerung so, dass aus dem Strom der Erlebnisse das eine oder andere herauftaucht. Jetzt aber hat man, nicht als Erinnerung, sondern als Bild, und zwar als inneres durchkraftetes Bil..."
[RELEVANCE-SCORING] 106 Treffer: hoch=59, mittel=0, niedrig=47
[RELEVANCE-THRESHOLDS] Schwellwerte relativ zur Gesamthäufigkeit: hoch≥0.452 (2+ Vorkommen), mittel≥0.301 (2+ Vorkommen)
[BACKEND-FILTER] 106 -> 47 Ergebnisse nach Filter "niedrig"
  [Single] "lebenstableau"

Extrahierte 1 Suchbegriffe aus "Lebenstableau":
lebenstableau
GET /api/full-lecture/GA100/8
GET /api/check-summary/GA100/8
[CHECK-SUMMARY] Prüfe zentrale DB für GA100/8
[SUMMARY-DB] Geladen: 4490 Einträge aus summary-database.json
[CHECK-SUMMARY] ✓ Zusammenfassung existiert für GA100/8 (Version: v2-unified)
GET /api/steiner-images/GA100%2F8
[IMAGES-API] Keine Bilder für GA100/8 gefunden
GET /api/full-lecture/GA068d/10
GET /api/check-summary/GA068d/10
[CHECK-SUMMARY] Prüfe zentrale DB für GA068d/10
[SUMMARY-DB] Geladen: 4490 Einträge aus summary-database.json
[CHECK-SUMMARY] ✓ Zusammenfassung existiert für GA068d/10 (Version: v2-unified)
GET /api/steiner-images/GA068d%2F10
[IMAGES-API] Keine Bilder für GA068d/10 gefunden
GET /api/full-lecture/GA157/8
GET /api/check-summary/GA157/8
[CHECK-SUMMARY] Prüfe zentrale DB für GA157/8
[SUMMARY-DB] Geladen: 4490 Einträge aus summary-database.json
[CHECK-SUMMARY] ✓ Zusammenfassung existiert für GA157/8 (Version: v2-unified)
GET /api/steiner-images/GA157%2F8
[IMAGES-API] Keine Bilder für GA157/8 gefunden
GET /api/full-lecture/GA159/14
GET /api/check-summary/GA159/14
[CHECK-SUMMARY] Prüfe zentrale DB für GA159/14
[SUMMARY-DB] Geladen: 4490 Einträge aus summary-database.json
[CHECK-SUMMARY] ✓ Zusammenfassung existiert für GA159/14 (Version: v2-unified)
GET /api/steiner-images/GA159%2F14
[IMAGES-ASSETS] Anfrage für Bild: GA159-Das%20Geheimnis%20des%20Todes.%20Wesen%20und%20Bedeutung%20Mitteleuropas%20und%20die%20europ%C3%A4ischen%20Volksgeister_img-2.png
[IMAGES-ASSETS] Vollständiger Request-Pfad: /assets/GA159-Das%20Geheimnis%20des%20Todes.%20Wesen%20und%20Bedeutung%20Mitteleuropas%20und%20die%20europ%C3%A4ischen%20Volksgeister_img-2.png
[IMAGES-ASSETS] Decodierter Pfad: GA159-Das Geheimnis des Todes. Wesen und Bedeutung Mitteleuropas und die europäischen Volksgeister_img-2.png
[IMAGES-ASSETS] Gefundene GA-Nummer: GA159
[IMAGES-ASSETS] Suche in: C:\Users\chuec\OneDrive\GitHub\ga_suche\Steiner_GA
[IMAGES-ASSETS] Gefundener GA-Ordner: GA159-Das Geheimnis des Todes. Wesen und Bedeutung Mitteleuropas und die europäischen Volksgeister
[IMAGES-ASSETS] Vollständiger Pfad: C:\Users\chuec\OneDrive\GitHub\ga_suche\Steiner_GA\GA159-Das Geheimnis des Todes. Wesen und Bedeutung Mitteleuropas und die europäischen Volksgeister\assets\GA159-Das Geheimnis des Todes. Wesen und Bedeutung Mitteleuropas und die europäischen Volksgeister_img-2.png
[IMAGES-ASSETS] ✓ Bild gefunden, serviere: C:\Users\chuec\OneDrive\GitHub\ga_suche\Steiner_GA\GA159-Das Geheimnis des Todes. Wesen und Bedeutung Mitteleuropas und die europäischen Volksgeister\assets\GA159-Das Geheimnis des Todes. Wesen und Bedeutung Mitteleuropas und die europäischen Volksgeister_img-2.png
[IMAGES-API] Sende 1 Bilder für GA159/14 (aus steiner-images-part07.json)
GET /api/full-lecture/GA159/14
GET /api/check-summary/GA159/14
[CHECK-SUMMARY] Prüfe zentrale DB für GA159/14
[SUMMARY-DB] Geladen: 4490 Einträge aus summary-database.json
[CHECK-SUMMARY] ✓ Zusammenfassung existiert für GA159/14 (Version: v2-unified)
[IMAGES-ASSETS] Anfrage für Bild: GA159-Das%20Geheimnis%20des%20Todes.%20Wesen%20und%20Bedeutung%20Mitteleuropas%20und%20die%20europ%C3%A4ischen%20Volksgeister_img-2.png
[IMAGES-ASSETS] Vollständiger Request-Pfad: /assets/GA159-Das%20Geheimnis%20des%20Todes.%20Wesen%20und%20Bedeutung%20Mitteleuropas%20und%20die%20europ%C3%A4ischen%20Volksgeister_img-2.png
[IMAGES-ASSETS] Decodierter Pfad: GA159-Das Geheimnis des Todes. Wesen und Bedeutung Mitteleuropas und die europäischen Volksgeister_img-2.png
[IMAGES-ASSETS] Gefundene GA-Nummer: GA159
[IMAGES-ASSETS] Suche in: C:\Users\chuec\OneDrive\GitHub\ga_suche\Steiner_GA
[IMAGES-ASSETS] Gefundener GA-Ordner: GA159-Das Geheimnis des Todes. Wesen und Bedeutung Mitteleuropas und die europäischen Volksgeister
[IMAGES-ASSETS] Vollständiger Pfad: C:\Users\chuec\OneDrive\GitHub\ga_suche\Steiner_GA\GA159-Das Geheimnis des Todes. Wesen und Bedeutung Mitteleuropas und die europäischen Volksgeister\assets\GA159-Das Geheimnis des Todes. Wesen und Bedeutung Mitteleuropas und die europäischen Volksgeister_img-2.png
[IMAGES-ASSETS] ✓ Bild gefunden, serviere: C:\Users\chuec\OneDrive\GitHub\ga_suche\Steiner_GA\GA159-Das Geheimnis des Todes. Wesen und Bedeutung Mitteleuropas und die europäischen Volksgeister\assets\GA159-Das Geheimnis des Todes. Wesen und Bedeutung Mitteleuropas und die europäischen Volksgeister_img-2.png
GET /api/full-lecture/GA072/5
GET /api/check-summary/GA072/5
[CHECK-SUMMARY] Prüfe zentrale DB für GA072/5
[SUMMARY-DB] Geladen: 4490 Einträge aus summary-database.json
[CHECK-SUMMARY] ✓ Zusammenfassung existiert für GA072/5 (Version: v2-unified)
GET /api/steiner-images/GA072%2F5
[IMAGES-API] Keine Bilder für GA072/5 gefunden
GET /api/quotes
POST /api/fulltext-search
Volltext-Suche: Lebenstableau [Relevanz-Filter: hoch]
Volltext-Suche: 106 Absätze gefunden (Vorträge + Bücher)
[RELEVANCE-DEBUG] GA063/10 Absatz 11: Score=0.300, Vorkommen=1, Kontext-Absätze=5, HitEnthältQuery=true, KontextEnthältQuery=true, Query="lebenstableau"
[RELEVANCE-DEBUG-CONTEXT] Hit-Preview: "In dieser Welt ist in Form von Gedanken alles, was wir im letzten Lebenslaufe zwischen Geburt und To..."
[RELEVANCE-DEBUG-CONTEXT] Kontext-Preview: "Nachdem also der Mensch durch die Pforte des Todes geschritten ist, macht er ein Erlebnis durch in bezug auf das, was wir sein Denken, seine Gedanken nennen. Das Gedankenleben haben wir ja so im Leben..."
[RELEVANCE-DEBUG] GA068d/10 Absatz 46: Score=0.300, Vorkommen=1, Kontext-Absätze=5, HitEnthältQuery=true, KontextEnthältQuery=true, Query="lebenstableau"
[RELEVANCE-DEBUG-CONTEXT] Hit-Preview: "Das ganze bisherige letzte Leben tritt dann wie ein großes Tableau, wie ein Wandelpanorama vor die S..."
[RELEVANCE-DEBUG-CONTEXT] Kontext-Preview: "Solange dieser Astralleib noch nicht ganz aus dem Äther- und physischen Leibe heraus ist, ist die Zeit, wo aus der unbewussten nächtlichen Finsternis die Träume auftauchen. Solange der Astralleib noch..."
[RELEVANCE-DEBUG] GA072/5 Absatz 26: Score=0.300, Vorkommen=1, Kontext-Absätze=5, HitEnthältQuery=true, KontextEnthältQuery=true, Query="lebenstableau"
[RELEVANCE-DEBUG-CONTEXT] Hit-Preview: "Wenn nun der Geistesforscher Ihnen dasjenige schildert, was mit dem Tode eintritt, so schildert er d..."
[RELEVANCE-DEBUG-CONTEXT] Kontext-Preview: "Damit habe ich Sie hingewiesen darauf, dass durch eine ganz bestimmte innere Erfahrung, durch etwas, was man sorgfältig vorbereiten, wozu man sich sorgfältig innerlich erziehen muss, das eigentlich Se..."
[RELEVANCE-DEBUG] GA079/1 Absatz 26: Score=0.300, Vorkommen=1, Kontext-Absätze=5, HitEnthältQuery=true, KontextEnthältQuery=true, Query="lebenstableau"
[RELEVANCE-DEBUG-CONTEXT] Hit-Preview: "Das begründet sogar eine gewisse, ich möchte sagen, schmerzliche Erfahrung zunächst bei dem anthropo..."
[RELEVANCE-DEBUG-CONTEXT] Kontext-Preview: "Zunächst hat man ja noch nichts Äußerliches vor sich. Man hat nur die alten Kräfte verstärkt, intensiver gemacht. Aber man merkt sehr bald, dass in dem Bewusstsein des Menschen jetzt etwas Wesentliche..."
[RELEVANCE-DEBUG] GA079/1 Absatz 36: Score=0.500, Vorkommen=2, Kontext-Absätze=5, HitEnthältQuery=true, KontextEnthältQuery=true, Query="lebenstableau"
[RELEVANCE-DEBUG-CONTEXT] Hit-Preview: "Dieses ist eine sehr wichtige Etappe auf dem Wege zur Wirklichkeit der höheren Welten. Denn wenn wir..."
[RELEVANCE-DEBUG-CONTEXT] Kontext-Preview: "Wiederum habe ich im einzelnen in den genannten Büchern viele Übungen geschildert, durch die wir diese Kraft verstärken, welche die Vorstellung unterdrückt. Dann kommen wir dahin, wenn wir lange Zeit ..."
[RELEVANCE-DEBUG] GA079/2 Absatz 69: Score=0.300, Vorkommen=1, Kontext-Absätze=5, HitEnthältQuery=true, KontextEnthältQuery=true, Query="lebenstableau"
[RELEVANCE-DEBUG-CONTEXT] Hit-Preview: "Wenn man das erkennt, was ich vorhin das Lebenstableau der Rückschau genannt habe, das ein Bildekräf..."
[RELEVANCE-DEBUG-CONTEXT] Kontext-Preview: "Das bloße Denken auszubilden, führt eigentlich nur zu einer Bilderwelt. Will man in dieser Bilderwelt die Wirklichkeit wahrnehmen, dann muss man in der Weise, wie ich es angedeutet habe, auch das, was..."
[RELEVANCE-DEBUG] GA079/4 Absatz 45: Score=0.500, Vorkommen=2, Kontext-Absätze=5, HitEnthältQuery=true, KontextEnthältQuery=true, Query="lebenstableau"
[RELEVANCE-DEBUG-CONTEXT] Hit-Preview: "Und da entdeckt man dann etwas, was ja gewiss für das gewöhnliche Bewusstsein, das gewöhnliche Erken..."
[RELEVANCE-DEBUG-CONTEXT] Kontext-Preview: "Man muss noch andere Übungen machen: Man muss versuchen, wenn ich es so ausdrücken darf, rückwärts zu denken. Das heißt, man kann ja, wenn der Tag vorübergegangen ist, sich - nicht in Gedanken, auch n..."
[RELEVANCE-DEBUG] GA079/4 Absatz 46: Score=0.500, Vorkommen=2, Kontext-Absätze=5, HitEnthältQuery=true, KontextEnthältQuery=true, Query="lebenstableau"
[RELEVANCE-DEBUG-CONTEXT] Hit-Preview: "Man schaut jetzt, wie der Mensch nach seinem Lebenstableau, nun rückwärtslaufend in seinem Erleben, ..."
[RELEVANCE-DEBUG-CONTEXT] Kontext-Preview: "Indem man solche Übungen macht, reißt man das Denken los von dem äußeren Zeitverlaufe. Die Gewohnheit, die man sich tief eingewurzelt hat, mit dem Denken, mit dem Empfinden, mit dem Fühlen dem äußeren..."
[RELEVANCE-DEBUG] GA080a/1 Absatz 52: Score=0.500, Vorkommen=2, Kontext-Absätze=5, HitEnthältQuery=true, KontextEnthältQuery=true, Query="lebenstableau"
[RELEVANCE-DEBUG-CONTEXT] Hit-Preview: "Aber es kann diese Imagination so weit fortschreiten, dass man dieses eigene Innere wirklich nur vor..."
[RELEVANCE-DEBUG-CONTEXT] Kontext-Preview: "Nun hat man, wenn man zu dieser imaginativen Welt gekommen ist, aber ein volles Bewusstsein davon, dass man einmal eine Welt von Imaginationen hat. Die Art, wie man diese Imaginationen erlebt, ist ein..."
[RELEVANCE-DEBUG] GA080a/1 Absatz 55: Score=0.300, Vorkommen=1, Kontext-Absätze=5, HitEnthältQuery=true, KontextEnthältQuery=true, Query="lebenstableau"
[RELEVANCE-DEBUG-CONTEXT] Hit-Preview: "Das Erblicken dieses Lebenstableaus gibt durchaus innerlich das Erlebnis, das ich ein bedrückendes n..."
[RELEVANCE-DEBUG-CONTEXT] Kontext-Preview: "Sonst ist ja die Erinnerung so, dass aus dem Strom der Erlebnisse das eine oder andere herauftaucht. Jetzt aber hat man, nicht als Erinnerung, sondern als Bild, und zwar als inneres durchkraftetes Bil..."
[RELEVANCE-SCORING] 106 Treffer: hoch=59, mittel=0, niedrig=47
[RELEVANCE-THRESHOLDS] Schwellwerte relativ zur Gesamthäufigkeit: hoch≥0.452 (2+ Vorkommen), mittel≥0.301 (2+ Vorkommen)
[BACKEND-FILTER] 106 -> 59 Ergebnisse nach Filter "hoch"
  [Single] "lebenstableau"

Extrahierte 1 Suchbegriffe aus "Lebenstableau":
lebenstableau
GET /api/full-lecture/GA174b/5
GET /api/check-summary/GA174b/5
[CHECK-SUMMARY] Prüfe zentrale DB für GA174b/5
[SUMMARY-DB] Geladen: 4490 Einträge aus summary-database.json
[CHECK-SUMMARY] ✓ Zusammenfassung existiert für GA174b/5 (Version: v2-unified)
GET /api/steiner-images/GA174b%2F5
[IMAGES-API] Keine Bilder für GA174b/5 gefunden
GET /api/full-lecture/GA174b/5
GET /api/check-summary/GA174b/5
[CHECK-SUMMARY] Prüfe zentrale DB für GA174b/5
[SUMMARY-DB] Geladen: 4490 Einträge aus summary-database.json
[CHECK-SUMMARY] ✓ Zusammenfassung existiert für GA174b/5 (Version: v2-unified)
GET /api/full-lecture/GA168/2
GET /api/check-summary/GA168/2
[CHECK-SUMMARY] Prüfe zentrale DB für GA168/2
[SUMMARY-DB] Geladen: 4490 Einträge aus summary-database.json
[CHECK-SUMMARY] ✓ Zusammenfassung existiert für GA168/2 (Version: v2-unified)
GET /api/steiner-images/GA168%2F2
GET /api/full-lecture/GA168/3
GET /api/check-summary/GA168/3
[CHECK-SUMMARY] Prüfe zentrale DB für GA168/3
[SUMMARY-DB] Geladen: 4490 Einträge aus summary-database.json
[CHECK-SUMMARY] ✓ Zusammenfassung existiert für GA168/3 (Version: v2-unified)
GET /api/steiner-images/GA168%2F3
[IMAGES-API] Keine Bilder für GA168/2 gefunden
GET /api/full-lecture/GA168/3
GET /api/check-summary/GA168/3
[CHECK-SUMMARY] Prüfe zentrale DB für GA168/3
[SUMMARY-DB] Geladen: 4490 Einträge aus summary-database.json
[CHECK-SUMMARY] ✓ Zusammenfassung existiert für GA168/3 (Version: v2-unified)
[IMAGES-API] Keine Bilder für GA168/3 gefunden
GET /api/steiner-images/GA168%2F3
[IMAGES-API] Sende 0 Bilder für GA168/3 (aus Cache)
POST /api/fulltext-search
Volltext-Suche: Lebenstableau [Relevanz-Filter: ohne]
Volltext-Suche: 106 Absätze gefunden (Vorträge + Bücher)
[RELEVANCE-DEBUG] GA063/10 Absatz 11: Score=0.300, Vorkommen=1, Kontext-Absätze=5, HitEnthältQuery=true, KontextEnthältQuery=true, Query="lebenstableau"
[RELEVANCE-DEBUG-CONTEXT] Hit-Preview: "In dieser Welt ist in Form von Gedanken alles, was wir im letzten Lebenslaufe zwischen Geburt und To..."
[RELEVANCE-DEBUG-CONTEXT] Kontext-Preview: "Nachdem also der Mensch durch die Pforte des Todes geschritten ist, macht er ein Erlebnis durch in bezug auf das, was wir sein Denken, seine Gedanken nennen. Das Gedankenleben haben wir ja so im Leben..."
[RELEVANCE-DEBUG] GA068d/10 Absatz 46: Score=0.300, Vorkommen=1, Kontext-Absätze=5, HitEnthältQuery=true, KontextEnthältQuery=true, Query="lebenstableau"
[RELEVANCE-DEBUG-CONTEXT] Hit-Preview: "Das ganze bisherige letzte Leben tritt dann wie ein großes Tableau, wie ein Wandelpanorama vor die S..."
[RELEVANCE-DEBUG-CONTEXT] Kontext-Preview: "Solange dieser Astralleib noch nicht ganz aus dem Äther- und physischen Leibe heraus ist, ist die Zeit, wo aus der unbewussten nächtlichen Finsternis die Träume auftauchen. Solange der Astralleib noch..."
[RELEVANCE-DEBUG] GA072/5 Absatz 26: Score=0.300, Vorkommen=1, Kontext-Absätze=5, HitEnthältQuery=true, KontextEnthältQuery=true, Query="lebenstableau"
[RELEVANCE-DEBUG-CONTEXT] Hit-Preview: "Wenn nun der Geistesforscher Ihnen dasjenige schildert, was mit dem Tode eintritt, so schildert er d..."
[RELEVANCE-DEBUG-CONTEXT] Kontext-Preview: "Damit habe ich Sie hingewiesen darauf, dass durch eine ganz bestimmte innere Erfahrung, durch etwas, was man sorgfältig vorbereiten, wozu man sich sorgfältig innerlich erziehen muss, das eigentlich Se..."
[RELEVANCE-DEBUG] GA079/1 Absatz 26: Score=0.300, Vorkommen=1, Kontext-Absätze=5, HitEnthältQuery=true, KontextEnthältQuery=true, Query="lebenstableau"
[RELEVANCE-DEBUG-CONTEXT] Hit-Preview: "Das begründet sogar eine gewisse, ich möchte sagen, schmerzliche Erfahrung zunächst bei dem anthropo..."
[RELEVANCE-DEBUG-CONTEXT] Kontext-Preview: "Zunächst hat man ja noch nichts Äußerliches vor sich. Man hat nur die alten Kräfte verstärkt, intensiver gemacht. Aber man merkt sehr bald, dass in dem Bewusstsein des Menschen jetzt etwas Wesentliche..."
[RELEVANCE-DEBUG] GA079/1 Absatz 36: Score=0.500, Vorkommen=2, Kontext-Absätze=5, HitEnthältQuery=true, KontextEnthältQuery=true, Query="lebenstableau"
[RELEVANCE-DEBUG-CONTEXT] Hit-Preview: "Dieses ist eine sehr wichtige Etappe auf dem Wege zur Wirklichkeit der höheren Welten. Denn wenn wir..."
[RELEVANCE-DEBUG-CONTEXT] Kontext-Preview: "Wiederum habe ich im einzelnen in den genannten Büchern viele Übungen geschildert, durch die wir diese Kraft verstärken, welche die Vorstellung unterdrückt. Dann kommen wir dahin, wenn wir lange Zeit ..."
[RELEVANCE-DEBUG] GA079/2 Absatz 69: Score=0.300, Vorkommen=1, Kontext-Absätze=5, HitEnthältQuery=true, KontextEnthältQuery=true, Query="lebenstableau"
[RELEVANCE-DEBUG-CONTEXT] Hit-Preview: "Wenn man das erkennt, was ich vorhin das Lebenstableau der Rückschau genannt habe, das ein Bildekräf..."
[RELEVANCE-DEBUG-CONTEXT] Kontext-Preview: "Das bloße Denken auszubilden, führt eigentlich nur zu einer Bilderwelt. Will man in dieser Bilderwelt die Wirklichkeit wahrnehmen, dann muss man in der Weise, wie ich es angedeutet habe, auch das, was..."
[RELEVANCE-DEBUG] GA079/4 Absatz 45: Score=0.500, Vorkommen=2, Kontext-Absätze=5, HitEnthältQuery=true, KontextEnthältQuery=true, Query="lebenstableau"
[RELEVANCE-DEBUG-CONTEXT] Hit-Preview: "Und da entdeckt man dann etwas, was ja gewiss für das gewöhnliche Bewusstsein, das gewöhnliche Erken..."
[RELEVANCE-DEBUG-CONTEXT] Kontext-Preview: "Man muss noch andere Übungen machen: Man muss versuchen, wenn ich es so ausdrücken darf, rückwärts zu denken. Das heißt, man kann ja, wenn der Tag vorübergegangen ist, sich - nicht in Gedanken, auch n..."
[RELEVANCE-DEBUG] GA079/4 Absatz 46: Score=0.500, Vorkommen=2, Kontext-Absätze=5, HitEnthältQuery=true, KontextEnthältQuery=true, Query="lebenstableau"
[RELEVANCE-DEBUG-CONTEXT] Hit-Preview: "Man schaut jetzt, wie der Mensch nach seinem Lebenstableau, nun rückwärtslaufend in seinem Erleben, ..."
[RELEVANCE-DEBUG-CONTEXT] Kontext-Preview: "Indem man solche Übungen macht, reißt man das Denken los von dem äußeren Zeitverlaufe. Die Gewohnheit, die man sich tief eingewurzelt hat, mit dem Denken, mit dem Empfinden, mit dem Fühlen dem äußeren..."
[RELEVANCE-DEBUG] GA080a/1 Absatz 52: Score=0.500, Vorkommen=2, Kontext-Absätze=5, HitEnthältQuery=true, KontextEnthältQuery=true, Query="lebenstableau"
[RELEVANCE-DEBUG-CONTEXT] Hit-Preview: "Aber es kann diese Imagination so weit fortschreiten, dass man dieses eigene Innere wirklich nur vor..."
[RELEVANCE-DEBUG-CONTEXT] Kontext-Preview: "Nun hat man, wenn man zu dieser imaginativen Welt gekommen ist, aber ein volles Bewusstsein davon, dass man einmal eine Welt von Imaginationen hat. Die Art, wie man diese Imaginationen erlebt, ist ein..."
[RELEVANCE-DEBUG] GA080a/1 Absatz 55: Score=0.300, Vorkommen=1, Kontext-Absätze=5, HitEnthältQuery=true, KontextEnthältQuery=true, Query="lebenstableau"
[RELEVANCE-DEBUG-CONTEXT] Hit-Preview: "Das Erblicken dieses Lebenstableaus gibt durchaus innerlich das Erlebnis, das ich ein bedrückendes n..."
[RELEVANCE-DEBUG-CONTEXT] Kontext-Preview: "Sonst ist ja die Erinnerung so, dass aus dem Strom der Erlebnisse das eine oder andere herauftaucht. Jetzt aber hat man, nicht als Erinnerung, sondern als Bild, und zwar als inneres durchkraftetes Bil..."
[RELEVANCE-SCORING] 106 Treffer: hoch=59, mittel=0, niedrig=47
[RELEVANCE-THRESHOLDS] Schwellwerte relativ zur Gesamthäufigkeit: hoch≥0.452 (2+ Vorkommen), mittel≥0.301 (2+ Vorkommen)
  [Single] "lebenstableau"

Extrahierte 1 Suchbegriffe aus "Lebenstableau":
lebenstableau
POST /api/fulltext-search
Volltext-Suche: Lebenstableau AND Erinnerungstableau (beliebiger Abstand) [Relevanz-Filter: ohne]
Volltext-Suche: 58 Absätze gefunden (Vorträge + Bücher)
[RELEVANCE-DEBUG] GA063/10 Absatz 11: Score=0.329, Vorkommen=0, Kontext-Absätze=5, HitEnthältQuery=false, KontextEnthältQuery=false, Query="lebenstableau erinnerungstableau"
[RELEVANCE-DEBUG-CONTEXT] Hit-Preview: "In dieser Welt ist in Form von Gedanken alles, was wir im letzten Lebenslaufe zwischen Geburt und To..."
[RELEVANCE-DEBUG-CONTEXT] Kontext-Preview: "Nachdem also der Mensch durch die Pforte des Todes geschritten ist, macht er ein Erlebnis durch in bezug auf das, was wir sein Denken, seine Gedanken nennen. Das Gedankenleben haben wir ja so im Leben..."
[RELEVANCE-DEBUG] GA063/10 Absatz 12: Score=0.424, Vorkommen=0, Kontext-Absätze=5, HitEnthältQuery=false, KontextEnthältQuery=false, Query="lebenstableau erinnerungstableau"
[RELEVANCE-DEBUG-CONTEXT] Hit-Preview: "Diese Welt wird auch oftmals geschildert wie eine Art von Erinnerungstableau an das letzte Leben. In..."
[RELEVANCE-DEBUG-CONTEXT] Kontext-Preview: "Es ist wie ein Herauswandern der Gedanken in eine seelische Außenwelt. Es machen, könnte man sagen, die Gedanken einen gewissen Weg durch; einen solchen Weg machen sie durch, dass sie von dem unmittel..."
[RELEVANCE-DEBUG] GA063/10 Absatz 14: Score=0.379, Vorkommen=0, Kontext-Absätze=5, HitEnthältQuery=false, KontextEnthältQuery=false, Query="lebenstableau erinnerungstableau"
[RELEVANCE-DEBUG-CONTEXT] Hit-Preview: "Ich habe in meiner «Geheimwissenschaft» darauf aufmerksam gemacht, dass es sich der geisteswissensch..."
[RELEVANCE-DEBUG-CONTEXT] Kontext-Preview: "Diese Welt wird auch oftmals geschildert wie eine Art von Erinnerungstableau an das letzte Leben. In der Tat ist sie wie ein Erinnerungstableau, aber wie eines, das sich selbständig gemacht hat, und v..."
[RELEVANCE-DEBUG] GA068d/10 Absatz 46: Score=0.268, Vorkommen=0, Kontext-Absätze=5, HitEnthältQuery=false, KontextEnthältQuery=false, Query="lebenstableau erinnerungstableau"
[RELEVANCE-DEBUG-CONTEXT] Hit-Preview: "Das ganze bisherige letzte Leben tritt dann wie ein großes Tableau, wie ein Wandelpanorama vor die S..."
[RELEVANCE-DEBUG-CONTEXT] Kontext-Preview: "Solange dieser Astralleib noch nicht ganz aus dem Äther- und physischen Leibe heraus ist, ist die Zeit, wo aus der unbewussten nächtlichen Finsternis die Träume auftauchen. Solange der Astralleib noch..."
[RELEVANCE-DEBUG] GA068d/10 Absatz 48: Score=0.268, Vorkommen=0, Kontext-Absätze=5, HitEnthältQuery=false, KontextEnthältQuery=false, Query="lebenstableau erinnerungstableau"
[RELEVANCE-DEBUG-CONTEXT] Hit-Preview: "Nun sagte mir vor Kurzem jemand, er sei dem Ertrinken nahe gewesen, habe aber das Erinnerungstableau..."
[RELEVANCE-DEBUG-CONTEXT] Kontext-Preview: "Das ganze bisherige letzte Leben tritt dann wie ein großes Tableau, wie ein Wandelpanorama vor die Seele des Menschen, doch in ganz eigentümlicher Art, denn alles, was den Menschen gefreut und ihm Lei..."
[RELEVANCE-DEBUG] GA079/2 Absatz 30: Score=0.190, Vorkommen=0, Kontext-Absätze=5, HitEnthältQuery=false, KontextEnthältQuery=false, Query="lebenstableau erinnerungstableau"
[RELEVANCE-DEBUG-CONTEXT] Hit-Preview: "Dieses imaginative Erkennen, das ich Ihnen auf diese Weise geschildert habe, das führt, sagte ich, a..."
[RELEVANCE-DEBUG-CONTEXT] Kontext-Preview: "Geisteswissenschaftlicher Inhalt ist nicht ohne weiteres erinnerbar. Das gilt sogar für den ehrlichen Geistesforscher schon für die allerersten elementarsten Dinge. Und da darf ich vielleicht wiederum..."
[RELEVANCE-DEBUG] GA079/2 Absatz 69: Score=0.190, Vorkommen=0, Kontext-Absätze=5, HitEnthältQuery=false, KontextEnthältQuery=false, Query="lebenstableau erinnerungstableau"
[RELEVANCE-DEBUG-CONTEXT] Hit-Preview: "Wenn man das erkennt, was ich vorhin das Lebenstableau der Rückschau genannt habe, das ein Bildekräf..."
[RELEVANCE-DEBUG-CONTEXT] Kontext-Preview: "Das bloße Denken auszubilden, führt eigentlich nur zu einer Bilderwelt. Will man in dieser Bilderwelt die Wirklichkeit wahrnehmen, dann muss man in der Weise, wie ich es angedeutet habe, auch das, was..."
[RELEVANCE-DEBUG] GA079/4 Absatz 39: Score=0.190, Vorkommen=0, Kontext-Absätze=5, HitEnthältQuery=false, KontextEnthältQuery=false, Query="lebenstableau erinnerungstableau"
[RELEVANCE-DEBUG-CONTEXT] Hit-Preview: "Ich habe es Ihnen schon in dem verflossenen Vortrage dargestellt: Wenn der Mensch das Denken, das Ge..."
[RELEVANCE-DEBUG-CONTEXT] Kontext-Preview: "Und auch dieses Gefühls- und Willenswesen können Sie schon in seiner Entwickelung durch das physische Erdenleben und in seinem Entgegenreifen zu einem höheren Zustande nach dem Tode beobachten. Wenn m..."
[RELEVANCE-DEBUG] GA079/4 Absatz 45: Score=0.268, Vorkommen=0, Kontext-Absätze=5, HitEnthältQuery=false, KontextEnthältQuery=false, Query="lebenstableau erinnerungstableau"
[RELEVANCE-DEBUG-CONTEXT] Hit-Preview: "Und da entdeckt man dann etwas, was ja gewiss für das gewöhnliche Bewusstsein, das gewöhnliche Erken..."
[RELEVANCE-DEBUG-CONTEXT] Kontext-Preview: "Man muss noch andere Übungen machen: Man muss versuchen, wenn ich es so ausdrücken darf, rückwärts zu denken. Das heißt, man kann ja, wenn der Tag vorübergegangen ist, sich - nicht in Gedanken, auch n..."
[RELEVANCE-DEBUG] GA079/4 Absatz 46: Score=0.268, Vorkommen=0, Kontext-Absätze=5, HitEnthältQuery=false, KontextEnthältQuery=false, Query="lebenstableau erinnerungstableau"
[RELEVANCE-DEBUG-CONTEXT] Hit-Preview: "Man schaut jetzt, wie der Mensch nach seinem Lebenstableau, nun rückwärtslaufend in seinem Erleben, ..."
[RELEVANCE-DEBUG-CONTEXT] Kontext-Preview: "Indem man solche Übungen macht, reißt man das Denken los von dem äußeren Zeitverlaufe. Die Gewohnheit, die man sich tief eingewurzelt hat, mit dem Denken, mit dem Empfinden, mit dem Fühlen dem äußeren..."
[RELEVANCE-SCORING] 58 Treffer: hoch=9, mittel=21, niedrig=28
[RELEVANCE-THRESHOLDS] Schwellwerte relativ zur Gesamthäufigkeit: hoch≥0.432 (2+ Vorkommen), mittel≥0.288 (1+ Vorkommen)
  [Single] "lebenstableau"

Extrahierte 1 Suchbegriffe aus "Lebenstableau":
lebenstableau
  [Single] "erinnerungstableau"

Extrahierte 1 Suchbegriffe aus "Erinnerungstableau":
erinnerungstableau
POST /api/fulltext-search
Volltext-Suche: Lebenstableau AND Erinnerungstableau (beliebiger Abstand) [Relevanz-Filter: hoch]
Volltext-Suche: 58 Absätze gefunden (Vorträge + Bücher)
[RELEVANCE-DEBUG] GA063/10 Absatz 11: Score=0.329, Vorkommen=0, Kontext-Absätze=5, HitEnthältQuery=false, KontextEnthältQuery=false, Query="lebenstableau erinnerungstableau"
[RELEVANCE-DEBUG-CONTEXT] Hit-Preview: "In dieser Welt ist in Form von Gedanken alles, was wir im letzten Lebenslaufe zwischen Geburt und To..."
[RELEVANCE-DEBUG-CONTEXT] Kontext-Preview: "Nachdem also der Mensch durch die Pforte des Todes geschritten ist, macht er ein Erlebnis durch in bezug auf das, was wir sein Denken, seine Gedanken nennen. Das Gedankenleben haben wir ja so im Leben..."
[RELEVANCE-DEBUG] GA063/10 Absatz 12: Score=0.424, Vorkommen=0, Kontext-Absätze=5, HitEnthältQuery=false, KontextEnthältQuery=false, Query="lebenstableau erinnerungstableau"
[RELEVANCE-DEBUG-CONTEXT] Hit-Preview: "Diese Welt wird auch oftmals geschildert wie eine Art von Erinnerungstableau an das letzte Leben. In..."
[RELEVANCE-DEBUG-CONTEXT] Kontext-Preview: "Es ist wie ein Herauswandern der Gedanken in eine seelische Außenwelt. Es machen, könnte man sagen, die Gedanken einen gewissen Weg durch; einen solchen Weg machen sie durch, dass sie von dem unmittel..."
[RELEVANCE-DEBUG] GA063/10 Absatz 14: Score=0.379, Vorkommen=0, Kontext-Absätze=5, HitEnthältQuery=false, KontextEnthältQuery=false, Query="lebenstableau erinnerungstableau"
[RELEVANCE-DEBUG-CONTEXT] Hit-Preview: "Ich habe in meiner «Geheimwissenschaft» darauf aufmerksam gemacht, dass es sich der geisteswissensch..."
[RELEVANCE-DEBUG-CONTEXT] Kontext-Preview: "Diese Welt wird auch oftmals geschildert wie eine Art von Erinnerungstableau an das letzte Leben. In der Tat ist sie wie ein Erinnerungstableau, aber wie eines, das sich selbständig gemacht hat, und v..."
[RELEVANCE-DEBUG] GA068d/10 Absatz 46: Score=0.268, Vorkommen=0, Kontext-Absätze=5, HitEnthältQuery=false, KontextEnthältQuery=false, Query="lebenstableau erinnerungstableau"
[RELEVANCE-DEBUG-CONTEXT] Hit-Preview: "Das ganze bisherige letzte Leben tritt dann wie ein großes Tableau, wie ein Wandelpanorama vor die S..."
[RELEVANCE-DEBUG-CONTEXT] Kontext-Preview: "Solange dieser Astralleib noch nicht ganz aus dem Äther- und physischen Leibe heraus ist, ist die Zeit, wo aus der unbewussten nächtlichen Finsternis die Träume auftauchen. Solange der Astralleib noch..."
[RELEVANCE-DEBUG] GA068d/10 Absatz 48: Score=0.268, Vorkommen=0, Kontext-Absätze=5, HitEnthältQuery=false, KontextEnthältQuery=false, Query="lebenstableau erinnerungstableau"
[RELEVANCE-DEBUG-CONTEXT] Hit-Preview: "Nun sagte mir vor Kurzem jemand, er sei dem Ertrinken nahe gewesen, habe aber das Erinnerungstableau..."
[RELEVANCE-DEBUG-CONTEXT] Kontext-Preview: "Das ganze bisherige letzte Leben tritt dann wie ein großes Tableau, wie ein Wandelpanorama vor die Seele des Menschen, doch in ganz eigentümlicher Art, denn alles, was den Menschen gefreut und ihm Lei..."
[RELEVANCE-DEBUG] GA079/2 Absatz 30: Score=0.190, Vorkommen=0, Kontext-Absätze=5, HitEnthältQuery=false, KontextEnthältQuery=false, Query="lebenstableau erinnerungstableau"
[RELEVANCE-DEBUG-CONTEXT] Hit-Preview: "Dieses imaginative Erkennen, das ich Ihnen auf diese Weise geschildert habe, das führt, sagte ich, a..."
[RELEVANCE-DEBUG-CONTEXT] Kontext-Preview: "Geisteswissenschaftlicher Inhalt ist nicht ohne weiteres erinnerbar. Das gilt sogar für den ehrlichen Geistesforscher schon für die allerersten elementarsten Dinge. Und da darf ich vielleicht wiederum..."
[RELEVANCE-DEBUG] GA079/2 Absatz 69: Score=0.190, Vorkommen=0, Kontext-Absätze=5, HitEnthältQuery=false, KontextEnthältQuery=false, Query="lebenstableau erinnerungstableau"
[RELEVANCE-DEBUG-CONTEXT] Hit-Preview: "Wenn man das erkennt, was ich vorhin das Lebenstableau der Rückschau genannt habe, das ein Bildekräf..."
[RELEVANCE-DEBUG-CONTEXT] Kontext-Preview: "Das bloße Denken auszubilden, führt eigentlich nur zu einer Bilderwelt. Will man in dieser Bilderwelt die Wirklichkeit wahrnehmen, dann muss man in der Weise, wie ich es angedeutet habe, auch das, was..."
[RELEVANCE-DEBUG] GA079/4 Absatz 39: Score=0.190, Vorkommen=0, Kontext-Absätze=5, HitEnthältQuery=false, KontextEnthältQuery=false, Query="lebenstableau erinnerungstableau"
[RELEVANCE-DEBUG-CONTEXT] Hit-Preview: "Ich habe es Ihnen schon in dem verflossenen Vortrage dargestellt: Wenn der Mensch das Denken, das Ge..."
[RELEVANCE-DEBUG-CONTEXT] Kontext-Preview: "Und auch dieses Gefühls- und Willenswesen können Sie schon in seiner Entwickelung durch das physische Erdenleben und in seinem Entgegenreifen zu einem höheren Zustande nach dem Tode beobachten. Wenn m..."
[RELEVANCE-DEBUG] GA079/4 Absatz 45: Score=0.268, Vorkommen=0, Kontext-Absätze=5, HitEnthältQuery=false, KontextEnthältQuery=false, Query="lebenstableau erinnerungstableau"
[RELEVANCE-DEBUG-CONTEXT] Hit-Preview: "Und da entdeckt man dann etwas, was ja gewiss für das gewöhnliche Bewusstsein, das gewöhnliche Erken..."
[RELEVANCE-DEBUG-CONTEXT] Kontext-Preview: "Man muss noch andere Übungen machen: Man muss versuchen, wenn ich es so ausdrücken darf, rückwärts zu denken. Das heißt, man kann ja, wenn der Tag vorübergegangen ist, sich - nicht in Gedanken, auch n..."
[RELEVANCE-DEBUG] GA079/4 Absatz 46: Score=0.268, Vorkommen=0, Kontext-Absätze=5, HitEnthältQuery=false, KontextEnthältQuery=false, Query="lebenstableau erinnerungstableau"
[RELEVANCE-DEBUG-CONTEXT] Hit-Preview: "Man schaut jetzt, wie der Mensch nach seinem Lebenstableau, nun rückwärtslaufend in seinem Erleben, ..."
[RELEVANCE-DEBUG-CONTEXT] Kontext-Preview: "Indem man solche Übungen macht, reißt man das Denken los von dem äußeren Zeitverlaufe. Die Gewohnheit, die man sich tief eingewurzelt hat, mit dem Denken, mit dem Empfinden, mit dem Fühlen dem äußeren..."
[RELEVANCE-SCORING] 58 Treffer: hoch=9, mittel=21, niedrig=28
[RELEVANCE-THRESHOLDS] Schwellwerte relativ zur Gesamthäufigkeit: hoch≥0.432 (2+ Vorkommen), mittel≥0.288 (1+ Vorkommen)
[BACKEND-FILTER] 58 -> 9 Ergebnisse nach Filter "hoch"
  [Single] "lebenstableau"

Extrahierte 1 Suchbegriffe aus "Lebenstableau":
lebenstableau
  [Single] "erinnerungstableau"

Extrahierte 1 Suchbegriffe aus "Erinnerungstableau":
erinnerungstableau
GET /api/full-lecture/GA084/7
GET /api/check-summary/GA084/7
[CHECK-SUMMARY] Prüfe zentrale DB für GA084/7
[SUMMARY-DB] Geladen: 4490 Einträge aus summary-database.json
[CHECK-SUMMARY] ✓ Zusammenfassung existiert für GA084/7 (Version: v2-unified)
GET /api/steiner-images/GA084%2F7
GET /api/full-lecture/GA084/9
GET /api/check-summary/GA084/9
[CHECK-SUMMARY] Prüfe zentrale DB für GA084/9
[IMAGES-API] Keine Bilder für GA084/7 gefunden
[SUMMARY-DB] Geladen: 4490 Einträge aus summary-database.json
[CHECK-SUMMARY] ✓ Zusammenfassung existiert für GA084/9 (Version: v2-unified)
GET /api/steiner-images/GA084%2F9
[IMAGES-API] Keine Bilder für GA084/9 gefunden
POST /api/fulltext-search
Volltext-Suche: Lebenstableau AND Erinnerungstableau (beliebiger Abstand) [Relevanz-Filter: mittel]
Volltext-Suche: 58 Absätze gefunden (Vorträge + Bücher)
[RELEVANCE-DEBUG] GA063/10 Absatz 11: Score=0.329, Vorkommen=0, Kontext-Absätze=5, HitEnthältQuery=false, KontextEnthältQuery=false, Query="lebenstableau erinnerungstableau"
[RELEVANCE-DEBUG-CONTEXT] Hit-Preview: "In dieser Welt ist in Form von Gedanken alles, was wir im letzten Lebenslaufe zwischen Geburt und To..."
[RELEVANCE-DEBUG-CONTEXT] Kontext-Preview: "Nachdem also der Mensch durch die Pforte des Todes geschritten ist, macht er ein Erlebnis durch in bezug auf das, was wir sein Denken, seine Gedanken nennen. Das Gedankenleben haben wir ja so im Leben..."
[RELEVANCE-DEBUG] GA063/10 Absatz 12: Score=0.424, Vorkommen=0, Kontext-Absätze=5, HitEnthältQuery=false, KontextEnthältQuery=false, Query="lebenstableau erinnerungstableau"
[RELEVANCE-DEBUG-CONTEXT] Hit-Preview: "Diese Welt wird auch oftmals geschildert wie eine Art von Erinnerungstableau an das letzte Leben. In..."
[RELEVANCE-DEBUG-CONTEXT] Kontext-Preview: "Es ist wie ein Herauswandern der Gedanken in eine seelische Außenwelt. Es machen, könnte man sagen, die Gedanken einen gewissen Weg durch; einen solchen Weg machen sie durch, dass sie von dem unmittel..."
[RELEVANCE-DEBUG] GA063/10 Absatz 14: Score=0.379, Vorkommen=0, Kontext-Absätze=5, HitEnthältQuery=false, KontextEnthältQuery=false, Query="lebenstableau erinnerungstableau"
[RELEVANCE-DEBUG-CONTEXT] Hit-Preview: "Ich habe in meiner «Geheimwissenschaft» darauf aufmerksam gemacht, dass es sich der geisteswissensch..."
[RELEVANCE-DEBUG-CONTEXT] Kontext-Preview: "Diese Welt wird auch oftmals geschildert wie eine Art von Erinnerungstableau an das letzte Leben. In der Tat ist sie wie ein Erinnerungstableau, aber wie eines, das sich selbständig gemacht hat, und v..."
[RELEVANCE-DEBUG] GA068d/10 Absatz 46: Score=0.268, Vorkommen=0, Kontext-Absätze=5, HitEnthältQuery=false, KontextEnthältQuery=false, Query="lebenstableau erinnerungstableau"
[RELEVANCE-DEBUG-CONTEXT] Hit-Preview: "Das ganze bisherige letzte Leben tritt dann wie ein großes Tableau, wie ein Wandelpanorama vor die S..."
[RELEVANCE-DEBUG-CONTEXT] Kontext-Preview: "Solange dieser Astralleib noch nicht ganz aus dem Äther- und physischen Leibe heraus ist, ist die Zeit, wo aus der unbewussten nächtlichen Finsternis die Träume auftauchen. Solange der Astralleib noch..."
[RELEVANCE-DEBUG] GA068d/10 Absatz 48: Score=0.268, Vorkommen=0, Kontext-Absätze=5, HitEnthältQuery=false, KontextEnthältQuery=false, Query="lebenstableau erinnerungstableau"
[RELEVANCE-DEBUG-CONTEXT] Hit-Preview: "Nun sagte mir vor Kurzem jemand, er sei dem Ertrinken nahe gewesen, habe aber das Erinnerungstableau..."
[RELEVANCE-DEBUG-CONTEXT] Kontext-Preview: "Das ganze bisherige letzte Leben tritt dann wie ein großes Tableau, wie ein Wandelpanorama vor die Seele des Menschen, doch in ganz eigentümlicher Art, denn alles, was den Menschen gefreut und ihm Lei..."
[RELEVANCE-DEBUG] GA079/2 Absatz 30: Score=0.190, Vorkommen=0, Kontext-Absätze=5, HitEnthältQuery=false, KontextEnthältQuery=false, Query="lebenstableau erinnerungstableau"
[RELEVANCE-DEBUG-CONTEXT] Hit-Preview: "Dieses imaginative Erkennen, das ich Ihnen auf diese Weise geschildert habe, das führt, sagte ich, a..."
[RELEVANCE-DEBUG-CONTEXT] Kontext-Preview: "Geisteswissenschaftlicher Inhalt ist nicht ohne weiteres erinnerbar. Das gilt sogar für den ehrlichen Geistesforscher schon für die allerersten elementarsten Dinge. Und da darf ich vielleicht wiederum..."
[RELEVANCE-DEBUG] GA079/2 Absatz 69: Score=0.190, Vorkommen=0, Kontext-Absätze=5, HitEnthältQuery=false, KontextEnthältQuery=false, Query="lebenstableau erinnerungstableau"
[RELEVANCE-DEBUG-CONTEXT] Hit-Preview: "Wenn man das erkennt, was ich vorhin das Lebenstableau der Rückschau genannt habe, das ein Bildekräf..."
[RELEVANCE-DEBUG-CONTEXT] Kontext-Preview: "Das bloße Denken auszubilden, führt eigentlich nur zu einer Bilderwelt. Will man in dieser Bilderwelt die Wirklichkeit wahrnehmen, dann muss man in der Weise, wie ich es angedeutet habe, auch das, was..."
[RELEVANCE-DEBUG] GA079/4 Absatz 39: Score=0.190, Vorkommen=0, Kontext-Absätze=5, HitEnthältQuery=false, KontextEnthältQuery=false, Query="lebenstableau erinnerungstableau"
[RELEVANCE-DEBUG-CONTEXT] Hit-Preview: "Ich habe es Ihnen schon in dem verflossenen Vortrage dargestellt: Wenn der Mensch das Denken, das Ge..."
[RELEVANCE-DEBUG-CONTEXT] Kontext-Preview: "Und auch dieses Gefühls- und Willenswesen können Sie schon in seiner Entwickelung durch das physische Erdenleben und in seinem Entgegenreifen zu einem höheren Zustande nach dem Tode beobachten. Wenn m..."
[RELEVANCE-DEBUG] GA079/4 Absatz 45: Score=0.268, Vorkommen=0, Kontext-Absätze=5, HitEnthältQuery=false, KontextEnthältQuery=false, Query="lebenstableau erinnerungstableau"
[RELEVANCE-DEBUG-CONTEXT] Hit-Preview: "Und da entdeckt man dann etwas, was ja gewiss für das gewöhnliche Bewusstsein, das gewöhnliche Erken..."
[RELEVANCE-DEBUG-CONTEXT] Kontext-Preview: "Man muss noch andere Übungen machen: Man muss versuchen, wenn ich es so ausdrücken darf, rückwärts zu denken. Das heißt, man kann ja, wenn der Tag vorübergegangen ist, sich - nicht in Gedanken, auch n..."
[RELEVANCE-DEBUG] GA079/4 Absatz 46: Score=0.268, Vorkommen=0, Kontext-Absätze=5, HitEnthältQuery=false, KontextEnthältQuery=false, Query="lebenstableau erinnerungstableau"
[RELEVANCE-DEBUG-CONTEXT] Hit-Preview: "Man schaut jetzt, wie der Mensch nach seinem Lebenstableau, nun rückwärtslaufend in seinem Erleben, ..."
[RELEVANCE-DEBUG-CONTEXT] Kontext-Preview: "Indem man solche Übungen macht, reißt man das Denken los von dem äußeren Zeitverlaufe. Die Gewohnheit, die man sich tief eingewurzelt hat, mit dem Denken, mit dem Empfinden, mit dem Fühlen dem äußeren..."
[RELEVANCE-SCORING] 58 Treffer: hoch=9, mittel=21, niedrig=28
[RELEVANCE-THRESHOLDS] Schwellwerte relativ zur Gesamthäufigkeit: hoch≥0.432 (2+ Vorkommen), mittel≥0.288 (1+ Vorkommen)
[BACKEND-FILTER] 58 -> 21 Ergebnisse nach Filter "mittel"
  [Single] "lebenstableau"

Extrahierte 1 Suchbegriffe aus "Lebenstableau":
lebenstableau
  [Single] "erinnerungstableau"

Extrahierte 1 Suchbegriffe aus "Erinnerungstableau":
erinnerungstableau
GET /api/full-lecture/GA084/9
GET /api/check-summary/GA084/9
[CHECK-SUMMARY] Prüfe zentrale DB für GA084/9
[SUMMARY-DB] Geladen: 4490 Einträge aus summary-database.json
[CHECK-SUMMARY] ✓ Zusammenfassung existiert für GA084/9 (Version: v2-unified)
GET /api/full-lecture/GA084/9
GET /api/check-summary/GA084/9
[CHECK-SUMMARY] Prüfe zentrale DB für GA084/9
[SUMMARY-DB] Geladen: 4490 Einträge aus summary-database.json
[CHECK-SUMMARY] ✓ Zusammenfassung existiert für GA084/9 (Version: v2-unified)
GET /api/full-lecture/GA236/13
GET /api/check-summary/GA236/13
[CHECK-SUMMARY] Prüfe zentrale DB für GA236/13
[SUMMARY-DB] Geladen: 4490 Einträge aus summary-database.json
[CHECK-SUMMARY] ✓ Zusammenfassung existiert für GA236/13 (Version: v2-unified)
GET /api/steiner-images/GA236%2F13
[IMAGES-ASSETS] Anfrage für Bild: page_136_img_1.png
[IMAGES-ASSETS] Vollständiger Request-Pfad: /assets/page_136_img_1.png
[IMAGES-ASSETS] Decodierter Pfad: page_136_img_1.png
[IMAGES-ASSETS] GA-Nummer nicht gefunden in: page_136_img_1.png
[IMAGES-ASSETS] Anfrage für Bild: page_139_img_1.png
[IMAGES-ASSETS] Vollständiger Request-Pfad: /assets/page_139_img_1.png
[IMAGES-ASSETS] Decodierter Pfad: page_139_img_1.png
[IMAGES-ASSETS] GA-Nummer nicht gefunden in: page_139_img_1.png
[IMAGES-API] Sende 2 Bilder für GA236/13 (aus steiner-images-part24.json)
POST /api/fulltext-search
Volltext-Suche: Lebenstableau AND Erinnerungstableau (beliebiger Abstand) [Relevanz-Filter: niedrig]
Volltext-Suche: 58 Absätze gefunden (Vorträge + Bücher)
[RELEVANCE-DEBUG] GA063/10 Absatz 11: Score=0.329, Vorkommen=0, Kontext-Absätze=5, HitEnthältQuery=false, KontextEnthältQuery=false, Query="lebenstableau erinnerungstableau"
[RELEVANCE-DEBUG-CONTEXT] Hit-Preview: "In dieser Welt ist in Form von Gedanken alles, was wir im letzten Lebenslaufe zwischen Geburt und To..."
[RELEVANCE-DEBUG-CONTEXT] Kontext-Preview: "Nachdem also der Mensch durch die Pforte des Todes geschritten ist, macht er ein Erlebnis durch in bezug auf das, was wir sein Denken, seine Gedanken nennen. Das Gedankenleben haben wir ja so im Leben..."
[RELEVANCE-DEBUG] GA063/10 Absatz 12: Score=0.424, Vorkommen=0, Kontext-Absätze=5, HitEnthältQuery=false, KontextEnthältQuery=false, Query="lebenstableau erinnerungstableau"
[RELEVANCE-DEBUG-CONTEXT] Hit-Preview: "Diese Welt wird auch oftmals geschildert wie eine Art von Erinnerungstableau an das letzte Leben. In..."
[RELEVANCE-DEBUG-CONTEXT] Kontext-Preview: "Es ist wie ein Herauswandern der Gedanken in eine seelische Außenwelt. Es machen, könnte man sagen, die Gedanken einen gewissen Weg durch; einen solchen Weg machen sie durch, dass sie von dem unmittel..."
[RELEVANCE-DEBUG] GA063/10 Absatz 14: Score=0.379, Vorkommen=0, Kontext-Absätze=5, HitEnthältQuery=false, KontextEnthältQuery=false, Query="lebenstableau erinnerungstableau"
[RELEVANCE-DEBUG-CONTEXT] Hit-Preview: "Ich habe in meiner «Geheimwissenschaft» darauf aufmerksam gemacht, dass es sich der geisteswissensch..."
[RELEVANCE-DEBUG-CONTEXT] Kontext-Preview: "Diese Welt wird auch oftmals geschildert wie eine Art von Erinnerungstableau an das letzte Leben. In der Tat ist sie wie ein Erinnerungstableau, aber wie eines, das sich selbständig gemacht hat, und v..."
[RELEVANCE-DEBUG] GA068d/10 Absatz 46: Score=0.268, Vorkommen=0, Kontext-Absätze=5, HitEnthältQuery=false, KontextEnthältQuery=false, Query="lebenstableau erinnerungstableau"
[RELEVANCE-DEBUG-CONTEXT] Hit-Preview: "Das ganze bisherige letzte Leben tritt dann wie ein großes Tableau, wie ein Wandelpanorama vor die S..."
[RELEVANCE-DEBUG-CONTEXT] Kontext-Preview: "Solange dieser Astralleib noch nicht ganz aus dem Äther- und physischen Leibe heraus ist, ist die Zeit, wo aus der unbewussten nächtlichen Finsternis die Träume auftauchen. Solange der Astralleib noch..."
[RELEVANCE-DEBUG] GA068d/10 Absatz 48: Score=0.268, Vorkommen=0, Kontext-Absätze=5, HitEnthältQuery=false, KontextEnthältQuery=false, Query="lebenstableau erinnerungstableau"
[RELEVANCE-DEBUG-CONTEXT] Hit-Preview: "Nun sagte mir vor Kurzem jemand, er sei dem Ertrinken nahe gewesen, habe aber das Erinnerungstableau..."
[RELEVANCE-DEBUG-CONTEXT] Kontext-Preview: "Das ganze bisherige letzte Leben tritt dann wie ein großes Tableau, wie ein Wandelpanorama vor die Seele des Menschen, doch in ganz eigentümlicher Art, denn alles, was den Menschen gefreut und ihm Lei..."
[RELEVANCE-DEBUG] GA079/2 Absatz 30: Score=0.190, Vorkommen=0, Kontext-Absätze=5, HitEnthältQuery=false, KontextEnthältQuery=false, Query="lebenstableau erinnerungstableau"
[RELEVANCE-DEBUG-CONTEXT] Hit-Preview: "Dieses imaginative Erkennen, das ich Ihnen auf diese Weise geschildert habe, das führt, sagte ich, a..."
[RELEVANCE-DEBUG-CONTEXT] Kontext-Preview: "Geisteswissenschaftlicher Inhalt ist nicht ohne weiteres erinnerbar. Das gilt sogar für den ehrlichen Geistesforscher schon für die allerersten elementarsten Dinge. Und da darf ich vielleicht wiederum..."
[RELEVANCE-DEBUG] GA079/2 Absatz 69: Score=0.190, Vorkommen=0, Kontext-Absätze=5, HitEnthältQuery=false, KontextEnthältQuery=false, Query="lebenstableau erinnerungstableau"
[RELEVANCE-DEBUG-CONTEXT] Hit-Preview: "Wenn man das erkennt, was ich vorhin das Lebenstableau der Rückschau genannt habe, das ein Bildekräf..."
[RELEVANCE-DEBUG-CONTEXT] Kontext-Preview: "Das bloße Denken auszubilden, führt eigentlich nur zu einer Bilderwelt. Will man in dieser Bilderwelt die Wirklichkeit wahrnehmen, dann muss man in der Weise, wie ich es angedeutet habe, auch das, was..."
[RELEVANCE-DEBUG] GA079/4 Absatz 39: Score=0.190, Vorkommen=0, Kontext-Absätze=5, HitEnthältQuery=false, KontextEnthältQuery=false, Query="lebenstableau erinnerungstableau"
[RELEVANCE-DEBUG-CONTEXT] Hit-Preview: "Ich habe es Ihnen schon in dem verflossenen Vortrage dargestellt: Wenn der Mensch das Denken, das Ge..."
[RELEVANCE-DEBUG-CONTEXT] Kontext-Preview: "Und auch dieses Gefühls- und Willenswesen können Sie schon in seiner Entwickelung durch das physische Erdenleben und in seinem Entgegenreifen zu einem höheren Zustande nach dem Tode beobachten. Wenn m..."
[RELEVANCE-DEBUG] GA079/4 Absatz 45: Score=0.268, Vorkommen=0, Kontext-Absätze=5, HitEnthältQuery=false, KontextEnthältQuery=false, Query="lebenstableau erinnerungstableau"
[RELEVANCE-DEBUG-CONTEXT] Hit-Preview: "Und da entdeckt man dann etwas, was ja gewiss für das gewöhnliche Bewusstsein, das gewöhnliche Erken..."
[RELEVANCE-DEBUG-CONTEXT] Kontext-Preview: "Man muss noch andere Übungen machen: Man muss versuchen, wenn ich es so ausdrücken darf, rückwärts zu denken. Das heißt, man kann ja, wenn der Tag vorübergegangen ist, sich - nicht in Gedanken, auch n..."
[RELEVANCE-DEBUG] GA079/4 Absatz 46: Score=0.268, Vorkommen=0, Kontext-Absätze=5, HitEnthältQuery=false, KontextEnthältQuery=false, Query="lebenstableau erinnerungstableau"
[RELEVANCE-DEBUG-CONTEXT] Hit-Preview: "Man schaut jetzt, wie der Mensch nach seinem Lebenstableau, nun rückwärtslaufend in seinem Erleben, ..."
[RELEVANCE-DEBUG-CONTEXT] Kontext-Preview: "Indem man solche Übungen macht, reißt man das Denken los von dem äußeren Zeitverlaufe. Die Gewohnheit, die man sich tief eingewurzelt hat, mit dem Denken, mit dem Empfinden, mit dem Fühlen dem äußeren..."
[RELEVANCE-SCORING] 58 Treffer: hoch=9, mittel=21, niedrig=28
[RELEVANCE-THRESHOLDS] Schwellwerte relativ zur Gesamthäufigkeit: hoch≥0.432 (2+ Vorkommen), mittel≥0.288 (1+ Vorkommen)
[BACKEND-FILTER] 58 -> 28 Ergebnisse nach Filter "niedrig"
  [Single] "lebenstableau"

Extrahierte 1 Suchbegriffe aus "Lebenstableau":
lebenstableau
  [Single] "erinnerungstableau"

Extrahierte 1 Suchbegriffe aus "Erinnerungstableau":
erinnerungstableau
GET /api/full-lecture/GA084/1
GET /api/check-summary/GA084/1
[CHECK-SUMMARY] Prüfe zentrale DB für GA084/1
[SUMMARY-DB] Geladen: 4490 Einträge aus summary-database.json
[CHECK-SUMMARY] ✓ Zusammenfassung existiert für GA084/1 (Version: v2-unified)
GET /api/steiner-images/GA084%2F1
GET /api/full-lecture/GA084/1
GET /api/check-summary/GA084/1
[CHECK-SUMMARY] Prüfe zentrale DB für GA084/1
[SUMMARY-DB] Geladen: 4490 Einträge aus summary-database.json
[CHECK-SUMMARY] ✓ Zusammenfassung existiert für GA084/1 (Version: v2-unified)
[IMAGES-API] Keine Bilder für GA084/1 gefunden
GET /api/steiner-images/GA084%2F1
[IMAGES-API] Sende 0 Bilder für GA084/1 (aus Cache)
GET /api/full-lecture/GA227/2
GET /api/check-summary/GA227/2
[CHECK-SUMMARY] Prüfe zentrale DB für GA227/2
[SUMMARY-DB] Geladen: 4490 Einträge aus summary-database.json
[CHECK-SUMMARY] ✓ Zusammenfassung existiert für GA227/2 (Version: v2-unified)
GET /api/steiner-images/GA227%2F2
GET /api/full-lecture/GA084/9
GET /api/check-summary/GA084/9
[CHECK-SUMMARY] Prüfe zentrale DB für GA084/9
[SUMMARY-DB] Geladen: 4490 Einträge aus summary-database.json
[CHECK-SUMMARY] ✓ Zusammenfassung existiert für GA084/9 (Version: v2-unified)
[IMAGES-API] Keine Bilder für GA227/2 gefunden
POST /api/fulltext-search
Volltext-Suche: Lebenstableau AND Erinnerungstableau (Proximity: max. 1 Absätze) [Relevanz-Filter: niedrig]
Volltext-Suche: 19 Absätze gefunden (Vorträge + Bücher)
[RELEVANCE-DEBUG] GA063/10 Absatz 11: Score=0.329, Vorkommen=0, Kontext-Absätze=5, HitEnthältQuery=false, KontextEnthältQuery=false, Query="lebenstableau erinnerungstableau"
[RELEVANCE-DEBUG-CONTEXT] Hit-Preview: "In dieser Welt ist in Form von Gedanken alles, was wir im letzten Lebenslaufe zwischen Geburt und To..."
[RELEVANCE-DEBUG-CONTEXT] Kontext-Preview: "Nachdem also der Mensch durch die Pforte des Todes geschritten ist, macht er ein Erlebnis durch in bezug auf das, was wir sein Denken, seine Gedanken nennen. Das Gedankenleben haben wir ja so im Leben..."
[RELEVANCE-DEBUG] GA063/10 Absatz 12: Score=0.424, Vorkommen=0, Kontext-Absätze=5, HitEnthältQuery=false, KontextEnthältQuery=false, Query="lebenstableau erinnerungstableau"
[RELEVANCE-DEBUG-CONTEXT] Hit-Preview: "Diese Welt wird auch oftmals geschildert wie eine Art von Erinnerungstableau an das letzte Leben. In..."
[RELEVANCE-DEBUG-CONTEXT] Kontext-Preview: "Es ist wie ein Herauswandern der Gedanken in eine seelische Außenwelt. Es machen, könnte man sagen, die Gedanken einen gewissen Weg durch; einen solchen Weg machen sie durch, dass sie von dem unmittel..."
[RELEVANCE-DEBUG] GA080b/11 Absatz 29: Score=0.268, Vorkommen=0, Kontext-Absätze=5, HitEnthältQuery=false, KontextEnthältQuery=false, Query="lebenstableau erinnerungstableau"
[RELEVANCE-DEBUG-CONTEXT] Hit-Preview: "Aber dasjenige, was da der Mensch erlebt, ist eben nicht eine Summe von mit Mühe heraufgeholten Erin..."
[RELEVANCE-DEBUG-CONTEXT] Kontext-Preview: "Dann merkt man, dass man in diesem durch eigene Willkür hervorgerufenen Denken - in diesem Leben, in der Aktivität des Denkens bildet sich etwas aus innerhalb des Seelenlebens, das verglichen werden k..."
[RELEVANCE-DEBUG] GA080b/11 Absatz 34: Score=0.268, Vorkommen=0, Kontext-Absätze=5, HitEnthältQuery=false, KontextEnthältQuery=false, Query="lebenstableau erinnerungstableau"
[RELEVANCE-DEBUG-CONTEXT] Hit-Preview: "Dadurch aber erlangt der Mensch wahre Selbsterkenntnis. Denn nicht dasjenige, was von außen an mich ..."
[RELEVANCE-DEBUG-CONTEXT] Kontext-Preview: "Das ist das Ergebnis der, ich möchte sagen umgewandelten Erinnerung. Während man in diesem Zustande ist, dass man anschaut sich selber als drinnensteckend in seinem bisherigen Leben, hat man nicht die..."
[RELEVANCE-DEBUG] GA080b/11 Absatz 35: Score=0.268, Vorkommen=0, Kontext-Absätze=5, HitEnthältQuery=false, KontextEnthältQuery=false, Query="lebenstableau erinnerungstableau"
[RELEVANCE-DEBUG-CONTEXT] Hit-Preview: "Wenn man dieses höher-geistige, umgewandelte Erinnerungstableau vor sich hat, dann sieht man eigentl..."
[RELEVANCE-DEBUG-CONTEXT] Kontext-Preview: "Aber derjenige, der in einer gesunden Weise in dieser Art sich entwickelt, der wird nicht etwa wie ein mystischer Träumer oder wie ein Somnambuler unwillkürlich zu einer anderen Art des Vorstellens ko..."
[RELEVANCE-DEBUG] GA084/7 Absatz 13: Score=0.569, Vorkommen=0, Kontext-Absätze=5, HitEnthältQuery=false, KontextEnthältQuery=false, Query="lebenstableau erinnerungstableau"
[RELEVANCE-DEBUG-CONTEXT] Hit-Preview: "Es ist ein großer Unterschied zwischen den zwei Dingen: dem Lebenstableau und meinen Erinnerungen. M..."
[RELEVANCE-DEBUG-CONTEXT] Kontext-Preview: "Dabei müssen natürlich ausgeschlossen sein alle Selbstsuggestionen, alles irgendwie Subjektive. Das kann aber niemals ausgeschlossen werden, wenn wir uns beliebige Vorstellungen aus unserem Seelenlebe..."
[RELEVANCE-DEBUG] GA084/7 Absatz 14: Score=0.569, Vorkommen=0, Kontext-Absätze=5, HitEnthältQuery=false, KontextEnthältQuery=false, Query="lebenstableau erinnerungstableau"
[RELEVANCE-DEBUG-CONTEXT] Hit-Preview: "Bei diesem Lebenstableau ist es ganz anders. Da hat man sozusagen viel weniger im Auge dasjenige, wa..."
[RELEVANCE-DEBUG-CONTEXT] Kontext-Preview: "Man könnte groß sagen: Wir kommen endlich durch diese Krafterscheinungen, durch die man geistig tastet, wie man sonst mit seinen Fingern physisch tastet, dazu, einen höheren Menschen an uns zu erleben..."
[RELEVANCE-DEBUG] GA084/7 Absatz 15: Score=0.569, Vorkommen=0, Kontext-Absätze=5, HitEnthältQuery=false, KontextEnthältQuery=false, Query="lebenstableau erinnerungstableau"
[RELEVANCE-DEBUG-CONTEXT] Hit-Preview: "So sind wir zunächst, wenn wir die erste Stufe des seelischen Übens durchgemacht haben, zu einer wah..."
[RELEVANCE-DEBUG-CONTEXT] Kontext-Preview: "Es ist ein großer Unterschied zwischen den zwei Dingen: dem Lebenstableau und meinen Erinnerungen. Man könnte sagen: Ich kann mir ja auch dieses Erdenleben zusammenstellen aus meinen Erinnerungen. Ich..."
[RELEVANCE-DEBUG] GA084/9 Absatz 36: Score=0.379, Vorkommen=0, Kontext-Absätze=5, HitEnthältQuery=false, KontextEnthältQuery=false, Query="lebenstableau erinnerungstableau"
[RELEVANCE-DEBUG-CONTEXT] Hit-Preview: "Man kann sehr wohl dieses Bild des menschlichen Inneren von dem unterscheiden, was bloß Erinnerungsb..."
[RELEVANCE-DEBUG-CONTEXT] Kontext-Preview: "Macht man meinetwillen in seinem fünfzigsten Jahre eine solche Übung, die zu dem Angedeuteten führt, dann wird es so, dass einem die Zeit gestattet, wie durch einen »Zeitweg« zurückzugehen bis meinetw..."
[RELEVANCE-DEBUG] GA084/9 Absatz 37: Score=0.424, Vorkommen=0, Kontext-Absätze=5, HitEnthältQuery=false, KontextEnthältQuery=false, Query="lebenstableau erinnerungstableau"
[RELEVANCE-DEBUG-CONTEXT] Hit-Preview: "Hat man zum Beispiel in einem bestimmten Zeitpunkte seines Lebens die Freundschaft mit einer geliebt..."
[RELEVANCE-DEBUG-CONTEXT] Kontext-Preview: "Dasjenige wird exaktes Bild des Menschenlebens, wovon selbst naturwissenschaftliche Denker zugeben, dass es in einer episodischen Weise auftritt, wenn der Mensch zum Beispiel beim Ertrinken einem groß..."
[RELEVANCE-SCORING] 19 Treffer: hoch=9, mittel=10, niedrig=0
[RELEVANCE-THRESHOLDS] Schwellwerte relativ zur Gesamthäufigkeit: hoch≥0.396 (2+ Vorkommen), mittel≥0.264 (1+ Vorkommen)
[BACKEND-FILTER] 19 -> 0 Ergebnisse nach Filter "niedrig"
POST /api/fulltext-search
Volltext-Suche: Lebenstableau AND Erinnerungstableau (Proximity: max. 1 Absätze) [Relevanz-Filter: ohne]
Volltext-Suche: 19 Absätze gefunden (Vorträge + Bücher)
[RELEVANCE-DEBUG] GA063/10 Absatz 11: Score=0.329, Vorkommen=0, Kontext-Absätze=5, HitEnthältQuery=false, KontextEnthältQuery=false, Query="lebenstableau erinnerungstableau"
[RELEVANCE-DEBUG-CONTEXT] Hit-Preview: "In dieser Welt ist in Form von Gedanken alles, was wir im letzten Lebenslaufe zwischen Geburt und To..."
[RELEVANCE-DEBUG-CONTEXT] Kontext-Preview: "Nachdem also der Mensch durch die Pforte des Todes geschritten ist, macht er ein Erlebnis durch in bezug auf das, was wir sein Denken, seine Gedanken nennen. Das Gedankenleben haben wir ja so im Leben..."
[RELEVANCE-DEBUG] GA063/10 Absatz 12: Score=0.424, Vorkommen=0, Kontext-Absätze=5, HitEnthältQuery=false, KontextEnthältQuery=false, Query="lebenstableau erinnerungstableau"
[RELEVANCE-DEBUG-CONTEXT] Hit-Preview: "Diese Welt wird auch oftmals geschildert wie eine Art von Erinnerungstableau an das letzte Leben. In..."
[RELEVANCE-DEBUG-CONTEXT] Kontext-Preview: "Es ist wie ein Herauswandern der Gedanken in eine seelische Außenwelt. Es machen, könnte man sagen, die Gedanken einen gewissen Weg durch; einen solchen Weg machen sie durch, dass sie von dem unmittel..."
[RELEVANCE-DEBUG] GA080b/11 Absatz 29: Score=0.268, Vorkommen=0, Kontext-Absätze=5, HitEnthältQuery=false, KontextEnthältQuery=false, Query="lebenstableau erinnerungstableau"
[RELEVANCE-DEBUG-CONTEXT] Hit-Preview: "Aber dasjenige, was da der Mensch erlebt, ist eben nicht eine Summe von mit Mühe heraufgeholten Erin..."
[RELEVANCE-DEBUG-CONTEXT] Kontext-Preview: "Dann merkt man, dass man in diesem durch eigene Willkür hervorgerufenen Denken - in diesem Leben, in der Aktivität des Denkens bildet sich etwas aus innerhalb des Seelenlebens, das verglichen werden k..."
[RELEVANCE-DEBUG] GA080b/11 Absatz 34: Score=0.268, Vorkommen=0, Kontext-Absätze=5, HitEnthältQuery=false, KontextEnthältQuery=false, Query="lebenstableau erinnerungstableau"
[RELEVANCE-DEBUG-CONTEXT] Hit-Preview: "Dadurch aber erlangt der Mensch wahre Selbsterkenntnis. Denn nicht dasjenige, was von außen an mich ..."
[RELEVANCE-DEBUG-CONTEXT] Kontext-Preview: "Das ist das Ergebnis der, ich möchte sagen umgewandelten Erinnerung. Während man in diesem Zustande ist, dass man anschaut sich selber als drinnensteckend in seinem bisherigen Leben, hat man nicht die..."
[RELEVANCE-DEBUG] GA080b/11 Absatz 35: Score=0.268, Vorkommen=0, Kontext-Absätze=5, HitEnthältQuery=false, KontextEnthältQuery=false, Query="lebenstableau erinnerungstableau"
[RELEVANCE-DEBUG-CONTEXT] Hit-Preview: "Wenn man dieses höher-geistige, umgewandelte Erinnerungstableau vor sich hat, dann sieht man eigentl..."
[RELEVANCE-DEBUG-CONTEXT] Kontext-Preview: "Aber derjenige, der in einer gesunden Weise in dieser Art sich entwickelt, der wird nicht etwa wie ein mystischer Träumer oder wie ein Somnambuler unwillkürlich zu einer anderen Art des Vorstellens ko..."
[RELEVANCE-DEBUG] GA084/7 Absatz 13: Score=0.569, Vorkommen=0, Kontext-Absätze=5, HitEnthältQuery=false, KontextEnthältQuery=false, Query="lebenstableau erinnerungstableau"
[RELEVANCE-DEBUG-CONTEXT] Hit-Preview: "Es ist ein großer Unterschied zwischen den zwei Dingen: dem Lebenstableau und meinen Erinnerungen. M..."
[RELEVANCE-DEBUG-CONTEXT] Kontext-Preview: "Dabei müssen natürlich ausgeschlossen sein alle Selbstsuggestionen, alles irgendwie Subjektive. Das kann aber niemals ausgeschlossen werden, wenn wir uns beliebige Vorstellungen aus unserem Seelenlebe..."
[RELEVANCE-DEBUG] GA084/7 Absatz 14: Score=0.569, Vorkommen=0, Kontext-Absätze=5, HitEnthältQuery=false, KontextEnthältQuery=false, Query="lebenstableau erinnerungstableau"
[RELEVANCE-DEBUG-CONTEXT] Hit-Preview: "Bei diesem Lebenstableau ist es ganz anders. Da hat man sozusagen viel weniger im Auge dasjenige, wa..."
[RELEVANCE-DEBUG-CONTEXT] Kontext-Preview: "Man könnte groß sagen: Wir kommen endlich durch diese Krafterscheinungen, durch die man geistig tastet, wie man sonst mit seinen Fingern physisch tastet, dazu, einen höheren Menschen an uns zu erleben..."
[RELEVANCE-DEBUG] GA084/7 Absatz 15: Score=0.569, Vorkommen=0, Kontext-Absätze=5, HitEnthältQuery=false, KontextEnthältQuery=false, Query="lebenstableau erinnerungstableau"
[RELEVANCE-DEBUG-CONTEXT] Hit-Preview: "So sind wir zunächst, wenn wir die erste Stufe des seelischen Übens durchgemacht haben, zu einer wah..."
[RELEVANCE-DEBUG-CONTEXT] Kontext-Preview: "Es ist ein großer Unterschied zwischen den zwei Dingen: dem Lebenstableau und meinen Erinnerungen. Man könnte sagen: Ich kann mir ja auch dieses Erdenleben zusammenstellen aus meinen Erinnerungen. Ich..."
[RELEVANCE-DEBUG] GA084/9 Absatz 36: Score=0.379, Vorkommen=0, Kontext-Absätze=5, HitEnthältQuery=false, KontextEnthältQuery=false, Query="lebenstableau erinnerungstableau"
[RELEVANCE-DEBUG-CONTEXT] Hit-Preview: "Man kann sehr wohl dieses Bild des menschlichen Inneren von dem unterscheiden, was bloß Erinnerungsb..."
[RELEVANCE-DEBUG-CONTEXT] Kontext-Preview: "Macht man meinetwillen in seinem fünfzigsten Jahre eine solche Übung, die zu dem Angedeuteten führt, dann wird es so, dass einem die Zeit gestattet, wie durch einen »Zeitweg« zurückzugehen bis meinetw..."
[RELEVANCE-DEBUG] GA084/9 Absatz 37: Score=0.424, Vorkommen=0, Kontext-Absätze=5, HitEnthältQuery=false, KontextEnthältQuery=false, Query="lebenstableau erinnerungstableau"
[RELEVANCE-DEBUG-CONTEXT] Hit-Preview: "Hat man zum Beispiel in einem bestimmten Zeitpunkte seines Lebens die Freundschaft mit einer geliebt..."
[RELEVANCE-DEBUG-CONTEXT] Kontext-Preview: "Dasjenige wird exaktes Bild des Menschenlebens, wovon selbst naturwissenschaftliche Denker zugeben, dass es in einer episodischen Weise auftritt, wenn der Mensch zum Beispiel beim Ertrinken einem groß..."
[RELEVANCE-SCORING] 19 Treffer: hoch=9, mittel=10, niedrig=0
[RELEVANCE-THRESHOLDS] Schwellwerte relativ zur Gesamthäufigkeit: hoch≥0.396 (2+ Vorkommen), mittel≥0.264 (1+ Vorkommen)
  [Single] "lebenstableau"

Extrahierte 1 Suchbegriffe aus "Lebenstableau":
lebenstableau
  [Single] "erinnerungstableau"

Extrahierte 1 Suchbegriffe aus "Erinnerungstableau":
erinnerungstableau
POST /api/fulltext-search
Volltext-Suche: Lebenstableau AND Erinnerungstableau (Proximity: max. 1 Absätze) [Relevanz-Filter: hoch]
Volltext-Suche: 19 Absätze gefunden (Vorträge + Bücher)
[RELEVANCE-DEBUG] GA063/10 Absatz 11: Score=0.329, Vorkommen=0, Kontext-Absätze=5, HitEnthältQuery=false, KontextEnthältQuery=false, Query="lebenstableau erinnerungstableau"
[RELEVANCE-DEBUG-CONTEXT] Hit-Preview: "In dieser Welt ist in Form von Gedanken alles, was wir im letzten Lebenslaufe zwischen Geburt und To..."
[RELEVANCE-DEBUG-CONTEXT] Kontext-Preview: "Nachdem also der Mensch durch die Pforte des Todes geschritten ist, macht er ein Erlebnis durch in bezug auf das, was wir sein Denken, seine Gedanken nennen. Das Gedankenleben haben wir ja so im Leben..."
[RELEVANCE-DEBUG] GA063/10 Absatz 12: Score=0.424, Vorkommen=0, Kontext-Absätze=5, HitEnthältQuery=false, KontextEnthältQuery=false, Query="lebenstableau erinnerungstableau"
[RELEVANCE-DEBUG-CONTEXT] Hit-Preview: "Diese Welt wird auch oftmals geschildert wie eine Art von Erinnerungstableau an das letzte Leben. In..."
[RELEVANCE-DEBUG-CONTEXT] Kontext-Preview: "Es ist wie ein Herauswandern der Gedanken in eine seelische Außenwelt. Es machen, könnte man sagen, die Gedanken einen gewissen Weg durch; einen solchen Weg machen sie durch, dass sie von dem unmittel..."
[RELEVANCE-DEBUG] GA080b/11 Absatz 29: Score=0.268, Vorkommen=0, Kontext-Absätze=5, HitEnthältQuery=false, KontextEnthältQuery=false, Query="lebenstableau erinnerungstableau"
[RELEVANCE-DEBUG-CONTEXT] Hit-Preview: "Aber dasjenige, was da der Mensch erlebt, ist eben nicht eine Summe von mit Mühe heraufgeholten Erin..."
[RELEVANCE-DEBUG-CONTEXT] Kontext-Preview: "Dann merkt man, dass man in diesem durch eigene Willkür hervorgerufenen Denken - in diesem Leben, in der Aktivität des Denkens bildet sich etwas aus innerhalb des Seelenlebens, das verglichen werden k..."
[RELEVANCE-DEBUG] GA080b/11 Absatz 34: Score=0.268, Vorkommen=0, Kontext-Absätze=5, HitEnthältQuery=false, KontextEnthältQuery=false, Query="lebenstableau erinnerungstableau"
[RELEVANCE-DEBUG-CONTEXT] Hit-Preview: "Dadurch aber erlangt der Mensch wahre Selbsterkenntnis. Denn nicht dasjenige, was von außen an mich ..."
[RELEVANCE-DEBUG-CONTEXT] Kontext-Preview: "Das ist das Ergebnis der, ich möchte sagen umgewandelten Erinnerung. Während man in diesem Zustande ist, dass man anschaut sich selber als drinnensteckend in seinem bisherigen Leben, hat man nicht die..."
[RELEVANCE-DEBUG] GA080b/11 Absatz 35: Score=0.268, Vorkommen=0, Kontext-Absätze=5, HitEnthältQuery=false, KontextEnthältQuery=false, Query="lebenstableau erinnerungstableau"
[RELEVANCE-DEBUG-CONTEXT] Hit-Preview: "Wenn man dieses höher-geistige, umgewandelte Erinnerungstableau vor sich hat, dann sieht man eigentl..."
[RELEVANCE-DEBUG-CONTEXT] Kontext-Preview: "Aber derjenige, der in einer gesunden Weise in dieser Art sich entwickelt, der wird nicht etwa wie ein mystischer Träumer oder wie ein Somnambuler unwillkürlich zu einer anderen Art des Vorstellens ko..."
[RELEVANCE-DEBUG] GA084/7 Absatz 13: Score=0.569, Vorkommen=0, Kontext-Absätze=5, HitEnthältQuery=false, KontextEnthältQuery=false, Query="lebenstableau erinnerungstableau"
[RELEVANCE-DEBUG-CONTEXT] Hit-Preview: "Es ist ein großer Unterschied zwischen den zwei Dingen: dem Lebenstableau und meinen Erinnerungen. M..."
[RELEVANCE-DEBUG-CONTEXT] Kontext-Preview: "Dabei müssen natürlich ausgeschlossen sein alle Selbstsuggestionen, alles irgendwie Subjektive. Das kann aber niemals ausgeschlossen werden, wenn wir uns beliebige Vorstellungen aus unserem Seelenlebe..."
[RELEVANCE-DEBUG] GA084/7 Absatz 14: Score=0.569, Vorkommen=0, Kontext-Absätze=5, HitEnthältQuery=false, KontextEnthältQuery=false, Query="lebenstableau erinnerungstableau"
[RELEVANCE-DEBUG-CONTEXT] Hit-Preview: "Bei diesem Lebenstableau ist es ganz anders. Da hat man sozusagen viel weniger im Auge dasjenige, wa..."
[RELEVANCE-DEBUG-CONTEXT] Kontext-Preview: "Man könnte groß sagen: Wir kommen endlich durch diese Krafterscheinungen, durch die man geistig tastet, wie man sonst mit seinen Fingern physisch tastet, dazu, einen höheren Menschen an uns zu erleben..."
[RELEVANCE-DEBUG] GA084/7 Absatz 15: Score=0.569, Vorkommen=0, Kontext-Absätze=5, HitEnthältQuery=false, KontextEnthältQuery=false, Query="lebenstableau erinnerungstableau"
[RELEVANCE-DEBUG-CONTEXT] Hit-Preview: "So sind wir zunächst, wenn wir die erste Stufe des seelischen Übens durchgemacht haben, zu einer wah..."
[RELEVANCE-DEBUG-CONTEXT] Kontext-Preview: "Es ist ein großer Unterschied zwischen den zwei Dingen: dem Lebenstableau und meinen Erinnerungen. Man könnte sagen: Ich kann mir ja auch dieses Erdenleben zusammenstellen aus meinen Erinnerungen. Ich..."
[RELEVANCE-DEBUG] GA084/9 Absatz 36: Score=0.379, Vorkommen=0, Kontext-Absätze=5, HitEnthältQuery=false, KontextEnthältQuery=false, Query="lebenstableau erinnerungstableau"
[RELEVANCE-DEBUG-CONTEXT] Hit-Preview: "Man kann sehr wohl dieses Bild des menschlichen Inneren von dem unterscheiden, was bloß Erinnerungsb..."
[RELEVANCE-DEBUG-CONTEXT] Kontext-Preview: "Macht man meinetwillen in seinem fünfzigsten Jahre eine solche Übung, die zu dem Angedeuteten führt, dann wird es so, dass einem die Zeit gestattet, wie durch einen »Zeitweg« zurückzugehen bis meinetw..."
[RELEVANCE-DEBUG] GA084/9 Absatz 37: Score=0.424, Vorkommen=0, Kontext-Absätze=5, HitEnthältQuery=false, KontextEnthältQuery=false, Query="lebenstableau erinnerungstableau"
[RELEVANCE-DEBUG-CONTEXT] Hit-Preview: "Hat man zum Beispiel in einem bestimmten Zeitpunkte seines Lebens die Freundschaft mit einer geliebt..."
[RELEVANCE-DEBUG-CONTEXT] Kontext-Preview: "Dasjenige wird exaktes Bild des Menschenlebens, wovon selbst naturwissenschaftliche Denker zugeben, dass es in einer episodischen Weise auftritt, wenn der Mensch zum Beispiel beim Ertrinken einem groß..."
[RELEVANCE-SCORING] 19 Treffer: hoch=9, mittel=10, niedrig=0
[RELEVANCE-THRESHOLDS] Schwellwerte relativ zur Gesamthäufigkeit: hoch≥0.396 (2+ Vorkommen), mittel≥0.264 (1+ Vorkommen)
[BACKEND-FILTER] 19 -> 9 Ergebnisse nach Filter "hoch"
  [Single] "lebenstableau"

Extrahierte 1 Suchbegriffe aus "Lebenstableau":
lebenstableau
  [Single] "erinnerungstableau"

Extrahierte 1 Suchbegriffe aus "Erinnerungstableau":
erinnerungstableau
POST /api/fulltext-search
Volltext-Suche: Lebenstableau AND Erinnerungstableau (Proximity: max. 1 Absätze) [Relevanz-Filter: mittel]
Volltext-Suche: 19 Absätze gefunden (Vorträge + Bücher)
[RELEVANCE-DEBUG] GA063/10 Absatz 11: Score=0.329, Vorkommen=0, Kontext-Absätze=5, HitEnthältQuery=false, KontextEnthältQuery=false, Query="lebenstableau erinnerungstableau"
[RELEVANCE-DEBUG-CONTEXT] Hit-Preview: "In dieser Welt ist in Form von Gedanken alles, was wir im letzten Lebenslaufe zwischen Geburt und To..."
[RELEVANCE-DEBUG-CONTEXT] Kontext-Preview: "Nachdem also der Mensch durch die Pforte des Todes geschritten ist, macht er ein Erlebnis durch in bezug auf das, was wir sein Denken, seine Gedanken nennen. Das Gedankenleben haben wir ja so im Leben..."
[RELEVANCE-DEBUG] GA063/10 Absatz 12: Score=0.424, Vorkommen=0, Kontext-Absätze=5, HitEnthältQuery=false, KontextEnthältQuery=false, Query="lebenstableau erinnerungstableau"
[RELEVANCE-DEBUG-CONTEXT] Hit-Preview: "Diese Welt wird auch oftmals geschildert wie eine Art von Erinnerungstableau an das letzte Leben. In..."
[RELEVANCE-DEBUG-CONTEXT] Kontext-Preview: "Es ist wie ein Herauswandern der Gedanken in eine seelische Außenwelt. Es machen, könnte man sagen, die Gedanken einen gewissen Weg durch; einen solchen Weg machen sie durch, dass sie von dem unmittel..."
[RELEVANCE-DEBUG] GA080b/11 Absatz 29: Score=0.268, Vorkommen=0, Kontext-Absätze=5, HitEnthältQuery=false, KontextEnthältQuery=false, Query="lebenstableau erinnerungstableau"
[RELEVANCE-DEBUG-CONTEXT] Hit-Preview: "Aber dasjenige, was da der Mensch erlebt, ist eben nicht eine Summe von mit Mühe heraufgeholten Erin..."
[RELEVANCE-DEBUG-CONTEXT] Kontext-Preview: "Dann merkt man, dass man in diesem durch eigene Willkür hervorgerufenen Denken - in diesem Leben, in der Aktivität des Denkens bildet sich etwas aus innerhalb des Seelenlebens, das verglichen werden k..."
[RELEVANCE-DEBUG] GA080b/11 Absatz 34: Score=0.268, Vorkommen=0, Kontext-Absätze=5, HitEnthältQuery=false, KontextEnthältQuery=false, Query="lebenstableau erinnerungstableau"
[RELEVANCE-DEBUG-CONTEXT] Hit-Preview: "Dadurch aber erlangt der Mensch wahre Selbsterkenntnis. Denn nicht dasjenige, was von außen an mich ..."
[RELEVANCE-DEBUG-CONTEXT] Kontext-Preview: "Das ist das Ergebnis der, ich möchte sagen umgewandelten Erinnerung. Während man in diesem Zustande ist, dass man anschaut sich selber als drinnensteckend in seinem bisherigen Leben, hat man nicht die..."
[RELEVANCE-DEBUG] GA080b/11 Absatz 35: Score=0.268, Vorkommen=0, Kontext-Absätze=5, HitEnthältQuery=false, KontextEnthältQuery=false, Query="lebenstableau erinnerungstableau"
[RELEVANCE-DEBUG-CONTEXT] Hit-Preview: "Wenn man dieses höher-geistige, umgewandelte Erinnerungstableau vor sich hat, dann sieht man eigentl..."
[RELEVANCE-DEBUG-CONTEXT] Kontext-Preview: "Aber derjenige, der in einer gesunden Weise in dieser Art sich entwickelt, der wird nicht etwa wie ein mystischer Träumer oder wie ein Somnambuler unwillkürlich zu einer anderen Art des Vorstellens ko..."
[RELEVANCE-DEBUG] GA084/7 Absatz 13: Score=0.569, Vorkommen=0, Kontext-Absätze=5, HitEnthältQuery=false, KontextEnthältQuery=false, Query="lebenstableau erinnerungstableau"
[RELEVANCE-DEBUG-CONTEXT] Hit-Preview: "Es ist ein großer Unterschied zwischen den zwei Dingen: dem Lebenstableau und meinen Erinnerungen. M..."
[RELEVANCE-DEBUG-CONTEXT] Kontext-Preview: "Dabei müssen natürlich ausgeschlossen sein alle Selbstsuggestionen, alles irgendwie Subjektive. Das kann aber niemals ausgeschlossen werden, wenn wir uns beliebige Vorstellungen aus unserem Seelenlebe..."
[RELEVANCE-DEBUG] GA084/7 Absatz 14: Score=0.569, Vorkommen=0, Kontext-Absätze=5, HitEnthältQuery=false, KontextEnthältQuery=false, Query="lebenstableau erinnerungstableau"
[RELEVANCE-DEBUG-CONTEXT] Hit-Preview: "Bei diesem Lebenstableau ist es ganz anders. Da hat man sozusagen viel weniger im Auge dasjenige, wa..."
[RELEVANCE-DEBUG-CONTEXT] Kontext-Preview: "Man könnte groß sagen: Wir kommen endlich durch diese Krafterscheinungen, durch die man geistig tastet, wie man sonst mit seinen Fingern physisch tastet, dazu, einen höheren Menschen an uns zu erleben..."
[RELEVANCE-DEBUG] GA084/7 Absatz 15: Score=0.569, Vorkommen=0, Kontext-Absätze=5, HitEnthältQuery=false, KontextEnthältQuery=false, Query="lebenstableau erinnerungstableau"
[RELEVANCE-DEBUG-CONTEXT] Hit-Preview: "So sind wir zunächst, wenn wir die erste Stufe des seelischen Übens durchgemacht haben, zu einer wah..."
[RELEVANCE-DEBUG-CONTEXT] Kontext-Preview: "Es ist ein großer Unterschied zwischen den zwei Dingen: dem Lebenstableau und meinen Erinnerungen. Man könnte sagen: Ich kann mir ja auch dieses Erdenleben zusammenstellen aus meinen Erinnerungen. Ich..."
[RELEVANCE-DEBUG] GA084/9 Absatz 36: Score=0.379, Vorkommen=0, Kontext-Absätze=5, HitEnthältQuery=false, KontextEnthältQuery=false, Query="lebenstableau erinnerungstableau"
[RELEVANCE-DEBUG-CONTEXT] Hit-Preview: "Man kann sehr wohl dieses Bild des menschlichen Inneren von dem unterscheiden, was bloß Erinnerungsb..."
[RELEVANCE-DEBUG-CONTEXT] Kontext-Preview: "Macht man meinetwillen in seinem fünfzigsten Jahre eine solche Übung, die zu dem Angedeuteten führt, dann wird es so, dass einem die Zeit gestattet, wie durch einen »Zeitweg« zurückzugehen bis meinetw..."
[RELEVANCE-DEBUG] GA084/9 Absatz 37: Score=0.424, Vorkommen=0, Kontext-Absätze=5, HitEnthältQuery=false, KontextEnthältQuery=false, Query="lebenstableau erinnerungstableau"
[RELEVANCE-DEBUG-CONTEXT] Hit-Preview: "Hat man zum Beispiel in einem bestimmten Zeitpunkte seines Lebens die Freundschaft mit einer geliebt..."
[RELEVANCE-DEBUG-CONTEXT] Kontext-Preview: "Dasjenige wird exaktes Bild des Menschenlebens, wovon selbst naturwissenschaftliche Denker zugeben, dass es in einer episodischen Weise auftritt, wenn der Mensch zum Beispiel beim Ertrinken einem groß..."
[RELEVANCE-SCORING] 19 Treffer: hoch=9, mittel=10, niedrig=0
[RELEVANCE-THRESHOLDS] Schwellwerte relativ zur Gesamthäufigkeit: hoch≥0.396 (2+ Vorkommen), mittel≥0.264 (1+ Vorkommen)
[BACKEND-FILTER] 19 -> 10 Ergebnisse nach Filter "mittel"
  [Single] "lebenstableau"

Extrahierte 1 Suchbegriffe aus "Lebenstableau":
lebenstableau
  [Single] "erinnerungstableau"

Extrahierte 1 Suchbegriffe aus "Erinnerungstableau":
erinnerungstableau
GET /api/full-lecture/GA063/10
GET /api/check-summary/GA063/10
[CHECK-SUMMARY] Prüfe zentrale DB für GA063/10
[SUMMARY-DB] Geladen: 4490 Einträge aus summary-database.json
[CHECK-SUMMARY] ✓ Zusammenfassung existiert für GA063/10 (Version: v2-unified)
GET /api/steiner-images/GA063%2F10
GET /api/full-lecture/GA153/7
GET /api/check-summary/GA153/7
[CHECK-SUMMARY] Prüfe zentrale DB für GA153/7
[SUMMARY-DB] Geladen: 4490 Einträge aus summary-database.json
[CHECK-SUMMARY] ✓ Zusammenfassung existiert für GA153/7 (Version: v2-unified)
GET /api/steiner-images/GA153%2F7
[IMAGES-API] Keine Bilder für GA063/10 gefunden
GET /api/full-lecture/GA080b/11
GET /api/check-summary/GA080b/11
[CHECK-SUMMARY] Prüfe zentrale DB für GA080b/11
[SUMMARY-DB] Geladen: 4490 Einträge aus summary-database.json
[CHECK-SUMMARY] ✓ Zusammenfassung existiert für GA080b/11 (Version: v2-unified)
GET /api/steiner-images/GA080b%2F11
[IMAGES-API] Keine Bilder für GA153/7 gefunden
GET /api/full-lecture/GA080b/11
GET /api/check-summary/GA080b/11
[CHECK-SUMMARY] Prüfe zentrale DB für GA080b/11
[SUMMARY-DB] Geladen: 4490 Einträge aus summary-database.json
[CHECK-SUMMARY] ✓ Zusammenfassung existiert für GA080b/11 (Version: v2-unified)
[IMAGES-API] Keine Bilder für GA080b/11 gefunden
GET /api/steiner-images/GA080b%2F11
[IMAGES-API] Sende 0 Bilder für GA080b/11 (aus Cache)
GET /api/full-lecture/GA084/9
GET /api/check-summary/GA084/9
[CHECK-SUMMARY] Prüfe zentrale DB für GA084/9
[SUMMARY-DB] Geladen: 4490 Einträge aus summary-database.json
[CHECK-SUMMARY] ✓ Zusammenfassung existiert für GA084/9 (Version: v2-unified)
GET /api/full-lecture/GA236/13
GET /api/check-summary/GA236/13
[CHECK-SUMMARY] Prüfe zentrale DB für GA236/13
[SUMMARY-DB] Geladen: 4490 Einträge aus summary-database.json
[CHECK-SUMMARY] ✓ Zusammenfassung existiert für GA236/13 (Version: v2-unified)
[IMAGES-ASSETS] Anfrage für Bild: page_136_img_1.png
[IMAGES-ASSETS] Vollständiger Request-Pfad: /assets/page_136_img_1.png
[IMAGES-ASSETS] Decodierter Pfad: page_136_img_1.png
[IMAGES-ASSETS] GA-Nummer nicht gefunden in: page_136_img_1.png
[IMAGES-ASSETS] Anfrage für Bild: page_139_img_1.png
[IMAGES-ASSETS] Vollständiger Request-Pfad: /assets/page_139_img_1.png
[IMAGES-ASSETS] Decodierter Pfad: page_139_img_1.png
[IMAGES-ASSETS] GA-Nummer nicht gefunden in: page_139_img_1.png
GET /api/full-lecture/GA084/9
GET /api/check-summary/GA084/9
[CHECK-SUMMARY] Prüfe zentrale DB für GA084/9
[SUMMARY-DB] Geladen: 4490 Einträge aus summary-database.json
[CHECK-SUMMARY] ✓ Zusammenfassung existiert für GA084/9 (Version: v2-unified)
GET /api/backups/list
GET /api/backups/list/full
POST /api/backups/create
[BACKUP] Erstelle umfassendes Backup...
[BACKUP] thematic-clusters.json nicht gefunden - kein Backup erstellt
[BACKUP] steiner-images.json nicht gefunden - kein Backup erstellt
[BACKUP] ✓ HTML: index-2025-12-03T11-09-57-250Z.html
[BACKUP] ✓ themes-database: themes-database-2025-12-03T11-09-57-255Z.json
[BACKUP] ✓ HTML: keyword-manager-2025-12-03T11-09-57-256Z.html
[BACKUP] 1 alte index-Backups gelöscht
[BACKUP] ✓ Code: backend-2025-12-03T11-09-57-256Z.js
[BACKUP] 1 alte themes-database-Backups gelöscht
[BACKUP] 1 alte keyword-manager-Backups gelöscht
[BACKUP] ✓ HTML: app-2025-12-03T11-09-57-256Z.html
[BACKUP] 1 alte backend-Backups gelöscht
[BACKUP] 1 alte app-Backups gelöscht
[BACKUP] ✓ keywords-database: keywords-database-2025-12-03T11-09-57-255Z.json
[BACKUP] 1 alte keywords-database-Backups gelöscht
[BACKUP] ✓ summary-database: summary-database-2025-12-03T11-09-57-249Z.json
[BACKUP] 1 alte summary-database-Backups gelöscht
[BACKUP] ✓ 7 von 9 Backups erstellt
GET /api/backups/list/full
GET /api/keywords/available-ga-volumes
[API/AVAILABLE-GA-VOLUMES] Request erhalten
[API/AVAILABLE-GA-VOLUMES] fullLectures: 4487 Vorträge
[API/AVAILABLE-GA-VOLUMES] fullBooks: 40 Bücher
[API/AVAILABLE-GA-VOLUMES] Sende 355 Volumes
GET /debug/status
GET /api/steiner-images
[DEBUG] Gefundene Books-Dateien: steiner-books-001-020-part01.json, steiner-books-021-046-part02.json

Gefundene Dateien:
  Search-Dateien: []
  Lecture-Dateien: ["steiner-full-lectures-051-354-part01.json","steiner-full-lectures-051-354-part02.json","steiner-full-lectures-051-354-part03.json","steiner-full-lectures-051-354-part04.json","steiner-full-lectures-051-354-part05.json","steiner-full-lectures-051-354-part06.json","steiner-full-lectures-051-354-part07.json","steiner-full-lectures-051-354-part08.json","steiner-full-lectures-051-354-part09.json","steiner-full-lectures-051-354-part10.json","steiner-full-lectures-051-354-part11.json","steiner-full-lectures-051-354-part12.json","steiner-full-lectures-051-354-part13.json","steiner-full-lectures-051-354-part14.json","steiner-full-lectures-051-354-part15.json","steiner-full-lectures-051-354-part16.json","steiner-full-lectures-051-354-part17.json"]
  Books-Dateien: ["steiner-books-001-020-part01.json","steiner-books-021-046-part02.json"]
GET /api/ga-list
[API/GA-LIST] Request erhalten
[API/GA-LIST] fullLectures: 4487 Vorträge
[API/GA-LIST] fullBooks: 40 Bücher
[API/GA-LIST] Sende 355 GA-Bände
GET /api/list-files
GET /api/keywords/available-ga-volumes
[API/AVAILABLE-GA-VOLUMES] Request erhalten
[API/AVAILABLE-GA-VOLUMES] fullLectures: 4487 Vorträge
[API/AVAILABLE-GA-VOLUMES] fullBooks: 40 Bücher
[API/AVAILABLE-GA-VOLUMES] Sende 355 Volumes
GET /api/ga-list
[API/GA-LIST] Request erhalten
[API/GA-LIST] fullLectures: 4487 Vorträge
[API/GA-LIST] fullBooks: 40 Bücher
[API/GA-LIST] Sende 355 GA-Bände
GET /api/available-years
[INFO] Verfügbare Jahre: 26 Jahre von 1888 bis 1924
GET /api/keywords/available-ga-volumes
[API/AVAILABLE-GA-VOLUMES] Request erhalten
[API/AVAILABLE-GA-VOLUMES] fullLectures: 4487 Vorträge
[API/AVAILABLE-GA-VOLUMES] fullBooks: 40 Bücher
[API/AVAILABLE-GA-VOLUMES] Sende 355 Volumes
GET /api/available-years
[INFO] Verfügbare Jahre: 26 Jahre von 1888 bis 1924
[SUMMARY-DB] Geladen: 4490 Einträge aus summary-database.json
[IMAGES-API] Sende Liste von 1057 Vorträgen (ohne Bilder)
POST /api/fulltext-search
Volltext-Suche: Ätherleib [Relevanz-Filter: ohne]
Volltext-Suche: 6451 Absätze gefunden (Vorträge + Bücher)
[RELEVANCE-DEBUG] GA053/2 Absatz 34: Score=0.300, Vorkommen=1, Kontext-Absätze=5, HitEnthältQuery=true, KontextEnthältQuery=true, Query="ätherleib"
[RELEVANCE-DEBUG-CONTEXT] Hit-Preview: "Und dasjenige, was im Tierkörper ebenso hinausragt über das bloße Wachsen und Fortpflanzen, dasjenig..."
[RELEVANCE-DEBUG-CONTEXT] Kontext-Preview: "Die Ausführung dieser Anleitung muss natürlich mit der allergrößten Vorsicht geschehen, denn es sind allerlei Illusionen auf diesem Gebiete möglich. Allein, wer wirklich weiß, mit welcher Vorsicht, mi..."
[RELEVANCE-DEBUG] GA053/2 Absatz 44: Score=0.300, Vorkommen=1, Kontext-Absätze=5, HitEnthältQuery=true, KontextEnthältQuery=true, Query="ätherleib"
[RELEVANCE-DEBUG-CONTEXT] Hit-Preview: "Damit haben wir die drei Glieder des menschlichen physischen Körpers und die drei Glieder der mensch..."
[RELEVANCE-DEBUG-CONTEXT] Kontext-Preview: "Wer durch die Anschauung Kenntnis davon haben will, muss lernen, sie zu sehen. Die Aura ist dreigliedrig. Die drei Glieder stecken ineinander wie drei ovale Nebelgebilde, die die menschliche Gestalt u..."
[RELEVANCE-DEBUG] GA054/5 Absatz 51: Score=0.500, Vorkommen=2, Kontext-Absätze=5, HitEnthältQuery=true, KontextEnthältQuery=true, Query="ätherleib"
[RELEVANCE-DEBUG-CONTEXT] Hit-Preview: "Im Sinne dieser Geisteswissenschaft sprechen wir deshalb von einem zweiten Glied der menschlichen We..."
[RELEVANCE-DEBUG-CONTEXT] Kontext-Preview: "Alle Rederei von der Grenze der menschlichen Erkenntnis ist Unsinn. Man sollte reden und fragen: Kann sich der Mensch nicht zu einer höheren Erkenntnisstufe erheben? Ist das nicht vielleicht wirklich,..."
[RELEVANCE-DEBUG] GA054/5 Absatz 61: Score=0.680, Vorkommen=4, Kontext-Absätze=5, HitEnthältQuery=true, KontextEnthältQuery=true, Query="ätherleib"
[RELEVANCE-DEBUG-CONTEXT] Hit-Preview: "Nun gibt es Dinge, die tiefer in die menschliche Natur hineingehen, wo das Ich weiter hineinarbeitet..."
[RELEVANCE-DEBUG-CONTEXT] Kontext-Preview: "Machen Sie sich den Unterschied zwischen den Menschen von diesem Standpunkte aus klar. Vergleichen Sie einen Wilden mit einem europäischen Durchschnittsmenschen, mit einem edlen Idealisten, etwa Schil..."
[RELEVANCE-DEBUG] GA054/5 Absatz 62: Score=0.720, Vorkommen=6, Kontext-Absätze=5, HitEnthältQuery=true, KontextEnthältQuery=true, Query="ätherleib"
[RELEVANCE-DEBUG-CONTEXT] Hit-Preview: "Ebenso wenn das Ich aufgeht in Betrachtung eines Kunstwerkes und eine Ahnung erhält, dass hinter dem..."
[RELEVANCE-DEBUG-CONTEXT] Kontext-Preview: "Noch mehr hat ihn umgestaltet eine solche Persönlichkeit wie Schiller, noch mehr eine solche Persönlichkeit, die in gar keiner Beziehung zu den Leidenschaften steht wie Franz von Assisi, die ganz und ..."
[RELEVANCE-DEBUG] GA054/5 Absatz 63: Score=0.760, Vorkommen=8, Kontext-Absätze=5, HitEnthältQuery=true, KontextEnthältQuery=true, Query="ätherleib"
[RELEVANCE-DEBUG-CONTEXT] Hit-Preview: "Nun ist auch der Ätherleib der Träger von alledem, was mehr oder weniger bleibend ist in der menschl..."
[RELEVANCE-DEBUG-CONTEXT] Kontext-Preview: "Nun gibt es Dinge, die tiefer in die menschliche Natur hineingehen, wo das Ich weiter hineinarbeitet als bloß in den Astralleib. Solange Sie mit bloßen moralischen oder Rechtsgrundsätzen, mit logische..."
[RELEVANCE-DEBUG] GA054/5 Absatz 64: Score=0.740, Vorkommen=7, Kontext-Absätze=5, HitEnthältQuery=true, KontextEnthältQuery=true, Query="ätherleib"
[RELEVANCE-DEBUG-CONTEXT] Hit-Preview: "Aber nun denken Sie nach, wie wenig sich bei den meisten Menschen das ändert, was man Gewohnheiten, ..."
[RELEVANCE-DEBUG-CONTEXT] Kontext-Preview: "Ebenso wenn das Ich aufgeht in Betrachtung eines Kunstwerkes und eine Ahnung erhält, dass hinter dem sinnlichen Dasein ein Ewiges, Verborgenes verkörpert sein kann, dann wirkt die künstlerische Vorste..."
[RELEVANCE-DEBUG] GA054/5 Absatz 65: Score=0.700, Vorkommen=5, Kontext-Absätze=5, HitEnthältQuery=true, KontextEnthältQuery=true, Query="ätherleib"
[RELEVANCE-DEBUG-CONTEXT] Hit-Preview: "Nun gibt es eine noch höhere Entwickelung, die der Chela durchmacht. Die beruht darauf, dass man ein..."
[RELEVANCE-DEBUG-CONTEXT] Kontext-Preview: "Nun ist auch der Ätherleib der Träger von alledem, was mehr oder weniger bleibend ist in der menschlichen Natur. Man hat sich klarzumachen, was für ein Unterschied ist zwischen Entwickelung des Ätherl..."
[RELEVANCE-DEBUG] GA054/5 Absatz 68: Score=0.700, Vorkommen=5, Kontext-Absätze=5, HitEnthältQuery=true, KontextEnthältQuery=true, Query="ätherleib"
[RELEVANCE-DEBUG-CONTEXT] Hit-Preview: "So haben wir sieben Glieder der menschlichen Wesenheit, ebenso wie der Regenbogen sieben Farben und ..."
[RELEVANCE-DEBUG-CONTEXT] Kontext-Preview: "Das Schwierigste für den Menschen ist, dass er bis in seinen physischen Leib hineinarbeiten lernt. Auch darüber, wie das Blut sich bewegt, kann man Herr werden; man kann Einfluss bekommen auf die Nerv..."
[RELEVANCE-DEBUG] GA054/5 Absatz 69: Score=0.740, Vorkommen=7, Kontext-Absätze=5, HitEnthältQuery=true, KontextEnthältQuery=true, Query="ätherleib"
[RELEVANCE-DEBUG-CONTEXT] Hit-Preview: "Nun müssen wir in bezug auf unsere heutige Frage dieses Wesen, diese Natur des Menschen näher anscha..."
[RELEVANCE-DEBUG-CONTEXT] Kontext-Preview: "Wenn der Mensch in seinen physischen Leib hineinarbeiten kann und damit in Verbindung mit dem Kosmos treten lernt, dann entwickelt er sein Atman. Dies ist das höchste Glied der menschlichen Wesenheit,..."
[RELEVANCE-SCORING] 6451 Treffer: hoch=3497, mittel=1079, niedrig=1875
[RELEVANCE-THRESHOLDS] Schwellwerte relativ zur Gesamthäufigkeit: hoch≥0.586 (3+ Vorkommen), mittel≥0.390 (2+ Vorkommen)
  [Single] "ätherleib"

Extrahierte 1 Suchbegriffe aus "Ätherleib":
ätherleib
POST /api/fulltext-search
Volltext-Suche: Ätherleib [Relevanz-Filter: alle]
Volltext-Suche: 6451 Absätze gefunden (Vorträge + Bücher)
[RELEVANCE-DEBUG] GA053/2 Absatz 34: Score=0.300, Vorkommen=1, Kontext-Absätze=5, HitEnthältQuery=true, KontextEnthältQuery=true, Query="ätherleib"
[RELEVANCE-DEBUG-CONTEXT] Hit-Preview: "Und dasjenige, was im Tierkörper ebenso hinausragt über das bloße Wachsen und Fortpflanzen, dasjenig..."
[RELEVANCE-DEBUG-CONTEXT] Kontext-Preview: "Die Ausführung dieser Anleitung muss natürlich mit der allergrößten Vorsicht geschehen, denn es sind allerlei Illusionen auf diesem Gebiete möglich. Allein, wer wirklich weiß, mit welcher Vorsicht, mi..."
[RELEVANCE-DEBUG] GA053/2 Absatz 44: Score=0.300, Vorkommen=1, Kontext-Absätze=5, HitEnthältQuery=true, KontextEnthältQuery=true, Query="ätherleib"
[RELEVANCE-DEBUG-CONTEXT] Hit-Preview: "Damit haben wir die drei Glieder des menschlichen physischen Körpers und die drei Glieder der mensch..."
[RELEVANCE-DEBUG-CONTEXT] Kontext-Preview: "Wer durch die Anschauung Kenntnis davon haben will, muss lernen, sie zu sehen. Die Aura ist dreigliedrig. Die drei Glieder stecken ineinander wie drei ovale Nebelgebilde, die die menschliche Gestalt u..."
[RELEVANCE-DEBUG] GA054/5 Absatz 51: Score=0.500, Vorkommen=2, Kontext-Absätze=5, HitEnthältQuery=true, KontextEnthältQuery=true, Query="ätherleib"
[RELEVANCE-DEBUG-CONTEXT] Hit-Preview: "Im Sinne dieser Geisteswissenschaft sprechen wir deshalb von einem zweiten Glied der menschlichen We..."
[RELEVANCE-DEBUG-CONTEXT] Kontext-Preview: "Alle Rederei von der Grenze der menschlichen Erkenntnis ist Unsinn. Man sollte reden und fragen: Kann sich der Mensch nicht zu einer höheren Erkenntnisstufe erheben? Ist das nicht vielleicht wirklich,..."
[RELEVANCE-DEBUG] GA054/5 Absatz 61: Score=0.680, Vorkommen=4, Kontext-Absätze=5, HitEnthältQuery=true, KontextEnthältQuery=true, Query="ätherleib"
[RELEVANCE-DEBUG-CONTEXT] Hit-Preview: "Nun gibt es Dinge, die tiefer in die menschliche Natur hineingehen, wo das Ich weiter hineinarbeitet..."
[RELEVANCE-DEBUG-CONTEXT] Kontext-Preview: "Machen Sie sich den Unterschied zwischen den Menschen von diesem Standpunkte aus klar. Vergleichen Sie einen Wilden mit einem europäischen Durchschnittsmenschen, mit einem edlen Idealisten, etwa Schil..."
[RELEVANCE-DEBUG] GA054/5 Absatz 62: Score=0.720, Vorkommen=6, Kontext-Absätze=5, HitEnthältQuery=true, KontextEnthältQuery=true, Query="ätherleib"
[RELEVANCE-DEBUG-CONTEXT] Hit-Preview: "Ebenso wenn das Ich aufgeht in Betrachtung eines Kunstwerkes und eine Ahnung erhält, dass hinter dem..."
[RELEVANCE-DEBUG-CONTEXT] Kontext-Preview: "Noch mehr hat ihn umgestaltet eine solche Persönlichkeit wie Schiller, noch mehr eine solche Persönlichkeit, die in gar keiner Beziehung zu den Leidenschaften steht wie Franz von Assisi, die ganz und ..."
[RELEVANCE-DEBUG] GA054/5 Absatz 63: Score=0.760, Vorkommen=8, Kontext-Absätze=5, HitEnthältQuery=true, KontextEnthältQuery=true, Query="ätherleib"
[RELEVANCE-DEBUG-CONTEXT] Hit-Preview: "Nun ist auch der Ätherleib der Träger von alledem, was mehr oder weniger bleibend ist in der menschl..."
[RELEVANCE-DEBUG-CONTEXT] Kontext-Preview: "Nun gibt es Dinge, die tiefer in die menschliche Natur hineingehen, wo das Ich weiter hineinarbeitet als bloß in den Astralleib. Solange Sie mit bloßen moralischen oder Rechtsgrundsätzen, mit logische..."
[RELEVANCE-DEBUG] GA054/5 Absatz 64: Score=0.740, Vorkommen=7, Kontext-Absätze=5, HitEnthältQuery=true, KontextEnthältQuery=true, Query="ätherleib"
[RELEVANCE-DEBUG-CONTEXT] Hit-Preview: "Aber nun denken Sie nach, wie wenig sich bei den meisten Menschen das ändert, was man Gewohnheiten, ..."
[RELEVANCE-DEBUG-CONTEXT] Kontext-Preview: "Ebenso wenn das Ich aufgeht in Betrachtung eines Kunstwerkes und eine Ahnung erhält, dass hinter dem sinnlichen Dasein ein Ewiges, Verborgenes verkörpert sein kann, dann wirkt die künstlerische Vorste..."
[RELEVANCE-DEBUG] GA054/5 Absatz 65: Score=0.700, Vorkommen=5, Kontext-Absätze=5, HitEnthältQuery=true, KontextEnthältQuery=true, Query="ätherleib"
[RELEVANCE-DEBUG-CONTEXT] Hit-Preview: "Nun gibt es eine noch höhere Entwickelung, die der Chela durchmacht. Die beruht darauf, dass man ein..."
[RELEVANCE-DEBUG-CONTEXT] Kontext-Preview: "Nun ist auch der Ätherleib der Träger von alledem, was mehr oder weniger bleibend ist in der menschlichen Natur. Man hat sich klarzumachen, was für ein Unterschied ist zwischen Entwickelung des Ätherl..."
[RELEVANCE-DEBUG] GA054/5 Absatz 68: Score=0.700, Vorkommen=5, Kontext-Absätze=5, HitEnthältQuery=true, KontextEnthältQuery=true, Query="ätherleib"
[RELEVANCE-DEBUG-CONTEXT] Hit-Preview: "So haben wir sieben Glieder der menschlichen Wesenheit, ebenso wie der Regenbogen sieben Farben und ..."
[RELEVANCE-DEBUG-CONTEXT] Kontext-Preview: "Das Schwierigste für den Menschen ist, dass er bis in seinen physischen Leib hineinarbeiten lernt. Auch darüber, wie das Blut sich bewegt, kann man Herr werden; man kann Einfluss bekommen auf die Nerv..."
[RELEVANCE-DEBUG] GA054/5 Absatz 69: Score=0.740, Vorkommen=7, Kontext-Absätze=5, HitEnthältQuery=true, KontextEnthältQuery=true, Query="ätherleib"
[RELEVANCE-DEBUG-CONTEXT] Hit-Preview: "Nun müssen wir in bezug auf unsere heutige Frage dieses Wesen, diese Natur des Menschen näher anscha..."
[RELEVANCE-DEBUG-CONTEXT] Kontext-Preview: "Wenn der Mensch in seinen physischen Leib hineinarbeiten kann und damit in Verbindung mit dem Kosmos treten lernt, dann entwickelt er sein Atman. Dies ist das höchste Glied der menschlichen Wesenheit,..."
[RELEVANCE-SCORING] 6451 Treffer: hoch=3497, mittel=1079, niedrig=1875
[RELEVANCE-THRESHOLDS] Schwellwerte relativ zur Gesamthäufigkeit: hoch≥0.586 (3+ Vorkommen), mittel≥0.390 (2+ Vorkommen)
  [Single] "ätherleib"

Extrahierte 1 Suchbegriffe aus "Ätherleib":
ätherleib
POST /api/fulltext-search
Volltext-Suche: Ätherleib [Relevanz-Filter: hoch]
Volltext-Suche: 6451 Absätze gefunden (Vorträge + Bücher)
[RELEVANCE-DEBUG] GA053/2 Absatz 34: Score=0.300, Vorkommen=1, Kontext-Absätze=5, HitEnthältQuery=true, KontextEnthältQuery=true, Query="ätherleib"
[RELEVANCE-DEBUG-CONTEXT] Hit-Preview: "Und dasjenige, was im Tierkörper ebenso hinausragt über das bloße Wachsen und Fortpflanzen, dasjenig..."
[RELEVANCE-DEBUG-CONTEXT] Kontext-Preview: "Die Ausführung dieser Anleitung muss natürlich mit der allergrößten Vorsicht geschehen, denn es sind allerlei Illusionen auf diesem Gebiete möglich. Allein, wer wirklich weiß, mit welcher Vorsicht, mi..."
[RELEVANCE-DEBUG] GA053/2 Absatz 44: Score=0.300, Vorkommen=1, Kontext-Absätze=5, HitEnthältQuery=true, KontextEnthältQuery=true, Query="ätherleib"
[RELEVANCE-DEBUG-CONTEXT] Hit-Preview: "Damit haben wir die drei Glieder des menschlichen physischen Körpers und die drei Glieder der mensch..."
[RELEVANCE-DEBUG-CONTEXT] Kontext-Preview: "Wer durch die Anschauung Kenntnis davon haben will, muss lernen, sie zu sehen. Die Aura ist dreigliedrig. Die drei Glieder stecken ineinander wie drei ovale Nebelgebilde, die die menschliche Gestalt u..."
[RELEVANCE-DEBUG] GA054/5 Absatz 51: Score=0.500, Vorkommen=2, Kontext-Absätze=5, HitEnthältQuery=true, KontextEnthältQuery=true, Query="ätherleib"
[RELEVANCE-DEBUG-CONTEXT] Hit-Preview: "Im Sinne dieser Geisteswissenschaft sprechen wir deshalb von einem zweiten Glied der menschlichen We..."
[RELEVANCE-DEBUG-CONTEXT] Kontext-Preview: "Alle Rederei von der Grenze der menschlichen Erkenntnis ist Unsinn. Man sollte reden und fragen: Kann sich der Mensch nicht zu einer höheren Erkenntnisstufe erheben? Ist das nicht vielleicht wirklich,..."
[RELEVANCE-DEBUG] GA054/5 Absatz 61: Score=0.680, Vorkommen=4, Kontext-Absätze=5, HitEnthältQuery=true, KontextEnthältQuery=true, Query="ätherleib"
[RELEVANCE-DEBUG-CONTEXT] Hit-Preview: "Nun gibt es Dinge, die tiefer in die menschliche Natur hineingehen, wo das Ich weiter hineinarbeitet..."
[RELEVANCE-DEBUG-CONTEXT] Kontext-Preview: "Machen Sie sich den Unterschied zwischen den Menschen von diesem Standpunkte aus klar. Vergleichen Sie einen Wilden mit einem europäischen Durchschnittsmenschen, mit einem edlen Idealisten, etwa Schil..."
[RELEVANCE-DEBUG] GA054/5 Absatz 62: Score=0.720, Vorkommen=6, Kontext-Absätze=5, HitEnthältQuery=true, KontextEnthältQuery=true, Query="ätherleib"
[RELEVANCE-DEBUG-CONTEXT] Hit-Preview: "Ebenso wenn das Ich aufgeht in Betrachtung eines Kunstwerkes und eine Ahnung erhält, dass hinter dem..."
[RELEVANCE-DEBUG-CONTEXT] Kontext-Preview: "Noch mehr hat ihn umgestaltet eine solche Persönlichkeit wie Schiller, noch mehr eine solche Persönlichkeit, die in gar keiner Beziehung zu den Leidenschaften steht wie Franz von Assisi, die ganz und ..."
[RELEVANCE-DEBUG] GA054/5 Absatz 63: Score=0.760, Vorkommen=8, Kontext-Absätze=5, HitEnthältQuery=true, KontextEnthältQuery=true, Query="ätherleib"
[RELEVANCE-DEBUG-CONTEXT] Hit-Preview: "Nun ist auch der Ätherleib der Träger von alledem, was mehr oder weniger bleibend ist in der menschl..."
[RELEVANCE-DEBUG-CONTEXT] Kontext-Preview: "Nun gibt es Dinge, die tiefer in die menschliche Natur hineingehen, wo das Ich weiter hineinarbeitet als bloß in den Astralleib. Solange Sie mit bloßen moralischen oder Rechtsgrundsätzen, mit logische..."
[RELEVANCE-DEBUG] GA054/5 Absatz 64: Score=0.740, Vorkommen=7, Kontext-Absätze=5, HitEnthältQuery=true, KontextEnthältQuery=true, Query="ätherleib"
[RELEVANCE-DEBUG-CONTEXT] Hit-Preview: "Aber nun denken Sie nach, wie wenig sich bei den meisten Menschen das ändert, was man Gewohnheiten, ..."
[RELEVANCE-DEBUG-CONTEXT] Kontext-Preview: "Ebenso wenn das Ich aufgeht in Betrachtung eines Kunstwerkes und eine Ahnung erhält, dass hinter dem sinnlichen Dasein ein Ewiges, Verborgenes verkörpert sein kann, dann wirkt die künstlerische Vorste..."
[RELEVANCE-DEBUG] GA054/5 Absatz 65: Score=0.700, Vorkommen=5, Kontext-Absätze=5, HitEnthältQuery=true, KontextEnthältQuery=true, Query="ätherleib"
[RELEVANCE-DEBUG-CONTEXT] Hit-Preview: "Nun gibt es eine noch höhere Entwickelung, die der Chela durchmacht. Die beruht darauf, dass man ein..."
[RELEVANCE-DEBUG-CONTEXT] Kontext-Preview: "Nun ist auch der Ätherleib der Träger von alledem, was mehr oder weniger bleibend ist in der menschlichen Natur. Man hat sich klarzumachen, was für ein Unterschied ist zwischen Entwickelung des Ätherl..."
[RELEVANCE-DEBUG] GA054/5 Absatz 68: Score=0.700, Vorkommen=5, Kontext-Absätze=5, HitEnthältQuery=true, KontextEnthältQuery=true, Query="ätherleib"
[RELEVANCE-DEBUG-CONTEXT] Hit-Preview: "So haben wir sieben Glieder der menschlichen Wesenheit, ebenso wie der Regenbogen sieben Farben und ..."
[RELEVANCE-DEBUG-CONTEXT] Kontext-Preview: "Das Schwierigste für den Menschen ist, dass er bis in seinen physischen Leib hineinarbeiten lernt. Auch darüber, wie das Blut sich bewegt, kann man Herr werden; man kann Einfluss bekommen auf die Nerv..."
[RELEVANCE-DEBUG] GA054/5 Absatz 69: Score=0.740, Vorkommen=7, Kontext-Absätze=5, HitEnthältQuery=true, KontextEnthältQuery=true, Query="ätherleib"
[RELEVANCE-DEBUG-CONTEXT] Hit-Preview: "Nun müssen wir in bezug auf unsere heutige Frage dieses Wesen, diese Natur des Menschen näher anscha..."
[RELEVANCE-DEBUG-CONTEXT] Kontext-Preview: "Wenn der Mensch in seinen physischen Leib hineinarbeiten kann und damit in Verbindung mit dem Kosmos treten lernt, dann entwickelt er sein Atman. Dies ist das höchste Glied der menschlichen Wesenheit,..."
[RELEVANCE-SCORING] 6451 Treffer: hoch=3497, mittel=1079, niedrig=1875
[RELEVANCE-THRESHOLDS] Schwellwerte relativ zur Gesamthäufigkeit: hoch≥0.586 (3+ Vorkommen), mittel≥0.390 (2+ Vorkommen)
[BACKEND-FILTER] 6451 -> 3497 Ergebnisse nach Filter "hoch"
  [Single] "ätherleib"

Extrahierte 1 Suchbegriffe aus "Ätherleib":
ätherleib
POST /api/fulltext-search
Volltext-Suche: Ätherleib [Relevanz-Filter: mittel]
Volltext-Suche: 6451 Absätze gefunden (Vorträge + Bücher)
[RELEVANCE-DEBUG] GA053/2 Absatz 34: Score=0.300, Vorkommen=1, Kontext-Absätze=5, HitEnthältQuery=true, KontextEnthältQuery=true, Query="ätherleib"
[RELEVANCE-DEBUG-CONTEXT] Hit-Preview: "Und dasjenige, was im Tierkörper ebenso hinausragt über das bloße Wachsen und Fortpflanzen, dasjenig..."
[RELEVANCE-DEBUG-CONTEXT] Kontext-Preview: "Die Ausführung dieser Anleitung muss natürlich mit der allergrößten Vorsicht geschehen, denn es sind allerlei Illusionen auf diesem Gebiete möglich. Allein, wer wirklich weiß, mit welcher Vorsicht, mi..."
[RELEVANCE-DEBUG] GA053/2 Absatz 44: Score=0.300, Vorkommen=1, Kontext-Absätze=5, HitEnthältQuery=true, KontextEnthältQuery=true, Query="ätherleib"
[RELEVANCE-DEBUG-CONTEXT] Hit-Preview: "Damit haben wir die drei Glieder des menschlichen physischen Körpers und die drei Glieder der mensch..."
[RELEVANCE-DEBUG-CONTEXT] Kontext-Preview: "Wer durch die Anschauung Kenntnis davon haben will, muss lernen, sie zu sehen. Die Aura ist dreigliedrig. Die drei Glieder stecken ineinander wie drei ovale Nebelgebilde, die die menschliche Gestalt u..."
[RELEVANCE-DEBUG] GA054/5 Absatz 51: Score=0.500, Vorkommen=2, Kontext-Absätze=5, HitEnthältQuery=true, KontextEnthältQuery=true, Query="ätherleib"
[RELEVANCE-DEBUG-CONTEXT] Hit-Preview: "Im Sinne dieser Geisteswissenschaft sprechen wir deshalb von einem zweiten Glied der menschlichen We..."
[RELEVANCE-DEBUG-CONTEXT] Kontext-Preview: "Alle Rederei von der Grenze der menschlichen Erkenntnis ist Unsinn. Man sollte reden und fragen: Kann sich der Mensch nicht zu einer höheren Erkenntnisstufe erheben? Ist das nicht vielleicht wirklich,..."
[RELEVANCE-DEBUG] GA054/5 Absatz 61: Score=0.680, Vorkommen=4, Kontext-Absätze=5, HitEnthältQuery=true, KontextEnthältQuery=true, Query="ätherleib"
[RELEVANCE-DEBUG-CONTEXT] Hit-Preview: "Nun gibt es Dinge, die tiefer in die menschliche Natur hineingehen, wo das Ich weiter hineinarbeitet..."
[RELEVANCE-DEBUG-CONTEXT] Kontext-Preview: "Machen Sie sich den Unterschied zwischen den Menschen von diesem Standpunkte aus klar. Vergleichen Sie einen Wilden mit einem europäischen Durchschnittsmenschen, mit einem edlen Idealisten, etwa Schil..."
[RELEVANCE-DEBUG] GA054/5 Absatz 62: Score=0.720, Vorkommen=6, Kontext-Absätze=5, HitEnthältQuery=true, KontextEnthältQuery=true, Query="ätherleib"
[RELEVANCE-DEBUG-CONTEXT] Hit-Preview: "Ebenso wenn das Ich aufgeht in Betrachtung eines Kunstwerkes und eine Ahnung erhält, dass hinter dem..."
[RELEVANCE-DEBUG-CONTEXT] Kontext-Preview: "Noch mehr hat ihn umgestaltet eine solche Persönlichkeit wie Schiller, noch mehr eine solche Persönlichkeit, die in gar keiner Beziehung zu den Leidenschaften steht wie Franz von Assisi, die ganz und ..."
[RELEVANCE-DEBUG] GA054/5 Absatz 63: Score=0.760, Vorkommen=8, Kontext-Absätze=5, HitEnthältQuery=true, KontextEnthältQuery=true, Query="ätherleib"
[RELEVANCE-DEBUG-CONTEXT] Hit-Preview: "Nun ist auch der Ätherleib der Träger von alledem, was mehr oder weniger bleibend ist in der menschl..."
[RELEVANCE-DEBUG-CONTEXT] Kontext-Preview: "Nun gibt es Dinge, die tiefer in die menschliche Natur hineingehen, wo das Ich weiter hineinarbeitet als bloß in den Astralleib. Solange Sie mit bloßen moralischen oder Rechtsgrundsätzen, mit logische..."
[RELEVANCE-DEBUG] GA054/5 Absatz 64: Score=0.740, Vorkommen=7, Kontext-Absätze=5, HitEnthältQuery=true, KontextEnthältQuery=true, Query="ätherleib"
[RELEVANCE-DEBUG-CONTEXT] Hit-Preview: "Aber nun denken Sie nach, wie wenig sich bei den meisten Menschen das ändert, was man Gewohnheiten, ..."
[RELEVANCE-DEBUG-CONTEXT] Kontext-Preview: "Ebenso wenn das Ich aufgeht in Betrachtung eines Kunstwerkes und eine Ahnung erhält, dass hinter dem sinnlichen Dasein ein Ewiges, Verborgenes verkörpert sein kann, dann wirkt die künstlerische Vorste..."
[RELEVANCE-DEBUG] GA054/5 Absatz 65: Score=0.700, Vorkommen=5, Kontext-Absätze=5, HitEnthältQuery=true, KontextEnthältQuery=true, Query="ätherleib"
[RELEVANCE-DEBUG-CONTEXT] Hit-Preview: "Nun gibt es eine noch höhere Entwickelung, die der Chela durchmacht. Die beruht darauf, dass man ein..."
[RELEVANCE-DEBUG-CONTEXT] Kontext-Preview: "Nun ist auch der Ätherleib der Träger von alledem, was mehr oder weniger bleibend ist in der menschlichen Natur. Man hat sich klarzumachen, was für ein Unterschied ist zwischen Entwickelung des Ätherl..."
[RELEVANCE-DEBUG] GA054/5 Absatz 68: Score=0.700, Vorkommen=5, Kontext-Absätze=5, HitEnthältQuery=true, KontextEnthältQuery=true, Query="ätherleib"
[RELEVANCE-DEBUG-CONTEXT] Hit-Preview: "So haben wir sieben Glieder der menschlichen Wesenheit, ebenso wie der Regenbogen sieben Farben und ..."
[RELEVANCE-DEBUG-CONTEXT] Kontext-Preview: "Das Schwierigste für den Menschen ist, dass er bis in seinen physischen Leib hineinarbeiten lernt. Auch darüber, wie das Blut sich bewegt, kann man Herr werden; man kann Einfluss bekommen auf die Nerv..."
[RELEVANCE-DEBUG] GA054/5 Absatz 69: Score=0.740, Vorkommen=7, Kontext-Absätze=5, HitEnthältQuery=true, KontextEnthältQuery=true, Query="ätherleib"
[RELEVANCE-DEBUG-CONTEXT] Hit-Preview: "Nun müssen wir in bezug auf unsere heutige Frage dieses Wesen, diese Natur des Menschen näher anscha..."
[RELEVANCE-DEBUG-CONTEXT] Kontext-Preview: "Wenn der Mensch in seinen physischen Leib hineinarbeiten kann und damit in Verbindung mit dem Kosmos treten lernt, dann entwickelt er sein Atman. Dies ist das höchste Glied der menschlichen Wesenheit,..."
[RELEVANCE-SCORING] 6451 Treffer: hoch=3497, mittel=1079, niedrig=1875
[RELEVANCE-THRESHOLDS] Schwellwerte relativ zur Gesamthäufigkeit: hoch≥0.586 (3+ Vorkommen), mittel≥0.390 (2+ Vorkommen)
[BACKEND-FILTER] 6451 -> 1079 Ergebnisse nach Filter "mittel"
  [Single] "ätherleib"

Extrahierte 1 Suchbegriffe aus "Ätherleib":
ätherleib
POST /api/fulltext-search
Volltext-Suche: Ätherleib [Relevanz-Filter: niedrig]
Volltext-Suche: 6451 Absätze gefunden (Vorträge + Bücher)
[RELEVANCE-DEBUG] GA053/2 Absatz 34: Score=0.300, Vorkommen=1, Kontext-Absätze=5, HitEnthältQuery=true, KontextEnthältQuery=true, Query="ätherleib"
[RELEVANCE-DEBUG-CONTEXT] Hit-Preview: "Und dasjenige, was im Tierkörper ebenso hinausragt über das bloße Wachsen und Fortpflanzen, dasjenig..."
[RELEVANCE-DEBUG-CONTEXT] Kontext-Preview: "Die Ausführung dieser Anleitung muss natürlich mit der allergrößten Vorsicht geschehen, denn es sind allerlei Illusionen auf diesem Gebiete möglich. Allein, wer wirklich weiß, mit welcher Vorsicht, mi..."
[RELEVANCE-DEBUG] GA053/2 Absatz 44: Score=0.300, Vorkommen=1, Kontext-Absätze=5, HitEnthältQuery=true, KontextEnthältQuery=true, Query="ätherleib"
[RELEVANCE-DEBUG-CONTEXT] Hit-Preview: "Damit haben wir die drei Glieder des menschlichen physischen Körpers und die drei Glieder der mensch..."
[RELEVANCE-DEBUG-CONTEXT] Kontext-Preview: "Wer durch die Anschauung Kenntnis davon haben will, muss lernen, sie zu sehen. Die Aura ist dreigliedrig. Die drei Glieder stecken ineinander wie drei ovale Nebelgebilde, die die menschliche Gestalt u..."
[RELEVANCE-DEBUG] GA054/5 Absatz 51: Score=0.500, Vorkommen=2, Kontext-Absätze=5, HitEnthältQuery=true, KontextEnthältQuery=true, Query="ätherleib"
[RELEVANCE-DEBUG-CONTEXT] Hit-Preview: "Im Sinne dieser Geisteswissenschaft sprechen wir deshalb von einem zweiten Glied der menschlichen We..."
[RELEVANCE-DEBUG-CONTEXT] Kontext-Preview: "Alle Rederei von der Grenze der menschlichen Erkenntnis ist Unsinn. Man sollte reden und fragen: Kann sich der Mensch nicht zu einer höheren Erkenntnisstufe erheben? Ist das nicht vielleicht wirklich,..."
[RELEVANCE-DEBUG] GA054/5 Absatz 61: Score=0.680, Vorkommen=4, Kontext-Absätze=5, HitEnthältQuery=true, KontextEnthältQuery=true, Query="ätherleib"
[RELEVANCE-DEBUG-CONTEXT] Hit-Preview: "Nun gibt es Dinge, die tiefer in die menschliche Natur hineingehen, wo das Ich weiter hineinarbeitet..."
[RELEVANCE-DEBUG-CONTEXT] Kontext-Preview: "Machen Sie sich den Unterschied zwischen den Menschen von diesem Standpunkte aus klar. Vergleichen Sie einen Wilden mit einem europäischen Durchschnittsmenschen, mit einem edlen Idealisten, etwa Schil..."
[RELEVANCE-DEBUG] GA054/5 Absatz 62: Score=0.720, Vorkommen=6, Kontext-Absätze=5, HitEnthältQuery=true, KontextEnthältQuery=true, Query="ätherleib"
[RELEVANCE-DEBUG-CONTEXT] Hit-Preview: "Ebenso wenn das Ich aufgeht in Betrachtung eines Kunstwerkes und eine Ahnung erhält, dass hinter dem..."
[RELEVANCE-DEBUG-CONTEXT] Kontext-Preview: "Noch mehr hat ihn umgestaltet eine solche Persönlichkeit wie Schiller, noch mehr eine solche Persönlichkeit, die in gar keiner Beziehung zu den Leidenschaften steht wie Franz von Assisi, die ganz und ..."
[RELEVANCE-DEBUG] GA054/5 Absatz 63: Score=0.760, Vorkommen=8, Kontext-Absätze=5, HitEnthältQuery=true, KontextEnthältQuery=true, Query="ätherleib"
[RELEVANCE-DEBUG-CONTEXT] Hit-Preview: "Nun ist auch der Ätherleib der Träger von alledem, was mehr oder weniger bleibend ist in der menschl..."
[RELEVANCE-DEBUG-CONTEXT] Kontext-Preview: "Nun gibt es Dinge, die tiefer in die menschliche Natur hineingehen, wo das Ich weiter hineinarbeitet als bloß in den Astralleib. Solange Sie mit bloßen moralischen oder Rechtsgrundsätzen, mit logische..."
[RELEVANCE-DEBUG] GA054/5 Absatz 64: Score=0.740, Vorkommen=7, Kontext-Absätze=5, HitEnthältQuery=true, KontextEnthältQuery=true, Query="ätherleib"
[RELEVANCE-DEBUG-CONTEXT] Hit-Preview: "Aber nun denken Sie nach, wie wenig sich bei den meisten Menschen das ändert, was man Gewohnheiten, ..."
[RELEVANCE-DEBUG-CONTEXT] Kontext-Preview: "Ebenso wenn das Ich aufgeht in Betrachtung eines Kunstwerkes und eine Ahnung erhält, dass hinter dem sinnlichen Dasein ein Ewiges, Verborgenes verkörpert sein kann, dann wirkt die künstlerische Vorste..."
[RELEVANCE-DEBUG] GA054/5 Absatz 65: Score=0.700, Vorkommen=5, Kontext-Absätze=5, HitEnthältQuery=true, KontextEnthältQuery=true, Query="ätherleib"
[RELEVANCE-DEBUG-CONTEXT] Hit-Preview: "Nun gibt es eine noch höhere Entwickelung, die der Chela durchmacht. Die beruht darauf, dass man ein..."
[RELEVANCE-DEBUG-CONTEXT] Kontext-Preview: "Nun ist auch der Ätherleib der Träger von alledem, was mehr oder weniger bleibend ist in der menschlichen Natur. Man hat sich klarzumachen, was für ein Unterschied ist zwischen Entwickelung des Ätherl..."
[RELEVANCE-DEBUG] GA054/5 Absatz 68: Score=0.700, Vorkommen=5, Kontext-Absätze=5, HitEnthältQuery=true, KontextEnthältQuery=true, Query="ätherleib"
[RELEVANCE-DEBUG-CONTEXT] Hit-Preview: "So haben wir sieben Glieder der menschlichen Wesenheit, ebenso wie der Regenbogen sieben Farben und ..."
[RELEVANCE-DEBUG-CONTEXT] Kontext-Preview: "Das Schwierigste für den Menschen ist, dass er bis in seinen physischen Leib hineinarbeiten lernt. Auch darüber, wie das Blut sich bewegt, kann man Herr werden; man kann Einfluss bekommen auf die Nerv..."
[RELEVANCE-DEBUG] GA054/5 Absatz 69: Score=0.740, Vorkommen=7, Kontext-Absätze=5, HitEnthältQuery=true, KontextEnthältQuery=true, Query="ätherleib"
[RELEVANCE-DEBUG-CONTEXT] Hit-Preview: "Nun müssen wir in bezug auf unsere heutige Frage dieses Wesen, diese Natur des Menschen näher anscha..."
[RELEVANCE-DEBUG-CONTEXT] Kontext-Preview: "Wenn der Mensch in seinen physischen Leib hineinarbeiten kann und damit in Verbindung mit dem Kosmos treten lernt, dann entwickelt er sein Atman. Dies ist das höchste Glied der menschlichen Wesenheit,..."
[RELEVANCE-SCORING] 6451 Treffer: hoch=3497, mittel=1079, niedrig=1875
[RELEVANCE-THRESHOLDS] Schwellwerte relativ zur Gesamthäufigkeit: hoch≥0.586 (3+ Vorkommen), mittel≥0.390 (2+ Vorkommen)
[BACKEND-FILTER] 6451 -> 1875 Ergebnisse nach Filter "niedrig"
  [Single] "ätherleib"

Extrahierte 1 Suchbegriffe aus "Ätherleib":
ätherleib
GET /api/quotes

✓ Server läuft auf http://localhost:3003

Verfügbare Endpoints:
   GET  /debug/status
   POST /api/hybrid-search
   POST /api/fulltext-search
   POST /api/thematic-hybrid-search
   POST /api/concept-overview
   POST /api/summarize-lecture
   GET  /api/check-summary/:gaNumber/:lectureNum
   GET  /api/full-lecture/:lectureId
   GET  /api/full-lecture/:gaNumber/:lectureNum
   GET  /api/lectures/list
   GET  /api/available-ga
   GET  /api/ga-overview/:gaNumber
   GET  /api/book/:gaNumber
   GET  /ga-overview-map.json
   POST /api/admin/generate-synonyms
   GET  /api/admin/synonym-stats
   POST /api/save-summary
   POST /api/keywords-generate
   POST /api/keyword-thematic-search
   POST /api/concepts-save
   POST /api/concepts-add
   POST /api/concepts-delete
   GET  /api/concepts-files
   GET  /api/concepts-list
   POST /api/save-marked-word
   GET  /summary-database.json
   POST /api/generate-summary-keywords-batch
   POST /api/generate-summary-keywords-for-lectures
   GET  /summary-keywords-database.json
   GET  /thematic-search-database.json
   POST /api/generate-keywords
   GET  /api/keywords-database
   GET  /api/keywords-stats
   POST /api/generate-themes
   GET  /api/themes-database
   GET  /api/timeline-data

✓ System bereit!

GET /api/keywords/available-ga-volumes
[API/AVAILABLE-GA-VOLUMES] Request erhalten
[API/AVAILABLE-GA-VOLUMES] fullLectures: 4487 Vorträge
[API/AVAILABLE-GA-VOLUMES] fullBooks: 40 Bücher
[API/AVAILABLE-GA-VOLUMES] Sende 355 Volumes
GET /debug/status
GET /api/steiner-images
[DEBUG] Gefundene Books-Dateien: steiner-books-001-020-part01.json, steiner-books-021-046-part02.json

Gefundene Dateien:
  Search-Dateien: []
  Lecture-Dateien: ["steiner-full-lectures-051-354-part01.json","steiner-full-lectures-051-354-part02.json","steiner-full-lectures-051-354-part03.json","steiner-full-lectures-051-354-part04.json","steiner-full-lectures-051-354-part05.json","steiner-full-lectures-051-354-part06.json","steiner-full-lectures-051-354-part07.json","steiner-full-lectures-051-354-part08.json","steiner-full-lectures-051-354-part09.json","steiner-full-lectures-051-354-part10.json","steiner-full-lectures-051-354-part11.json","steiner-full-lectures-051-354-part12.json","steiner-full-lectures-051-354-part13.json","steiner-full-lectures-051-354-part14.json","steiner-full-lectures-051-354-part15.json","steiner-full-lectures-051-354-part16.json","steiner-full-lectures-051-354-part17.json"]
  Books-Dateien: ["steiner-books-001-020-part01.json","steiner-books-021-046-part02.json"]
GET /api/ga-list
[API/GA-LIST] Request erhalten
[API/GA-LIST] fullLectures: 4487 Vorträge
[API/GA-LIST] fullBooks: 40 Bücher
[API/GA-LIST] Sende 355 GA-Bände
GET /api/list-files
GET /api/keywords/available-ga-volumes
[API/AVAILABLE-GA-VOLUMES] Request erhalten
[API/AVAILABLE-GA-VOLUMES] fullLectures: 4487 Vorträge
[API/AVAILABLE-GA-VOLUMES] fullBooks: 40 Bücher
[API/AVAILABLE-GA-VOLUMES] Sende 355 Volumes
GET /api/ga-list
[API/GA-LIST] Request erhalten
[API/GA-LIST] fullLectures: 4487 Vorträge
[API/GA-LIST] fullBooks: 40 Bücher
[API/GA-LIST] Sende 355 GA-Bände
GET /api/available-years
[INFO] Verfügbare Jahre: 26 Jahre von 1888 bis 1924
GET /api/keywords/available-ga-volumes
[API/AVAILABLE-GA-VOLUMES] Request erhalten
[API/AVAILABLE-GA-VOLUMES] fullLectures: 4487 Vorträge
[API/AVAILABLE-GA-VOLUMES] fullBooks: 40 Bücher
[API/AVAILABLE-GA-VOLUMES] Sende 355 Volumes
GET /api/available-years
[INFO] Verfügbare Jahre: 26 Jahre von 1888 bis 1924
[SUMMARY-DB] Geladen: 4490 Einträge aus summary-database.json
[IMAGES-API] Sende Liste von 1057 Vorträgen (ohne Bilder)
POST /api/fulltext-search
Volltext-Suche: Ätherleib [Relevanz-Filter: ohne]
Volltext-Suche: 6451 Absätze gefunden (Vorträge + Bücher)
[RELEVANCE-DEBUG] GA053/2 Absatz 34: Score=0.300, Vorkommen=1, Kontext-Absätze=5, HitEnthältQuery=true, KontextEnthältQuery=true, Query="ätherleib"
[RELEVANCE-DEBUG-CONTEXT] Hit-Preview: "Und dasjenige, was im Tierkörper ebenso hinausragt über das bloße Wachsen und Fortpflanzen, dasjenig..."
[RELEVANCE-DEBUG-CONTEXT] Kontext-Preview: "Die Ausführung dieser Anleitung muss natürlich mit der allergrößten Vorsicht geschehen, denn es sind allerlei Illusionen auf diesem Gebiete möglich. Allein, wer wirklich weiß, mit welcher Vorsicht, mi..."
[RELEVANCE-DEBUG] GA053/2 Absatz 44: Score=0.300, Vorkommen=1, Kontext-Absätze=5, HitEnthältQuery=true, KontextEnthältQuery=true, Query="ätherleib"
[RELEVANCE-DEBUG-CONTEXT] Hit-Preview: "Damit haben wir die drei Glieder des menschlichen physischen Körpers und die drei Glieder der mensch..."
[RELEVANCE-DEBUG-CONTEXT] Kontext-Preview: "Wer durch die Anschauung Kenntnis davon haben will, muss lernen, sie zu sehen. Die Aura ist dreigliedrig. Die drei Glieder stecken ineinander wie drei ovale Nebelgebilde, die die menschliche Gestalt u..."
[RELEVANCE-DEBUG] GA054/5 Absatz 51: Score=0.500, Vorkommen=2, Kontext-Absätze=5, HitEnthältQuery=true, KontextEnthältQuery=true, Query="ätherleib"
[RELEVANCE-DEBUG-CONTEXT] Hit-Preview: "Im Sinne dieser Geisteswissenschaft sprechen wir deshalb von einem zweiten Glied der menschlichen We..."
[RELEVANCE-DEBUG-CONTEXT] Kontext-Preview: "Alle Rederei von der Grenze der menschlichen Erkenntnis ist Unsinn. Man sollte reden und fragen: Kann sich der Mensch nicht zu einer höheren Erkenntnisstufe erheben? Ist das nicht vielleicht wirklich,..."
[RELEVANCE-DEBUG] GA054/5 Absatz 61: Score=0.680, Vorkommen=4, Kontext-Absätze=5, HitEnthältQuery=true, KontextEnthältQuery=true, Query="ätherleib"
[RELEVANCE-DEBUG-CONTEXT] Hit-Preview: "Nun gibt es Dinge, die tiefer in die menschliche Natur hineingehen, wo das Ich weiter hineinarbeitet..."
[RELEVANCE-DEBUG-CONTEXT] Kontext-Preview: "Machen Sie sich den Unterschied zwischen den Menschen von diesem Standpunkte aus klar. Vergleichen Sie einen Wilden mit einem europäischen Durchschnittsmenschen, mit einem edlen Idealisten, etwa Schil..."
[RELEVANCE-DEBUG] GA054/5 Absatz 62: Score=0.720, Vorkommen=6, Kontext-Absätze=5, HitEnthältQuery=true, KontextEnthältQuery=true, Query="ätherleib"
[RELEVANCE-DEBUG-CONTEXT] Hit-Preview: "Ebenso wenn das Ich aufgeht in Betrachtung eines Kunstwerkes und eine Ahnung erhält, dass hinter dem..."
[RELEVANCE-DEBUG-CONTEXT] Kontext-Preview: "Noch mehr hat ihn umgestaltet eine solche Persönlichkeit wie Schiller, noch mehr eine solche Persönlichkeit, die in gar keiner Beziehung zu den Leidenschaften steht wie Franz von Assisi, die ganz und ..."
[RELEVANCE-DEBUG] GA054/5 Absatz 63: Score=0.760, Vorkommen=8, Kontext-Absätze=5, HitEnthältQuery=true, KontextEnthältQuery=true, Query="ätherleib"
[RELEVANCE-DEBUG-CONTEXT] Hit-Preview: "Nun ist auch der Ätherleib der Träger von alledem, was mehr oder weniger bleibend ist in der menschl..."
[RELEVANCE-DEBUG-CONTEXT] Kontext-Preview: "Nun gibt es Dinge, die tiefer in die menschliche Natur hineingehen, wo das Ich weiter hineinarbeitet als bloß in den Astralleib. Solange Sie mit bloßen moralischen oder Rechtsgrundsätzen, mit logische..."
[RELEVANCE-DEBUG] GA054/5 Absatz 64: Score=0.740, Vorkommen=7, Kontext-Absätze=5, HitEnthältQuery=true, KontextEnthältQuery=true, Query="ätherleib"
[RELEVANCE-DEBUG-CONTEXT] Hit-Preview: "Aber nun denken Sie nach, wie wenig sich bei den meisten Menschen das ändert, was man Gewohnheiten, ..."
[RELEVANCE-DEBUG-CONTEXT] Kontext-Preview: "Ebenso wenn das Ich aufgeht in Betrachtung eines Kunstwerkes und eine Ahnung erhält, dass hinter dem sinnlichen Dasein ein Ewiges, Verborgenes verkörpert sein kann, dann wirkt die künstlerische Vorste..."
[RELEVANCE-DEBUG] GA054/5 Absatz 65: Score=0.700, Vorkommen=5, Kontext-Absätze=5, HitEnthältQuery=true, KontextEnthältQuery=true, Query="ätherleib"
[RELEVANCE-DEBUG-CONTEXT] Hit-Preview: "Nun gibt es eine noch höhere Entwickelung, die der Chela durchmacht. Die beruht darauf, dass man ein..."
[RELEVANCE-DEBUG-CONTEXT] Kontext-Preview: "Nun ist auch der Ätherleib der Träger von alledem, was mehr oder weniger bleibend ist in der menschlichen Natur. Man hat sich klarzumachen, was für ein Unterschied ist zwischen Entwickelung des Ätherl..."
[RELEVANCE-DEBUG] GA054/5 Absatz 68: Score=0.700, Vorkommen=5, Kontext-Absätze=5, HitEnthältQuery=true, KontextEnthältQuery=true, Query="ätherleib"
[RELEVANCE-DEBUG-CONTEXT] Hit-Preview: "So haben wir sieben Glieder der menschlichen Wesenheit, ebenso wie der Regenbogen sieben Farben und ..."
[RELEVANCE-DEBUG-CONTEXT] Kontext-Preview: "Das Schwierigste für den Menschen ist, dass er bis in seinen physischen Leib hineinarbeiten lernt. Auch darüber, wie das Blut sich bewegt, kann man Herr werden; man kann Einfluss bekommen auf die Nerv..."
[RELEVANCE-DEBUG] GA054/5 Absatz 69: Score=0.740, Vorkommen=7, Kontext-Absätze=5, HitEnthältQuery=true, KontextEnthältQuery=true, Query="ätherleib"
[RELEVANCE-DEBUG-CONTEXT] Hit-Preview: "Nun müssen wir in bezug auf unsere heutige Frage dieses Wesen, diese Natur des Menschen näher anscha..."
[RELEVANCE-DEBUG-CONTEXT] Kontext-Preview: "Wenn der Mensch in seinen physischen Leib hineinarbeiten kann und damit in Verbindung mit dem Kosmos treten lernt, dann entwickelt er sein Atman. Dies ist das höchste Glied der menschlichen Wesenheit,..."
[RELEVANCE-SCORING] 6451 Treffer: hoch=3497, mittel=1079, niedrig=1875
[RELEVANCE-THRESHOLDS] Schwellwerte relativ zur Gesamthäufigkeit: hoch≥0.586 (3+ Vorkommen), mittel≥0.390 (2+ Vorkommen)
  [Single] "ätherleib"

Extrahierte 1 Suchbegriffe aus "Ätherleib":
ätherleib
POST /api/fulltext-search
Volltext-Suche: Ätherleib [Relevanz-Filter: alle]
Volltext-Suche: 6451 Absätze gefunden (Vorträge + Bücher)
[RELEVANCE-DEBUG] GA053/2 Absatz 34: Score=0.300, Vorkommen=1, Kontext-Absätze=5, HitEnthältQuery=true, KontextEnthältQuery=true, Query="ätherleib"
[RELEVANCE-DEBUG-CONTEXT] Hit-Preview: "Und dasjenige, was im Tierkörper ebenso hinausragt über das bloße Wachsen und Fortpflanzen, dasjenig..."
[RELEVANCE-DEBUG-CONTEXT] Kontext-Preview: "Die Ausführung dieser Anleitung muss natürlich mit der allergrößten Vorsicht geschehen, denn es sind allerlei Illusionen auf diesem Gebiete möglich. Allein, wer wirklich weiß, mit welcher Vorsicht, mi..."
[RELEVANCE-DEBUG] GA053/2 Absatz 44: Score=0.300, Vorkommen=1, Kontext-Absätze=5, HitEnthältQuery=true, KontextEnthältQuery=true, Query="ätherleib"
[RELEVANCE-DEBUG-CONTEXT] Hit-Preview: "Damit haben wir die drei Glieder des menschlichen physischen Körpers und die drei Glieder der mensch..."
[RELEVANCE-DEBUG-CONTEXT] Kontext-Preview: "Wer durch die Anschauung Kenntnis davon haben will, muss lernen, sie zu sehen. Die Aura ist dreigliedrig. Die drei Glieder stecken ineinander wie drei ovale Nebelgebilde, die die menschliche Gestalt u..."
[RELEVANCE-DEBUG] GA054/5 Absatz 51: Score=0.500, Vorkommen=2, Kontext-Absätze=5, HitEnthältQuery=true, KontextEnthältQuery=true, Query="ätherleib"
[RELEVANCE-DEBUG-CONTEXT] Hit-Preview: "Im Sinne dieser Geisteswissenschaft sprechen wir deshalb von einem zweiten Glied der menschlichen We..."
[RELEVANCE-DEBUG-CONTEXT] Kontext-Preview: "Alle Rederei von der Grenze der menschlichen Erkenntnis ist Unsinn. Man sollte reden und fragen: Kann sich der Mensch nicht zu einer höheren Erkenntnisstufe erheben? Ist das nicht vielleicht wirklich,..."
[RELEVANCE-DEBUG] GA054/5 Absatz 61: Score=0.680, Vorkommen=4, Kontext-Absätze=5, HitEnthältQuery=true, KontextEnthältQuery=true, Query="ätherleib"
[RELEVANCE-DEBUG-CONTEXT] Hit-Preview: "Nun gibt es Dinge, die tiefer in die menschliche Natur hineingehen, wo das Ich weiter hineinarbeitet..."
[RELEVANCE-DEBUG-CONTEXT] Kontext-Preview: "Machen Sie sich den Unterschied zwischen den Menschen von diesem Standpunkte aus klar. Vergleichen Sie einen Wilden mit einem europäischen Durchschnittsmenschen, mit einem edlen Idealisten, etwa Schil..."
[RELEVANCE-DEBUG] GA054/5 Absatz 62: Score=0.720, Vorkommen=6, Kontext-Absätze=5, HitEnthältQuery=true, KontextEnthältQuery=true, Query="ätherleib"
[RELEVANCE-DEBUG-CONTEXT] Hit-Preview: "Ebenso wenn das Ich aufgeht in Betrachtung eines Kunstwerkes und eine Ahnung erhält, dass hinter dem..."
[RELEVANCE-DEBUG-CONTEXT] Kontext-Preview: "Noch mehr hat ihn umgestaltet eine solche Persönlichkeit wie Schiller, noch mehr eine solche Persönlichkeit, die in gar keiner Beziehung zu den Leidenschaften steht wie Franz von Assisi, die ganz und ..."
[RELEVANCE-DEBUG] GA054/5 Absatz 63: Score=0.760, Vorkommen=8, Kontext-Absätze=5, HitEnthältQuery=true, KontextEnthältQuery=true, Query="ätherleib"
[RELEVANCE-DEBUG-CONTEXT] Hit-Preview: "Nun ist auch der Ätherleib der Träger von alledem, was mehr oder weniger bleibend ist in der menschl..."
[RELEVANCE-DEBUG-CONTEXT] Kontext-Preview: "Nun gibt es Dinge, die tiefer in die menschliche Natur hineingehen, wo das Ich weiter hineinarbeitet als bloß in den Astralleib. Solange Sie mit bloßen moralischen oder Rechtsgrundsätzen, mit logische..."
[RELEVANCE-DEBUG] GA054/5 Absatz 64: Score=0.740, Vorkommen=7, Kontext-Absätze=5, HitEnthältQuery=true, KontextEnthältQuery=true, Query="ätherleib"
[RELEVANCE-DEBUG-CONTEXT] Hit-Preview: "Aber nun denken Sie nach, wie wenig sich bei den meisten Menschen das ändert, was man Gewohnheiten, ..."
[RELEVANCE-DEBUG-CONTEXT] Kontext-Preview: "Ebenso wenn das Ich aufgeht in Betrachtung eines Kunstwerkes und eine Ahnung erhält, dass hinter dem sinnlichen Dasein ein Ewiges, Verborgenes verkörpert sein kann, dann wirkt die künstlerische Vorste..."
[RELEVANCE-DEBUG] GA054/5 Absatz 65: Score=0.700, Vorkommen=5, Kontext-Absätze=5, HitEnthältQuery=true, KontextEnthältQuery=true, Query="ätherleib"
[RELEVANCE-DEBUG-CONTEXT] Hit-Preview: "Nun gibt es eine noch höhere Entwickelung, die der Chela durchmacht. Die beruht darauf, dass man ein..."
[RELEVANCE-DEBUG-CONTEXT] Kontext-Preview: "Nun ist auch der Ätherleib der Träger von alledem, was mehr oder weniger bleibend ist in der menschlichen Natur. Man hat sich klarzumachen, was für ein Unterschied ist zwischen Entwickelung des Ätherl..."
[RELEVANCE-DEBUG] GA054/5 Absatz 68: Score=0.700, Vorkommen=5, Kontext-Absätze=5, HitEnthältQuery=true, KontextEnthältQuery=true, Query="ätherleib"
[RELEVANCE-DEBUG-CONTEXT] Hit-Preview: "So haben wir sieben Glieder der menschlichen Wesenheit, ebenso wie der Regenbogen sieben Farben und ..."
[RELEVANCE-DEBUG-CONTEXT] Kontext-Preview: "Das Schwierigste für den Menschen ist, dass er bis in seinen physischen Leib hineinarbeiten lernt. Auch darüber, wie das Blut sich bewegt, kann man Herr werden; man kann Einfluss bekommen auf die Nerv..."
[RELEVANCE-DEBUG] GA054/5 Absatz 69: Score=0.740, Vorkommen=7, Kontext-Absätze=5, HitEnthältQuery=true, KontextEnthältQuery=true, Query="ätherleib"
[RELEVANCE-DEBUG-CONTEXT] Hit-Preview: "Nun müssen wir in bezug auf unsere heutige Frage dieses Wesen, diese Natur des Menschen näher anscha..."
[RELEVANCE-DEBUG-CONTEXT] Kontext-Preview: "Wenn der Mensch in seinen physischen Leib hineinarbeiten kann und damit in Verbindung mit dem Kosmos treten lernt, dann entwickelt er sein Atman. Dies ist das höchste Glied der menschlichen Wesenheit,..."
[RELEVANCE-SCORING] 6451 Treffer: hoch=3497, mittel=1079, niedrig=1875
[RELEVANCE-THRESHOLDS] Schwellwerte relativ zur Gesamthäufigkeit: hoch≥0.586 (3+ Vorkommen), mittel≥0.390 (2+ Vorkommen)
  [Single] "ätherleib"

Extrahierte 1 Suchbegriffe aus "Ätherleib":
ätherleib
POST /api/fulltext-search
Volltext-Suche: Ätherleib [Relevanz-Filter: ohne]
Volltext-Suche: 6451 Absätze gefunden (Vorträge + Bücher)
[RELEVANCE-DEBUG] GA053/2 Absatz 34: Score=0.300, Vorkommen=1, Kontext-Absätze=5, HitEnthältQuery=true, KontextEnthältQuery=true, Query="ätherleib"
[RELEVANCE-DEBUG-CONTEXT] Hit-Preview: "Und dasjenige, was im Tierkörper ebenso hinausragt über das bloße Wachsen und Fortpflanzen, dasjenig..."
[RELEVANCE-DEBUG-CONTEXT] Kontext-Preview: "Die Ausführung dieser Anleitung muss natürlich mit der allergrößten Vorsicht geschehen, denn es sind allerlei Illusionen auf diesem Gebiete möglich. Allein, wer wirklich weiß, mit welcher Vorsicht, mi..."
[RELEVANCE-DEBUG] GA053/2 Absatz 44: Score=0.300, Vorkommen=1, Kontext-Absätze=5, HitEnthältQuery=true, KontextEnthältQuery=true, Query="ätherleib"
[RELEVANCE-DEBUG-CONTEXT] Hit-Preview: "Damit haben wir die drei Glieder des menschlichen physischen Körpers und die drei Glieder der mensch..."
[RELEVANCE-DEBUG-CONTEXT] Kontext-Preview: "Wer durch die Anschauung Kenntnis davon haben will, muss lernen, sie zu sehen. Die Aura ist dreigliedrig. Die drei Glieder stecken ineinander wie drei ovale Nebelgebilde, die die menschliche Gestalt u..."
[RELEVANCE-DEBUG] GA054/5 Absatz 51: Score=0.500, Vorkommen=2, Kontext-Absätze=5, HitEnthältQuery=true, KontextEnthältQuery=true, Query="ätherleib"
[RELEVANCE-DEBUG-CONTEXT] Hit-Preview: "Im Sinne dieser Geisteswissenschaft sprechen wir deshalb von einem zweiten Glied der menschlichen We..."
[RELEVANCE-DEBUG-CONTEXT] Kontext-Preview: "Alle Rederei von der Grenze der menschlichen Erkenntnis ist Unsinn. Man sollte reden und fragen: Kann sich der Mensch nicht zu einer höheren Erkenntnisstufe erheben? Ist das nicht vielleicht wirklich,..."
[RELEVANCE-DEBUG] GA054/5 Absatz 61: Score=0.680, Vorkommen=4, Kontext-Absätze=5, HitEnthältQuery=true, KontextEnthältQuery=true, Query="ätherleib"
[RELEVANCE-DEBUG-CONTEXT] Hit-Preview: "Nun gibt es Dinge, die tiefer in die menschliche Natur hineingehen, wo das Ich weiter hineinarbeitet..."
[RELEVANCE-DEBUG-CONTEXT] Kontext-Preview: "Machen Sie sich den Unterschied zwischen den Menschen von diesem Standpunkte aus klar. Vergleichen Sie einen Wilden mit einem europäischen Durchschnittsmenschen, mit einem edlen Idealisten, etwa Schil..."
[RELEVANCE-DEBUG] GA054/5 Absatz 62: Score=0.720, Vorkommen=6, Kontext-Absätze=5, HitEnthältQuery=true, KontextEnthältQuery=true, Query="ätherleib"
[RELEVANCE-DEBUG-CONTEXT] Hit-Preview: "Ebenso wenn das Ich aufgeht in Betrachtung eines Kunstwerkes und eine Ahnung erhält, dass hinter dem..."
[RELEVANCE-DEBUG-CONTEXT] Kontext-Preview: "Noch mehr hat ihn umgestaltet eine solche Persönlichkeit wie Schiller, noch mehr eine solche Persönlichkeit, die in gar keiner Beziehung zu den Leidenschaften steht wie Franz von Assisi, die ganz und ..."
[RELEVANCE-DEBUG] GA054/5 Absatz 63: Score=0.760, Vorkommen=8, Kontext-Absätze=5, HitEnthältQuery=true, KontextEnthältQuery=true, Query="ätherleib"
[RELEVANCE-DEBUG-CONTEXT] Hit-Preview: "Nun ist auch der Ätherleib der Träger von alledem, was mehr oder weniger bleibend ist in der menschl..."
[RELEVANCE-DEBUG-CONTEXT] Kontext-Preview: "Nun gibt es Dinge, die tiefer in die menschliche Natur hineingehen, wo das Ich weiter hineinarbeitet als bloß in den Astralleib. Solange Sie mit bloßen moralischen oder Rechtsgrundsätzen, mit logische..."
[RELEVANCE-DEBUG] GA054/5 Absatz 64: Score=0.740, Vorkommen=7, Kontext-Absätze=5, HitEnthältQuery=true, KontextEnthältQuery=true, Query="ätherleib"
[RELEVANCE-DEBUG-CONTEXT] Hit-Preview: "Aber nun denken Sie nach, wie wenig sich bei den meisten Menschen das ändert, was man Gewohnheiten, ..."
[RELEVANCE-DEBUG-CONTEXT] Kontext-Preview: "Ebenso wenn das Ich aufgeht in Betrachtung eines Kunstwerkes und eine Ahnung erhält, dass hinter dem sinnlichen Dasein ein Ewiges, Verborgenes verkörpert sein kann, dann wirkt die künstlerische Vorste..."
[RELEVANCE-DEBUG] GA054/5 Absatz 65: Score=0.700, Vorkommen=5, Kontext-Absätze=5, HitEnthältQuery=true, KontextEnthältQuery=true, Query="ätherleib"
[RELEVANCE-DEBUG-CONTEXT] Hit-Preview: "Nun gibt es eine noch höhere Entwickelung, die der Chela durchmacht. Die beruht darauf, dass man ein..."
[RELEVANCE-DEBUG-CONTEXT] Kontext-Preview: "Nun ist auch der Ätherleib der Träger von alledem, was mehr oder weniger bleibend ist in der menschlichen Natur. Man hat sich klarzumachen, was für ein Unterschied ist zwischen Entwickelung des Ätherl..."
[RELEVANCE-DEBUG] GA054/5 Absatz 68: Score=0.700, Vorkommen=5, Kontext-Absätze=5, HitEnthältQuery=true, KontextEnthältQuery=true, Query="ätherleib"
[RELEVANCE-DEBUG-CONTEXT] Hit-Preview: "So haben wir sieben Glieder der menschlichen Wesenheit, ebenso wie der Regenbogen sieben Farben und ..."
[RELEVANCE-DEBUG-CONTEXT] Kontext-Preview: "Das Schwierigste für den Menschen ist, dass er bis in seinen physischen Leib hineinarbeiten lernt. Auch darüber, wie das Blut sich bewegt, kann man Herr werden; man kann Einfluss bekommen auf die Nerv..."
[RELEVANCE-DEBUG] GA054/5 Absatz 69: Score=0.740, Vorkommen=7, Kontext-Absätze=5, HitEnthältQuery=true, KontextEnthältQuery=true, Query="ätherleib"
[RELEVANCE-DEBUG-CONTEXT] Hit-Preview: "Nun müssen wir in bezug auf unsere heutige Frage dieses Wesen, diese Natur des Menschen näher anscha..."
[RELEVANCE-DEBUG-CONTEXT] Kontext-Preview: "Wenn der Mensch in seinen physischen Leib hineinarbeiten kann und damit in Verbindung mit dem Kosmos treten lernt, dann entwickelt er sein Atman. Dies ist das höchste Glied der menschlichen Wesenheit,..."
[RELEVANCE-SCORING] 6451 Treffer: hoch=3497, mittel=1079, niedrig=1875
[RELEVANCE-THRESHOLDS] Schwellwerte relativ zur Gesamthäufigkeit: hoch≥0.586 (3+ Vorkommen), mittel≥0.390 (2+ Vorkommen)
  [Single] "ätherleib"

Extrahierte 1 Suchbegriffe aus "Ätherleib":
ätherleib
GET /api/book/GA046
[BOOK] Anfrage für GA046
[BOOK] Schrift gefunden: Nachgelassene Abhandlungen und Fragmente (1879-1924)
[BOOK] ✓ Vortrags-Einträge gefunden - werden geschützt
[BOOK] ✓ Überschriften für GA046 gespeichert (4490 Einträge total, 4457 Vorträge geschützt)
[IMAGES-ASSETS] Anfrage für Bild: GA046-Nachgelassene%20Abhandlungen%20und%20Fragmente%201879-1924_img-0.png
[IMAGES-ASSETS] Vollständiger Request-Pfad: /assets/GA046-Nachgelassene%20Abhandlungen%20und%20Fragmente%201879-1924_img-0.png
[IMAGES-ASSETS] Decodierter Pfad: GA046-Nachgelassene Abhandlungen und Fragmente 1879-1924_img-0.png
[IMAGES-ASSETS] Gefundene GA-Nummer: GA046
[IMAGES-ASSETS] Suche in: C:\Users\chuec\OneDrive\GitHub\ga_suche\Steiner_GA
[IMAGES-ASSETS] Anfrage für Bild: GA046-Nachgelassene%20Abhandlungen%20und%20Fragmente%201879-1924_img-1.png
[IMAGES-ASSETS] Vollständiger Request-Pfad: /assets/GA046-Nachgelassene%20Abhandlungen%20und%20Fragmente%201879-1924_img-1.png
[IMAGES-ASSETS] Decodierter Pfad: GA046-Nachgelassene Abhandlungen und Fragmente 1879-1924_img-1.png
[IMAGES-ASSETS] Gefundene GA-Nummer: GA046
[IMAGES-ASSETS] Suche in: C:\Users\chuec\OneDrive\GitHub\ga_suche\Steiner_GA
[IMAGES-ASSETS] Gefundener GA-Ordner: GA046-Nachgelassene Abhandlungen und Fragmente 1879-1924
[IMAGES-ASSETS] Vollständiger Pfad: C:\Users\chuec\OneDrive\GitHub\ga_suche\Steiner_GA\GA046-Nachgelassene Abhandlungen und Fragmente 1879-1924\assets\GA046-Nachgelassene Abhandlungen und Fragmente 1879-1924_img-0.png
[IMAGES-ASSETS] ✓ Bild gefunden, serviere: C:\Users\chuec\OneDrive\GitHub\ga_suche\Steiner_GA\GA046-Nachgelassene Abhandlungen und Fragmente 1879-1924\assets\GA046-Nachgelassene Abhandlungen und Fragmente 1879-1924_img-0.png
[IMAGES-ASSETS] Anfrage für Bild: GA046-Nachgelassene%20Abhandlungen%20und%20Fragmente%201879-1924_img-2.png
[IMAGES-ASSETS] Vollständiger Request-Pfad: /assets/GA046-Nachgelassene%20Abhandlungen%20und%20Fragmente%201879-1924_img-2.png
[IMAGES-ASSETS] Decodierter Pfad: GA046-Nachgelassene Abhandlungen und Fragmente 1879-1924_img-2.png
[IMAGES-ASSETS] Gefundene GA-Nummer: GA046
[IMAGES-ASSETS] Suche in: C:\Users\chuec\OneDrive\GitHub\ga_suche\Steiner_GA
[IMAGES-ASSETS] Anfrage für Bild: GA046-Nachgelassene%20Abhandlungen%20und%20Fragmente%201879-1924_img-3.png
[IMAGES-ASSETS] Vollständiger Request-Pfad: /assets/GA046-Nachgelassene%20Abhandlungen%20und%20Fragmente%201879-1924_img-3.png
[IMAGES-ASSETS] Decodierter Pfad: GA046-Nachgelassene Abhandlungen und Fragmente 1879-1924_img-3.png
[IMAGES-ASSETS] Gefundene GA-Nummer: GA046
[IMAGES-ASSETS] Suche in: C:\Users\chuec\OneDrive\GitHub\ga_suche\Steiner_GA
[IMAGES-ASSETS] Gefundener GA-Ordner: GA046-Nachgelassene Abhandlungen und Fragmente 1879-1924
[IMAGES-ASSETS] Vollständiger Pfad: C:\Users\chuec\OneDrive\GitHub\ga_suche\Steiner_GA\GA046-Nachgelassene Abhandlungen und Fragmente 1879-1924\assets\GA046-Nachgelassene Abhandlungen und Fragmente 1879-1924_img-1.png
[IMAGES-ASSETS] ✓ Bild gefunden, serviere: C:\Users\chuec\OneDrive\GitHub\ga_suche\Steiner_GA\GA046-Nachgelassene Abhandlungen und Fragmente 1879-1924\assets\GA046-Nachgelassene Abhandlungen und Fragmente 1879-1924_img-1.png
[IMAGES-ASSETS] Gefundener GA-Ordner: GA046-Nachgelassene Abhandlungen und Fragmente 1879-1924
[IMAGES-ASSETS] Vollständiger Pfad: C:\Users\chuec\OneDrive\GitHub\ga_suche\Steiner_GA\GA046-Nachgelassene Abhandlungen und Fragmente 1879-1924\assets\GA046-Nachgelassene Abhandlungen und Fragmente 1879-1924_img-2.png
[IMAGES-ASSETS] ✓ Bild gefunden, serviere: C:\Users\chuec\OneDrive\GitHub\ga_suche\Steiner_GA\GA046-Nachgelassene Abhandlungen und Fragmente 1879-1924\assets\GA046-Nachgelassene Abhandlungen und Fragmente 1879-1924_img-2.png
[IMAGES-ASSETS] Anfrage für Bild: GA046-Nachgelassene%20Abhandlungen%20und%20Fragmente%201879-1924_img-4.png
[IMAGES-ASSETS] Vollständiger Request-Pfad: /assets/GA046-Nachgelassene%20Abhandlungen%20und%20Fragmente%201879-1924_img-4.png
[IMAGES-ASSETS] Decodierter Pfad: GA046-Nachgelassene Abhandlungen und Fragmente 1879-1924_img-4.png
[IMAGES-ASSETS] Gefundene GA-Nummer: GA046
[IMAGES-ASSETS] Suche in: C:\Users\chuec\OneDrive\GitHub\ga_suche\Steiner_GA
[IMAGES-ASSETS] Anfrage für Bild: GA046-Nachgelassene%20Abhandlungen%20und%20Fragmente%201879-1924_img-5.png
[IMAGES-ASSETS] Vollständiger Request-Pfad: /assets/GA046-Nachgelassene%20Abhandlungen%20und%20Fragmente%201879-1924_img-5.png
[IMAGES-ASSETS] Decodierter Pfad: GA046-Nachgelassene Abhandlungen und Fragmente 1879-1924_img-5.png
[IMAGES-ASSETS] Gefundene GA-Nummer: GA046
[IMAGES-ASSETS] Suche in: C:\Users\chuec\OneDrive\GitHub\ga_suche\Steiner_GA
[IMAGES-ASSETS] Gefundener GA-Ordner: GA046-Nachgelassene Abhandlungen und Fragmente 1879-1924
[IMAGES-ASSETS] Vollständiger Pfad: C:\Users\chuec\OneDrive\GitHub\ga_suche\Steiner_GA\GA046-Nachgelassene Abhandlungen und Fragmente 1879-1924\assets\GA046-Nachgelassene Abhandlungen und Fragmente 1879-1924_img-3.png
[IMAGES-ASSETS] ✓ Bild gefunden, serviere: C:\Users\chuec\OneDrive\GitHub\ga_suche\Steiner_GA\GA046-Nachgelassene Abhandlungen und Fragmente 1879-1924\assets\GA046-Nachgelassene Abhandlungen und Fragmente 1879-1924_img-3.png
[IMAGES-ASSETS] Gefundener GA-Ordner: GA046-Nachgelassene Abhandlungen und Fragmente 1879-1924
[IMAGES-ASSETS] Vollständiger Pfad: C:\Users\chuec\OneDrive\GitHub\ga_suche\Steiner_GA\GA046-Nachgelassene Abhandlungen und Fragmente 1879-1924\assets\GA046-Nachgelassene Abhandlungen und Fragmente 1879-1924_img-4.png
[IMAGES-ASSETS] ✓ Bild gefunden, serviere: C:\Users\chuec\OneDrive\GitHub\ga_suche\Steiner_GA\GA046-Nachgelassene Abhandlungen und Fragmente 1879-1924\assets\GA046-Nachgelassene Abhandlungen und Fragmente 1879-1924_img-4.png
[IMAGES-ASSETS] Anfrage für Bild: GA046-Nachgelassene%20Abhandlungen%20und%20Fragmente%201879-1924_img-6.png
[IMAGES-ASSETS] Vollständiger Request-Pfad: /assets/GA046-Nachgelassene%20Abhandlungen%20und%20Fragmente%201879-1924_img-6.png
[IMAGES-ASSETS] Decodierter Pfad: GA046-Nachgelassene Abhandlungen und Fragmente 1879-1924_img-6.png
[IMAGES-ASSETS] Gefundene GA-Nummer: GA046
[IMAGES-ASSETS] Suche in: C:\Users\chuec\OneDrive\GitHub\ga_suche\Steiner_GA
[IMAGES-ASSETS] Gefundener GA-Ordner: GA046-Nachgelassene Abhandlungen und Fragmente 1879-1924
[IMAGES-ASSETS] Vollständiger Pfad: C:\Users\chuec\OneDrive\GitHub\ga_suche\Steiner_GA\GA046-Nachgelassene Abhandlungen und Fragmente 1879-1924\assets\GA046-Nachgelassene Abhandlungen und Fragmente 1879-1924_img-5.png
[IMAGES-ASSETS] ✓ Bild gefunden, serviere: C:\Users\chuec\OneDrive\GitHub\ga_suche\Steiner_GA\GA046-Nachgelassene Abhandlungen und Fragmente 1879-1924\assets\GA046-Nachgelassene Abhandlungen und Fragmente 1879-1924_img-5.png
[IMAGES-ASSETS] Anfrage für Bild: GA046-Nachgelassene%20Abhandlungen%20und%20Fragmente%201879-1924_img-7.png
[IMAGES-ASSETS] Vollständiger Request-Pfad: /assets/GA046-Nachgelassene%20Abhandlungen%20und%20Fragmente%201879-1924_img-7.png
[IMAGES-ASSETS] Decodierter Pfad: GA046-Nachgelassene Abhandlungen und Fragmente 1879-1924_img-7.png
[IMAGES-ASSETS] Gefundene GA-Nummer: GA046
[IMAGES-ASSETS] Suche in: C:\Users\chuec\OneDrive\GitHub\ga_suche\Steiner_GA
[IMAGES-ASSETS] Anfrage für Bild: GA046-Nachgelassene%20Abhandlungen%20und%20Fragmente%201879-1924_img-8.png
[IMAGES-ASSETS] Vollständiger Request-Pfad: /assets/GA046-Nachgelassene%20Abhandlungen%20und%20Fragmente%201879-1924_img-8.png
[IMAGES-ASSETS] Decodierter Pfad: GA046-Nachgelassene Abhandlungen und Fragmente 1879-1924_img-8.png
[IMAGES-ASSETS] Gefundene GA-Nummer: GA046
[IMAGES-ASSETS] Suche in: C:\Users\chuec\OneDrive\GitHub\ga_suche\Steiner_GA
[IMAGES-ASSETS] Gefundener GA-Ordner: GA046-Nachgelassene Abhandlungen und Fragmente 1879-1924
[IMAGES-ASSETS] Vollständiger Pfad: C:\Users\chuec\OneDrive\GitHub\ga_suche\Steiner_GA\GA046-Nachgelassene Abhandlungen und Fragmente 1879-1924\assets\GA046-Nachgelassene Abhandlungen und Fragmente 1879-1924_img-6.png
[IMAGES-ASSETS] ✓ Bild gefunden, serviere: C:\Users\chuec\OneDrive\GitHub\ga_suche\Steiner_GA\GA046-Nachgelassene Abhandlungen und Fragmente 1879-1924\assets\GA046-Nachgelassene Abhandlungen und Fragmente 1879-1924_img-6.png
[IMAGES-ASSETS] Gefundener GA-Ordner: GA046-Nachgelassene Abhandlungen und Fragmente 1879-1924
[IMAGES-ASSETS] Vollständiger Pfad: C:\Users\chuec\OneDrive\GitHub\ga_suche\Steiner_GA\GA046-Nachgelassene Abhandlungen und Fragmente 1879-1924\assets\GA046-Nachgelassene Abhandlungen und Fragmente 1879-1924_img-7.png
[IMAGES-ASSETS] ✓ Bild gefunden, serviere: C:\Users\chuec\OneDrive\GitHub\ga_suche\Steiner_GA\GA046-Nachgelassene Abhandlungen und Fragmente 1879-1924\assets\GA046-Nachgelassene Abhandlungen und Fragmente 1879-1924_img-7.png
[IMAGES-ASSETS] Gefundener GA-Ordner: GA046-Nachgelassene Abhandlungen und Fragmente 1879-1924
[IMAGES-ASSETS] Vollständiger Pfad: C:\Users\chuec\OneDrive\GitHub\ga_suche\Steiner_GA\GA046-Nachgelassene Abhandlungen und Fragmente 1879-1924\assets\GA046-Nachgelassene Abhandlungen und Fragmente 1879-1924_img-8.png
[IMAGES-ASSETS] ✓ Bild gefunden, serviere: C:\Users\chuec\OneDrive\GitHub\ga_suche\Steiner_GA\GA046-Nachgelassene Abhandlungen und Fragmente 1879-1924\assets\GA046-Nachgelassene Abhandlungen und Fragmente 1879-1924_img-8.png
[IMAGES-ASSETS] Anfrage für Bild: GA046-Nachgelassene%20Abhandlungen%20und%20Fragmente%201879-1924_img-9.png
[IMAGES-ASSETS] Vollständiger Request-Pfad: /assets/GA046-Nachgelassene%20Abhandlungen%20und%20Fragmente%201879-1924_img-9.png
[IMAGES-ASSETS] Decodierter Pfad: GA046-Nachgelassene Abhandlungen und Fragmente 1879-1924_img-9.png
[IMAGES-ASSETS] Gefundene GA-Nummer: GA046
[IMAGES-ASSETS] Suche in: C:\Users\chuec\OneDrive\GitHub\ga_suche\Steiner_GA
[IMAGES-ASSETS] Anfrage für Bild: GA046-Nachgelassene%20Abhandlungen%20und%20Fragmente%201879-1924_img-10.png
[IMAGES-ASSETS] Vollständiger Request-Pfad: /assets/GA046-Nachgelassene%20Abhandlungen%20und%20Fragmente%201879-1924_img-10.png
[IMAGES-ASSETS] Decodierter Pfad: GA046-Nachgelassene Abhandlungen und Fragmente 1879-1924_img-10.png
[IMAGES-ASSETS] Gefundene GA-Nummer: GA046
[IMAGES-ASSETS] Suche in: C:\Users\chuec\OneDrive\GitHub\ga_suche\Steiner_GA
[IMAGES-ASSETS] Anfrage für Bild: GA046-Nachgelassene%20Abhandlungen%20und%20Fragmente%201879-1924_img-11.png
[IMAGES-ASSETS] Vollständiger Request-Pfad: /assets/GA046-Nachgelassene%20Abhandlungen%20und%20Fragmente%201879-1924_img-11.png
[IMAGES-ASSETS] Decodierter Pfad: GA046-Nachgelassene Abhandlungen und Fragmente 1879-1924_img-11.png
[IMAGES-ASSETS] Gefundene GA-Nummer: GA046
[IMAGES-ASSETS] Suche in: C:\Users\chuec\OneDrive\GitHub\ga_suche\Steiner_GA
[IMAGES-ASSETS] Gefundener GA-Ordner: GA046-Nachgelassene Abhandlungen und Fragmente 1879-1924
[IMAGES-ASSETS] Vollständiger Pfad: C:\Users\chuec\OneDrive\GitHub\ga_suche\Steiner_GA\GA046-Nachgelassene Abhandlungen und Fragmente 1879-1924\assets\GA046-Nachgelassene Abhandlungen und Fragmente 1879-1924_img-9.png
[IMAGES-ASSETS] ✓ Bild gefunden, serviere: C:\Users\chuec\OneDrive\GitHub\ga_suche\Steiner_GA\GA046-Nachgelassene Abhandlungen und Fragmente 1879-1924\assets\GA046-Nachgelassene Abhandlungen und Fragmente 1879-1924_img-9.png
[IMAGES-ASSETS] Gefundener GA-Ordner: GA046-Nachgelassene Abhandlungen und Fragmente 1879-1924
[IMAGES-ASSETS] Vollständiger Pfad: C:\Users\chuec\OneDrive\GitHub\ga_suche\Steiner_GA\GA046-Nachgelassene Abhandlungen und Fragmente 1879-1924\assets\GA046-Nachgelassene Abhandlungen und Fragmente 1879-1924_img-10.png
[IMAGES-ASSETS] ✓ Bild gefunden, serviere: C:\Users\chuec\OneDrive\GitHub\ga_suche\Steiner_GA\GA046-Nachgelassene Abhandlungen und Fragmente 1879-1924\assets\GA046-Nachgelassene Abhandlungen und Fragmente 1879-1924_img-10.png
[IMAGES-ASSETS] Anfrage für Bild: GA046-Nachgelassene%20Abhandlungen%20und%20Fragmente%201879-1924_img-12.png
[IMAGES-ASSETS] Vollständiger Request-Pfad: /assets/GA046-Nachgelassene%20Abhandlungen%20und%20Fragmente%201879-1924_img-12.png
[IMAGES-ASSETS] Decodierter Pfad: GA046-Nachgelassene Abhandlungen und Fragmente 1879-1924_img-12.png
[IMAGES-ASSETS] Gefundene GA-Nummer: GA046
[IMAGES-ASSETS] Suche in: C:\Users\chuec\OneDrive\GitHub\ga_suche\Steiner_GA
[IMAGES-ASSETS] Gefundener GA-Ordner: GA046-Nachgelassene Abhandlungen und Fragmente 1879-1924
[IMAGES-ASSETS] Vollständiger Pfad: C:\Users\chuec\OneDrive\GitHub\ga_suche\Steiner_GA\GA046-Nachgelassene Abhandlungen und Fragmente 1879-1924\assets\GA046-Nachgelassene Abhandlungen und Fragmente 1879-1924_img-11.png
[IMAGES-ASSETS] ✓ Bild gefunden, serviere: C:\Users\chuec\OneDrive\GitHub\ga_suche\Steiner_GA\GA046-Nachgelassene Abhandlungen und Fragmente 1879-1924\assets\GA046-Nachgelassene Abhandlungen und Fragmente 1879-1924_img-11.png
[IMAGES-ASSETS] Anfrage für Bild: GA046-Nachgelassene%20Abhandlungen%20und%20Fragmente%201879-1924_img-13.png
[IMAGES-ASSETS] Vollständiger Request-Pfad: /assets/GA046-Nachgelassene%20Abhandlungen%20und%20Fragmente%201879-1924_img-13.png
[IMAGES-ASSETS] Decodierter Pfad: GA046-Nachgelassene Abhandlungen und Fragmente 1879-1924_img-13.png
[IMAGES-ASSETS] Gefundene GA-Nummer: GA046
[IMAGES-ASSETS] Suche in: C:\Users\chuec\OneDrive\GitHub\ga_suche\Steiner_GA
[IMAGES-ASSETS] Anfrage für Bild: GA046-Nachgelassene%20Abhandlungen%20und%20Fragmente%201879-1924_img-14.png
[IMAGES-ASSETS] Vollständiger Request-Pfad: /assets/GA046-Nachgelassene%20Abhandlungen%20und%20Fragmente%201879-1924_img-14.png
[IMAGES-ASSETS] Decodierter Pfad: GA046-Nachgelassene Abhandlungen und Fragmente 1879-1924_img-14.png
[IMAGES-ASSETS] Gefundene GA-Nummer: GA046
[IMAGES-ASSETS] Suche in: C:\Users\chuec\OneDrive\GitHub\ga_suche\Steiner_GA
[IMAGES-ASSETS] Gefundener GA-Ordner: GA046-Nachgelassene Abhandlungen und Fragmente 1879-1924
[IMAGES-ASSETS] Vollständiger Pfad: C:\Users\chuec\OneDrive\GitHub\ga_suche\Steiner_GA\GA046-Nachgelassene Abhandlungen und Fragmente 1879-1924\assets\GA046-Nachgelassene Abhandlungen und Fragmente 1879-1924_img-12.png
[IMAGES-ASSETS] ✓ Bild gefunden, serviere: C:\Users\chuec\OneDrive\GitHub\ga_suche\Steiner_GA\GA046-Nachgelassene Abhandlungen und Fragmente 1879-1924\assets\GA046-Nachgelassene Abhandlungen und Fragmente 1879-1924_img-12.png
[IMAGES-ASSETS] Gefundener GA-Ordner: GA046-Nachgelassene Abhandlungen und Fragmente 1879-1924
[IMAGES-ASSETS] Vollständiger Pfad: C:\Users\chuec\OneDrive\GitHub\ga_suche\Steiner_GA\GA046-Nachgelassene Abhandlungen und Fragmente 1879-1924\assets\GA046-Nachgelassene Abhandlungen und Fragmente 1879-1924_img-13.png
[IMAGES-ASSETS] ✓ Bild gefunden, serviere: C:\Users\chuec\OneDrive\GitHub\ga_suche\Steiner_GA\GA046-Nachgelassene Abhandlungen und Fragmente 1879-1924\assets\GA046-Nachgelassene Abhandlungen und Fragmente 1879-1924_img-13.png
[IMAGES-ASSETS] Gefundener GA-Ordner: GA046-Nachgelassene Abhandlungen und Fragmente 1879-1924
[IMAGES-ASSETS] Vollständiger Pfad: C:\Users\chuec\OneDrive\GitHub\ga_suche\Steiner_GA\GA046-Nachgelassene Abhandlungen und Fragmente 1879-1924\assets\GA046-Nachgelassene Abhandlungen und Fragmente 1879-1924_img-14.png
[IMAGES-ASSETS] ✓ Bild gefunden, serviere: C:\Users\chuec\OneDrive\GitHub\ga_suche\Steiner_GA\GA046-Nachgelassene Abhandlungen und Fragmente 1879-1924\assets\GA046-Nachgelassene Abhandlungen und Fragmente 1879-1924_img-14.png
[IMAGES-ASSETS] Anfrage für Bild: GA046-Nachgelassene%20Abhandlungen%20und%20Fragmente%201879-1924_img-15.png
[IMAGES-ASSETS] Vollständiger Request-Pfad: /assets/GA046-Nachgelassene%20Abhandlungen%20und%20Fragmente%201879-1924_img-15.png
[IMAGES-ASSETS] Decodierter Pfad: GA046-Nachgelassene Abhandlungen und Fragmente 1879-1924_img-15.png
[IMAGES-ASSETS] Gefundene GA-Nummer: GA046
[IMAGES-ASSETS] Suche in: C:\Users\chuec\OneDrive\GitHub\ga_suche\Steiner_GA
[IMAGES-ASSETS] Anfrage für Bild: GA046-Nachgelassene%20Abhandlungen%20und%20Fragmente%201879-1924_img-16.png
[IMAGES-ASSETS] Vollständiger Request-Pfad: /assets/GA046-Nachgelassene%20Abhandlungen%20und%20Fragmente%201879-1924_img-16.png
[IMAGES-ASSETS] Decodierter Pfad: GA046-Nachgelassene Abhandlungen und Fragmente 1879-1924_img-16.png
[IMAGES-ASSETS] Gefundene GA-Nummer: GA046
[IMAGES-ASSETS] Suche in: C:\Users\chuec\OneDrive\GitHub\ga_suche\Steiner_GA
[IMAGES-ASSETS] Gefundener GA-Ordner: GA046-Nachgelassene Abhandlungen und Fragmente 1879-1924
[IMAGES-ASSETS] Vollständiger Pfad: C:\Users\chuec\OneDrive\GitHub\ga_suche\Steiner_GA\GA046-Nachgelassene Abhandlungen und Fragmente 1879-1924\assets\GA046-Nachgelassene Abhandlungen und Fragmente 1879-1924_img-15.png
[IMAGES-ASSETS] ✓ Bild gefunden, serviere: C:\Users\chuec\OneDrive\GitHub\ga_suche\Steiner_GA\GA046-Nachgelassene Abhandlungen und Fragmente 1879-1924\assets\GA046-Nachgelassene Abhandlungen und Fragmente 1879-1924_img-15.png
[IMAGES-ASSETS] Anfrage für Bild: GA046-Nachgelassene%20Abhandlungen%20und%20Fragmente%201879-1924_img-17.png
[IMAGES-ASSETS] Vollständiger Request-Pfad: /assets/GA046-Nachgelassene%20Abhandlungen%20und%20Fragmente%201879-1924_img-17.png
[IMAGES-ASSETS] Decodierter Pfad: GA046-Nachgelassene Abhandlungen und Fragmente 1879-1924_img-17.png
[IMAGES-ASSETS] Gefundene GA-Nummer: GA046
[IMAGES-ASSETS] Suche in: C:\Users\chuec\OneDrive\GitHub\ga_suche\Steiner_GA
[IMAGES-ASSETS] Gefundener GA-Ordner: GA046-Nachgelassene Abhandlungen und Fragmente 1879-1924
[IMAGES-ASSETS] Vollständiger Pfad: C:\Users\chuec\OneDrive\GitHub\ga_suche\Steiner_GA\GA046-Nachgelassene Abhandlungen und Fragmente 1879-1924\assets\GA046-Nachgelassene Abhandlungen und Fragmente 1879-1924_img-16.png
[IMAGES-ASSETS] ✓ Bild gefunden, serviere: C:\Users\chuec\OneDrive\GitHub\ga_suche\Steiner_GA\GA046-Nachgelassene Abhandlungen und Fragmente 1879-1924\assets\GA046-Nachgelassene Abhandlungen und Fragmente 1879-1924_img-16.png
[IMAGES-ASSETS] Anfrage für Bild: GA046-Nachgelassene%20Abhandlungen%20und%20Fragmente%201879-1924_img-18.png
[IMAGES-ASSETS] Vollständiger Request-Pfad: /assets/GA046-Nachgelassene%20Abhandlungen%20und%20Fragmente%201879-1924_img-18.png
[IMAGES-ASSETS] Decodierter Pfad: GA046-Nachgelassene Abhandlungen und Fragmente 1879-1924_img-18.png
[IMAGES-ASSETS] Gefundene GA-Nummer: GA046
[IMAGES-ASSETS] Suche in: C:\Users\chuec\OneDrive\GitHub\ga_suche\Steiner_GA
[IMAGES-ASSETS] Anfrage für Bild: GA046-Nachgelassene%20Abhandlungen%20und%20Fragmente%201879-1924_img-19.png
[IMAGES-ASSETS] Vollständiger Request-Pfad: /assets/GA046-Nachgelassene%20Abhandlungen%20und%20Fragmente%201879-1924_img-19.png
[IMAGES-ASSETS] Decodierter Pfad: GA046-Nachgelassene Abhandlungen und Fragmente 1879-1924_img-19.png
[IMAGES-ASSETS] Gefundene GA-Nummer: GA046
[IMAGES-ASSETS] Suche in: C:\Users\chuec\OneDrive\GitHub\ga_suche\Steiner_GA
[IMAGES-ASSETS] Anfrage für Bild: GA046-Nachgelassene%20Abhandlungen%20und%20Fragmente%201879-1924_img-20.png
[IMAGES-ASSETS] Vollständiger Request-Pfad: /assets/GA046-Nachgelassene%20Abhandlungen%20und%20Fragmente%201879-1924_img-20.png
[IMAGES-ASSETS] Decodierter Pfad: GA046-Nachgelassene Abhandlungen und Fragmente 1879-1924_img-20.png
[IMAGES-ASSETS] Gefundene GA-Nummer: GA046
[IMAGES-ASSETS] Suche in: C:\Users\chuec\OneDrive\GitHub\ga_suche\Steiner_GA
[IMAGES-ASSETS] Gefundener GA-Ordner: GA046-Nachgelassene Abhandlungen und Fragmente 1879-1924
[IMAGES-ASSETS] Vollständiger Pfad: C:\Users\chuec\OneDrive\GitHub\ga_suche\Steiner_GA\GA046-Nachgelassene Abhandlungen und Fragmente 1879-1924\assets\GA046-Nachgelassene Abhandlungen und Fragmente 1879-1924_img-17.png
[IMAGES-ASSETS] ✓ Bild gefunden, serviere: C:\Users\chuec\OneDrive\GitHub\ga_suche\Steiner_GA\GA046-Nachgelassene Abhandlungen und Fragmente 1879-1924\assets\GA046-Nachgelassene Abhandlungen und Fragmente 1879-1924_img-17.png
[IMAGES-ASSETS] Gefundener GA-Ordner: GA046-Nachgelassene Abhandlungen und Fragmente 1879-1924
[IMAGES-ASSETS] Vollständiger Pfad: C:\Users\chuec\OneDrive\GitHub\ga_suche\Steiner_GA\GA046-Nachgelassene Abhandlungen und Fragmente 1879-1924\assets\GA046-Nachgelassene Abhandlungen und Fragmente 1879-1924_img-18.png
[IMAGES-ASSETS] ✓ Bild gefunden, serviere: C:\Users\chuec\OneDrive\GitHub\ga_suche\Steiner_GA\GA046-Nachgelassene Abhandlungen und Fragmente 1879-1924\assets\GA046-Nachgelassene Abhandlungen und Fragmente 1879-1924_img-18.png
[IMAGES-ASSETS] Gefundener GA-Ordner: GA046-Nachgelassene Abhandlungen und Fragmente 1879-1924
[IMAGES-ASSETS] Vollständiger Pfad: C:\Users\chuec\OneDrive\GitHub\ga_suche\Steiner_GA\GA046-Nachgelassene Abhandlungen und Fragmente 1879-1924\assets\GA046-Nachgelassene Abhandlungen und Fragmente 1879-1924_img-19.png
[IMAGES-ASSETS] ✓ Bild gefunden, serviere: C:\Users\chuec\OneDrive\GitHub\ga_suche\Steiner_GA\GA046-Nachgelassene Abhandlungen und Fragmente 1879-1924\assets\GA046-Nachgelassene Abhandlungen und Fragmente 1879-1924_img-19.png
[IMAGES-ASSETS] Gefundener GA-Ordner: GA046-Nachgelassene Abhandlungen und Fragmente 1879-1924
[IMAGES-ASSETS] Vollständiger Pfad: C:\Users\chuec\OneDrive\GitHub\ga_suche\Steiner_GA\GA046-Nachgelassene Abhandlungen und Fragmente 1879-1924\assets\GA046-Nachgelassene Abhandlungen und Fragmente 1879-1924_img-20.png
[IMAGES-ASSETS] ✓ Bild gefunden, serviere: C:\Users\chuec\OneDrive\GitHub\ga_suche\Steiner_GA\GA046-Nachgelassene Abhandlungen und Fragmente 1879-1924\assets\GA046-Nachgelassene Abhandlungen und Fragmente 1879-1924_img-20.png
[IMAGES-ASSETS] Anfrage für Bild: GA046-Nachgelassene%20Abhandlungen%20und%20Fragmente%201879-1924_img-21.png
[IMAGES-ASSETS] Vollständiger Request-Pfad: /assets/GA046-Nachgelassene%20Abhandlungen%20und%20Fragmente%201879-1924_img-21.png
[IMAGES-ASSETS] Decodierter Pfad: GA046-Nachgelassene Abhandlungen und Fragmente 1879-1924_img-21.png
[IMAGES-ASSETS] Gefundene GA-Nummer: GA046
[IMAGES-ASSETS] Suche in: C:\Users\chuec\OneDrive\GitHub\ga_suche\Steiner_GA
[IMAGES-ASSETS] Anfrage für Bild: GA046-Nachgelassene%20Abhandlungen%20und%20Fragmente%201879-1924_img-22.png
[IMAGES-ASSETS] Vollständiger Request-Pfad: /assets/GA046-Nachgelassene%20Abhandlungen%20und%20Fragmente%201879-1924_img-22.png
[IMAGES-ASSETS] Decodierter Pfad: GA046-Nachgelassene Abhandlungen und Fragmente 1879-1924_img-22.png
[IMAGES-ASSETS] Gefundene GA-Nummer: GA046
[IMAGES-ASSETS] Suche in: C:\Users\chuec\OneDrive\GitHub\ga_suche\Steiner_GA
[IMAGES-ASSETS] Anfrage für Bild: GA046-Nachgelassene%20Abhandlungen%20und%20Fragmente%201879-1924_img-23.png
[IMAGES-ASSETS] Vollständiger Request-Pfad: /assets/GA046-Nachgelassene%20Abhandlungen%20und%20Fragmente%201879-1924_img-23.png
[IMAGES-ASSETS] Decodierter Pfad: GA046-Nachgelassene Abhandlungen und Fragmente 1879-1924_img-23.png
[IMAGES-ASSETS] Gefundene GA-Nummer: GA046
[IMAGES-ASSETS] Suche in: C:\Users\chuec\OneDrive\GitHub\ga_suche\Steiner_GA
[IMAGES-ASSETS] Gefundener GA-Ordner: GA046-Nachgelassene Abhandlungen und Fragmente 1879-1924
[IMAGES-ASSETS] Vollständiger Pfad: C:\Users\chuec\OneDrive\GitHub\ga_suche\Steiner_GA\GA046-Nachgelassene Abhandlungen und Fragmente 1879-1924\assets\GA046-Nachgelassene Abhandlungen und Fragmente 1879-1924_img-21.png
[IMAGES-ASSETS] ✓ Bild gefunden, serviere: C:\Users\chuec\OneDrive\GitHub\ga_suche\Steiner_GA\GA046-Nachgelassene Abhandlungen und Fragmente 1879-1924\assets\GA046-Nachgelassene Abhandlungen und Fragmente 1879-1924_img-21.png
[IMAGES-ASSETS] Gefundener GA-Ordner: GA046-Nachgelassene Abhandlungen und Fragmente 1879-1924
[IMAGES-ASSETS] Vollständiger Pfad: C:\Users\chuec\OneDrive\GitHub\ga_suche\Steiner_GA\GA046-Nachgelassene Abhandlungen und Fragmente 1879-1924\assets\GA046-Nachgelassene Abhandlungen und Fragmente 1879-1924_img-22.png
[IMAGES-ASSETS] ✓ Bild gefunden, serviere: C:\Users\chuec\OneDrive\GitHub\ga_suche\Steiner_GA\GA046-Nachgelassene Abhandlungen und Fragmente 1879-1924\assets\GA046-Nachgelassene Abhandlungen und Fragmente 1879-1924_img-22.png
[IMAGES-ASSETS] Anfrage für Bild: GA046-Nachgelassene%20Abhandlungen%20und%20Fragmente%201879-1924_img-24.png
[IMAGES-ASSETS] Vollständiger Request-Pfad: /assets/GA046-Nachgelassene%20Abhandlungen%20und%20Fragmente%201879-1924_img-24.png
[IMAGES-ASSETS] Decodierter Pfad: GA046-Nachgelassene Abhandlungen und Fragmente 1879-1924_img-24.png
[IMAGES-ASSETS] Gefundene GA-Nummer: GA046
[IMAGES-ASSETS] Suche in: C:\Users\chuec\OneDrive\GitHub\ga_suche\Steiner_GA
[IMAGES-ASSETS] Anfrage für Bild: GA046-Nachgelassene%20Abhandlungen%20und%20Fragmente%201879-1924_img-25.png
[IMAGES-ASSETS] Vollständiger Request-Pfad: /assets/GA046-Nachgelassene%20Abhandlungen%20und%20Fragmente%201879-1924_img-25.png
[IMAGES-ASSETS] Decodierter Pfad: GA046-Nachgelassene Abhandlungen und Fragmente 1879-1924_img-25.png
[IMAGES-ASSETS] Gefundene GA-Nummer: GA046
[IMAGES-ASSETS] Suche in: C:\Users\chuec\OneDrive\GitHub\ga_suche\Steiner_GA
[IMAGES-ASSETS] Anfrage für Bild: GA046-Nachgelassene%20Abhandlungen%20und%20Fragmente%201879-1924_img-26.png
[IMAGES-ASSETS] Vollständiger Request-Pfad: /assets/GA046-Nachgelassene%20Abhandlungen%20und%20Fragmente%201879-1924_img-26.png
[IMAGES-ASSETS] Decodierter Pfad: GA046-Nachgelassene Abhandlungen und Fragmente 1879-1924_img-26.png
[IMAGES-ASSETS] Gefundene GA-Nummer: GA046
[IMAGES-ASSETS] Suche in: C:\Users\chuec\OneDrive\GitHub\ga_suche\Steiner_GA
[IMAGES-ASSETS] Gefundener GA-Ordner: GA046-Nachgelassene Abhandlungen und Fragmente 1879-1924
[IMAGES-ASSETS] Vollständiger Pfad: C:\Users\chuec\OneDrive\GitHub\ga_suche\Steiner_GA\GA046-Nachgelassene Abhandlungen und Fragmente 1879-1924\assets\GA046-Nachgelassene Abhandlungen und Fragmente 1879-1924_img-23.png
[IMAGES-ASSETS] ✓ Bild gefunden, serviere: C:\Users\chuec\OneDrive\GitHub\ga_suche\Steiner_GA\GA046-Nachgelassene Abhandlungen und Fragmente 1879-1924\assets\GA046-Nachgelassene Abhandlungen und Fragmente 1879-1924_img-23.png
[IMAGES-ASSETS] Gefundener GA-Ordner: GA046-Nachgelassene Abhandlungen und Fragmente 1879-1924
[IMAGES-ASSETS] Vollständiger Pfad: C:\Users\chuec\OneDrive\GitHub\ga_suche\Steiner_GA\GA046-Nachgelassene Abhandlungen und Fragmente 1879-1924\assets\GA046-Nachgelassene Abhandlungen und Fragmente 1879-1924_img-24.png
[IMAGES-ASSETS] ✓ Bild gefunden, serviere: C:\Users\chuec\OneDrive\GitHub\ga_suche\Steiner_GA\GA046-Nachgelassene Abhandlungen und Fragmente 1879-1924\assets\GA046-Nachgelassene Abhandlungen und Fragmente 1879-1924_img-24.png
[IMAGES-ASSETS] Gefundener GA-Ordner: GA046-Nachgelassene Abhandlungen und Fragmente 1879-1924
[IMAGES-ASSETS] Vollständiger Pfad: C:\Users\chuec\OneDrive\GitHub\ga_suche\Steiner_GA\GA046-Nachgelassene Abhandlungen und Fragmente 1879-1924\assets\GA046-Nachgelassene Abhandlungen und Fragmente 1879-1924_img-25.png
[IMAGES-ASSETS] ✓ Bild gefunden, serviere: C:\Users\chuec\OneDrive\GitHub\ga_suche\Steiner_GA\GA046-Nachgelassene Abhandlungen und Fragmente 1879-1924\assets\GA046-Nachgelassene Abhandlungen und Fragmente 1879-1924_img-25.png
[IMAGES-ASSETS] Gefundener GA-Ordner: GA046-Nachgelassene Abhandlungen und Fragmente 1879-1924
[IMAGES-ASSETS] Vollständiger Pfad: C:\Users\chuec\OneDrive\GitHub\ga_suche\Steiner_GA\GA046-Nachgelassene Abhandlungen und Fragmente 1879-1924\assets\GA046-Nachgelassene Abhandlungen und Fragmente 1879-1924_img-26.png
[IMAGES-ASSETS] ✓ Bild gefunden, serviere: C:\Users\chuec\OneDrive\GitHub\ga_suche\Steiner_GA\GA046-Nachgelassene Abhandlungen und Fragmente 1879-1924\assets\GA046-Nachgelassene Abhandlungen und Fragmente 1879-1924_img-26.png
[IMAGES-ASSETS] Anfrage für Bild: GA046-Nachgelassene%20Abhandlungen%20und%20Fragmente%201879-1924_img-27.png
[IMAGES-ASSETS] Vollständiger Request-Pfad: /assets/GA046-Nachgelassene%20Abhandlungen%20und%20Fragmente%201879-1924_img-27.png
[IMAGES-ASSETS] Decodierter Pfad: GA046-Nachgelassene Abhandlungen und Fragmente 1879-1924_img-27.png
[IMAGES-ASSETS] Gefundene GA-Nummer: GA046
[IMAGES-ASSETS] Suche in: C:\Users\chuec\OneDrive\GitHub\ga_suche\Steiner_GA
[IMAGES-ASSETS] Anfrage für Bild: GA046-Nachgelassene%20Abhandlungen%20und%20Fragmente%201879-1924_img-28.png
[IMAGES-ASSETS] Vollständiger Request-Pfad: /assets/GA046-Nachgelassene%20Abhandlungen%20und%20Fragmente%201879-1924_img-28.png
[IMAGES-ASSETS] Decodierter Pfad: GA046-Nachgelassene Abhandlungen und Fragmente 1879-1924_img-28.png
[IMAGES-ASSETS] Gefundene GA-Nummer: GA046
[IMAGES-ASSETS] Suche in: C:\Users\chuec\OneDrive\GitHub\ga_suche\Steiner_GA
[IMAGES-ASSETS] Gefundener GA-Ordner: GA046-Nachgelassene Abhandlungen und Fragmente 1879-1924
[IMAGES-ASSETS] Vollständiger Pfad: C:\Users\chuec\OneDrive\GitHub\ga_suche\Steiner_GA\GA046-Nachgelassene Abhandlungen und Fragmente 1879-1924\assets\GA046-Nachgelassene Abhandlungen und Fragmente 1879-1924_img-27.png
[IMAGES-ASSETS] ✓ Bild gefunden, serviere: C:\Users\chuec\OneDrive\GitHub\ga_suche\Steiner_GA\GA046-Nachgelassene Abhandlungen und Fragmente 1879-1924\assets\GA046-Nachgelassene Abhandlungen und Fragmente 1879-1924_img-27.png
[IMAGES-ASSETS] Gefundener GA-Ordner: GA046-Nachgelassene Abhandlungen und Fragmente 1879-1924
[IMAGES-ASSETS] Vollständiger Pfad: C:\Users\chuec\OneDrive\GitHub\ga_suche\Steiner_GA\GA046-Nachgelassene Abhandlungen und Fragmente 1879-1924\assets\GA046-Nachgelassene Abhandlungen und Fragmente 1879-1924_img-28.png
[IMAGES-ASSETS] ✓ Bild gefunden, serviere: C:\Users\chuec\OneDrive\GitHub\ga_suche\Steiner_GA\GA046-Nachgelassene Abhandlungen und Fragmente 1879-1924\assets\GA046-Nachgelassene Abhandlungen und Fragmente 1879-1924_img-28.png
GET /api/book/GA046
[BOOK] Anfrage für GA046
[BOOK] Schrift gefunden: Nachgelassene Abhandlungen und Fragmente (1879-1924)
[BOOK] ✓ Vortrags-Einträge gefunden - werden geschützt
[BOOK] ✓ Überschriften für GA046 gespeichert (4490 Einträge total, 4457 Vorträge geschützt)
GET /api/quotes
GET /api/full-lecture/GA089/3
GET /api/check-summary/GA089/3
[CHECK-SUMMARY] Prüfe zentrale DB für GA089/3
[SUMMARY-DB] Geladen: 4490 Einträge aus summary-database.json
[CHECK-SUMMARY] ✓ Zusammenfassung existiert für GA089/3 (Version: v2-unified)
GET /api/steiner-images/GA089%2F3
[IMAGES-API] Keine Bilder für GA089/3 gefunden
GET /api/keywords/available-ga-volumes
[API/AVAILABLE-GA-VOLUMES] Request erhalten
[API/AVAILABLE-GA-VOLUMES] fullLectures: 4487 Vorträge
[API/AVAILABLE-GA-VOLUMES] fullBooks: 40 Bücher
[API/AVAILABLE-GA-VOLUMES] Sende 355 Volumes
GET /debug/status
GET /api/steiner-images
[DEBUG] Gefundene Books-Dateien: steiner-books-001-020-part01.json, steiner-books-021-046-part02.json

Gefundene Dateien:
  Search-Dateien: []
  Lecture-Dateien: ["steiner-full-lectures-051-354-part01.json","steiner-full-lectures-051-354-part02.json","steiner-full-lectures-051-354-part03.json","steiner-full-lectures-051-354-part04.json","steiner-full-lectures-051-354-part05.json","steiner-full-lectures-051-354-part06.json","steiner-full-lectures-051-354-part07.json","steiner-full-lectures-051-354-part08.json","steiner-full-lectures-051-354-part09.json","steiner-full-lectures-051-354-part10.json","steiner-full-lectures-051-354-part11.json","steiner-full-lectures-051-354-part12.json","steiner-full-lectures-051-354-part13.json","steiner-full-lectures-051-354-part14.json","steiner-full-lectures-051-354-part15.json","steiner-full-lectures-051-354-part16.json","steiner-full-lectures-051-354-part17.json"]
  Books-Dateien: ["steiner-books-001-020-part01.json","steiner-books-021-046-part02.json"]
GET /api/ga-list
[API/GA-LIST] Request erhalten
[API/GA-LIST] fullLectures: 4487 Vorträge
[API/GA-LIST] fullBooks: 40 Bücher
[API/GA-LIST] Sende 355 GA-Bände
GET /api/list-files
GET /api/keywords/available-ga-volumes
[API/AVAILABLE-GA-VOLUMES] Request erhalten
[API/AVAILABLE-GA-VOLUMES] fullLectures: 4487 Vorträge
[API/AVAILABLE-GA-VOLUMES] fullBooks: 40 Bücher
[API/AVAILABLE-GA-VOLUMES] Sende 355 Volumes
GET /api/ga-list
[API/GA-LIST] Request erhalten
[API/GA-LIST] fullLectures: 4487 Vorträge
[API/GA-LIST] fullBooks: 40 Bücher
[API/GA-LIST] Sende 355 GA-Bände
GET /api/available-years
[INFO] Verfügbare Jahre: 26 Jahre von 1888 bis 1924
GET /api/keywords/available-ga-volumes
[API/AVAILABLE-GA-VOLUMES] Request erhalten
[API/AVAILABLE-GA-VOLUMES] fullLectures: 4487 Vorträge
[API/AVAILABLE-GA-VOLUMES] fullBooks: 40 Bücher
[API/AVAILABLE-GA-VOLUMES] Sende 355 Volumes
GET /api/available-years
[INFO] Verfügbare Jahre: 26 Jahre von 1888 bis 1924
[SUMMARY-DB] Geladen: 4490 Einträge aus summary-database.json
[IMAGES-API] Sende Liste von 1057 Vorträgen (ohne Bilder)
POST /api/fulltext-search
Volltext-Suche: Ätherleib [Relevanz-Filter: ohne]
Volltext-Suche: 6451 Absätze gefunden (Vorträge + Bücher)
[RELEVANCE-DEBUG] GA053/2 Absatz 34: Score=0.300, Vorkommen=1, Kontext-Absätze=5, HitEnthältQuery=true, KontextEnthältQuery=true, Query="ätherleib"
[RELEVANCE-DEBUG-CONTEXT] Hit-Preview: "Und dasjenige, was im Tierkörper ebenso hinausragt über das bloße Wachsen und Fortpflanzen, dasjenig..."
[RELEVANCE-DEBUG-CONTEXT] Kontext-Preview: "Die Ausführung dieser Anleitung muss natürlich mit der allergrößten Vorsicht geschehen, denn es sind allerlei Illusionen auf diesem Gebiete möglich. Allein, wer wirklich weiß, mit welcher Vorsicht, mi..."
[RELEVANCE-DEBUG] GA053/2 Absatz 44: Score=0.300, Vorkommen=1, Kontext-Absätze=5, HitEnthältQuery=true, KontextEnthältQuery=true, Query="ätherleib"
[RELEVANCE-DEBUG-CONTEXT] Hit-Preview: "Damit haben wir die drei Glieder des menschlichen physischen Körpers und die drei Glieder der mensch..."
[RELEVANCE-DEBUG-CONTEXT] Kontext-Preview: "Wer durch die Anschauung Kenntnis davon haben will, muss lernen, sie zu sehen. Die Aura ist dreigliedrig. Die drei Glieder stecken ineinander wie drei ovale Nebelgebilde, die die menschliche Gestalt u..."
[RELEVANCE-DEBUG] GA054/5 Absatz 51: Score=0.500, Vorkommen=2, Kontext-Absätze=5, HitEnthältQuery=true, KontextEnthältQuery=true, Query="ätherleib"
[RELEVANCE-DEBUG-CONTEXT] Hit-Preview: "Im Sinne dieser Geisteswissenschaft sprechen wir deshalb von einem zweiten Glied der menschlichen We..."
[RELEVANCE-DEBUG-CONTEXT] Kontext-Preview: "Alle Rederei von der Grenze der menschlichen Erkenntnis ist Unsinn. Man sollte reden und fragen: Kann sich der Mensch nicht zu einer höheren Erkenntnisstufe erheben? Ist das nicht vielleicht wirklich,..."
[RELEVANCE-DEBUG] GA054/5 Absatz 61: Score=0.680, Vorkommen=4, Kontext-Absätze=5, HitEnthältQuery=true, KontextEnthältQuery=true, Query="ätherleib"
[RELEVANCE-DEBUG-CONTEXT] Hit-Preview: "Nun gibt es Dinge, die tiefer in die menschliche Natur hineingehen, wo das Ich weiter hineinarbeitet..."
[RELEVANCE-DEBUG-CONTEXT] Kontext-Preview: "Machen Sie sich den Unterschied zwischen den Menschen von diesem Standpunkte aus klar. Vergleichen Sie einen Wilden mit einem europäischen Durchschnittsmenschen, mit einem edlen Idealisten, etwa Schil..."
[RELEVANCE-DEBUG] GA054/5 Absatz 62: Score=0.720, Vorkommen=6, Kontext-Absätze=5, HitEnthältQuery=true, KontextEnthältQuery=true, Query="ätherleib"
[RELEVANCE-DEBUG-CONTEXT] Hit-Preview: "Ebenso wenn das Ich aufgeht in Betrachtung eines Kunstwerkes und eine Ahnung erhält, dass hinter dem..."
[RELEVANCE-DEBUG-CONTEXT] Kontext-Preview: "Noch mehr hat ihn umgestaltet eine solche Persönlichkeit wie Schiller, noch mehr eine solche Persönlichkeit, die in gar keiner Beziehung zu den Leidenschaften steht wie Franz von Assisi, die ganz und ..."
[RELEVANCE-DEBUG] GA054/5 Absatz 63: Score=0.760, Vorkommen=8, Kontext-Absätze=5, HitEnthältQuery=true, KontextEnthältQuery=true, Query="ätherleib"
[RELEVANCE-DEBUG-CONTEXT] Hit-Preview: "Nun ist auch der Ätherleib der Träger von alledem, was mehr oder weniger bleibend ist in der menschl..."
[RELEVANCE-DEBUG-CONTEXT] Kontext-Preview: "Nun gibt es Dinge, die tiefer in die menschliche Natur hineingehen, wo das Ich weiter hineinarbeitet als bloß in den Astralleib. Solange Sie mit bloßen moralischen oder Rechtsgrundsätzen, mit logische..."
[RELEVANCE-DEBUG] GA054/5 Absatz 64: Score=0.740, Vorkommen=7, Kontext-Absätze=5, HitEnthältQuery=true, KontextEnthältQuery=true, Query="ätherleib"
[RELEVANCE-DEBUG-CONTEXT] Hit-Preview: "Aber nun denken Sie nach, wie wenig sich bei den meisten Menschen das ändert, was man Gewohnheiten, ..."
[RELEVANCE-DEBUG-CONTEXT] Kontext-Preview: "Ebenso wenn das Ich aufgeht in Betrachtung eines Kunstwerkes und eine Ahnung erhält, dass hinter dem sinnlichen Dasein ein Ewiges, Verborgenes verkörpert sein kann, dann wirkt die künstlerische Vorste..."
[RELEVANCE-DEBUG] GA054/5 Absatz 65: Score=0.700, Vorkommen=5, Kontext-Absätze=5, HitEnthältQuery=true, KontextEnthältQuery=true, Query="ätherleib"
[RELEVANCE-DEBUG-CONTEXT] Hit-Preview: "Nun gibt es eine noch höhere Entwickelung, die der Chela durchmacht. Die beruht darauf, dass man ein..."
[RELEVANCE-DEBUG-CONTEXT] Kontext-Preview: "Nun ist auch der Ätherleib der Träger von alledem, was mehr oder weniger bleibend ist in der menschlichen Natur. Man hat sich klarzumachen, was für ein Unterschied ist zwischen Entwickelung des Ätherl..."
[RELEVANCE-DEBUG] GA054/5 Absatz 68: Score=0.700, Vorkommen=5, Kontext-Absätze=5, HitEnthältQuery=true, KontextEnthältQuery=true, Query="ätherleib"
[RELEVANCE-DEBUG-CONTEXT] Hit-Preview: "So haben wir sieben Glieder der menschlichen Wesenheit, ebenso wie der Regenbogen sieben Farben und ..."
[RELEVANCE-DEBUG-CONTEXT] Kontext-Preview: "Das Schwierigste für den Menschen ist, dass er bis in seinen physischen Leib hineinarbeiten lernt. Auch darüber, wie das Blut sich bewegt, kann man Herr werden; man kann Einfluss bekommen auf die Nerv..."
[RELEVANCE-DEBUG] GA054/5 Absatz 69: Score=0.740, Vorkommen=7, Kontext-Absätze=5, HitEnthältQuery=true, KontextEnthältQuery=true, Query="ätherleib"
[RELEVANCE-DEBUG-CONTEXT] Hit-Preview: "Nun müssen wir in bezug auf unsere heutige Frage dieses Wesen, diese Natur des Menschen näher anscha..."
[RELEVANCE-DEBUG-CONTEXT] Kontext-Preview: "Wenn der Mensch in seinen physischen Leib hineinarbeiten kann und damit in Verbindung mit dem Kosmos treten lernt, dann entwickelt er sein Atman. Dies ist das höchste Glied der menschlichen Wesenheit,..."
[RELEVANCE-SCORING] 6451 Treffer: hoch=3497, mittel=1079, niedrig=1875
[RELEVANCE-THRESHOLDS] Schwellwerte relativ zur Gesamthäufigkeit: hoch≥0.586 (3+ Vorkommen), mittel≥0.390 (2+ Vorkommen)
  [Single] "ätherleib"

Extrahierte 1 Suchbegriffe aus "Ätherleib":
ätherleib
GET /api/book/GA046
[BOOK] Anfrage für GA046
[BOOK] Schrift gefunden: Nachgelassene Abhandlungen und Fragmente (1879-1924)
[BOOK] ✓ Vortrags-Einträge gefunden - werden geschützt
[BOOK] ✓ Überschriften für GA046 gespeichert (4490 Einträge total, 4457 Vorträge geschützt)
[IMAGES-ASSETS] Anfrage für Bild: GA046-Nachgelassene%20Abhandlungen%20und%20Fragmente%201879-1924_img-0.png
[IMAGES-ASSETS] Vollständiger Request-Pfad: /assets/GA046-Nachgelassene%20Abhandlungen%20und%20Fragmente%201879-1924_img-0.png
[IMAGES-ASSETS] Decodierter Pfad: GA046-Nachgelassene Abhandlungen und Fragmente 1879-1924_img-0.png
[IMAGES-ASSETS] Gefundene GA-Nummer: GA046
[IMAGES-ASSETS] Suche in: C:\Users\chuec\OneDrive\GitHub\ga_suche\Steiner_GA
[IMAGES-ASSETS] Gefundener GA-Ordner: GA046-Nachgelassene Abhandlungen und Fragmente 1879-1924
[IMAGES-ASSETS] Vollständiger Pfad: C:\Users\chuec\OneDrive\GitHub\ga_suche\Steiner_GA\GA046-Nachgelassene Abhandlungen und Fragmente 1879-1924\assets\GA046-Nachgelassene Abhandlungen und Fragmente 1879-1924_img-0.png
[IMAGES-ASSETS] ✓ Bild gefunden, serviere: C:\Users\chuec\OneDrive\GitHub\ga_suche\Steiner_GA\GA046-Nachgelassene Abhandlungen und Fragmente 1879-1924\assets\GA046-Nachgelassene Abhandlungen und Fragmente 1879-1924_img-0.png
[IMAGES-ASSETS] Anfrage für Bild: GA046-Nachgelassene%20Abhandlungen%20und%20Fragmente%201879-1924_img-1.png
[IMAGES-ASSETS] Vollständiger Request-Pfad: /assets/GA046-Nachgelassene%20Abhandlungen%20und%20Fragmente%201879-1924_img-1.png
[IMAGES-ASSETS] Decodierter Pfad: GA046-Nachgelassene Abhandlungen und Fragmente 1879-1924_img-1.png
[IMAGES-ASSETS] Gefundene GA-Nummer: GA046
[IMAGES-ASSETS] Suche in: C:\Users\chuec\OneDrive\GitHub\ga_suche\Steiner_GA
[IMAGES-ASSETS] Anfrage für Bild: GA046-Nachgelassene%20Abhandlungen%20und%20Fragmente%201879-1924_img-2.png
[IMAGES-ASSETS] Vollständiger Request-Pfad: /assets/GA046-Nachgelassene%20Abhandlungen%20und%20Fragmente%201879-1924_img-2.png
[IMAGES-ASSETS] Decodierter Pfad: GA046-Nachgelassene Abhandlungen und Fragmente 1879-1924_img-2.png
[IMAGES-ASSETS] Gefundene GA-Nummer: GA046
[IMAGES-ASSETS] Suche in: C:\Users\chuec\OneDrive\GitHub\ga_suche\Steiner_GA
[IMAGES-ASSETS] Anfrage für Bild: GA046-Nachgelassene%20Abhandlungen%20und%20Fragmente%201879-1924_img-4.png
[IMAGES-ASSETS] Vollständiger Request-Pfad: /assets/GA046-Nachgelassene%20Abhandlungen%20und%20Fragmente%201879-1924_img-4.png
[IMAGES-ASSETS] Decodierter Pfad: GA046-Nachgelassene Abhandlungen und Fragmente 1879-1924_img-4.png
[IMAGES-ASSETS] Gefundene GA-Nummer: GA046
[IMAGES-ASSETS] Suche in: C:\Users\chuec\OneDrive\GitHub\ga_suche\Steiner_GA
[IMAGES-ASSETS] Anfrage für Bild: GA046-Nachgelassene%20Abhandlungen%20und%20Fragmente%201879-1924_img-3.png
[IMAGES-ASSETS] Vollständiger Request-Pfad: /assets/GA046-Nachgelassene%20Abhandlungen%20und%20Fragmente%201879-1924_img-3.png
[IMAGES-ASSETS] Decodierter Pfad: GA046-Nachgelassene Abhandlungen und Fragmente 1879-1924_img-3.png
[IMAGES-ASSETS] Gefundene GA-Nummer: GA046
[IMAGES-ASSETS] Suche in: C:\Users\chuec\OneDrive\GitHub\ga_suche\Steiner_GA
[IMAGES-ASSETS] Anfrage für Bild: GA046-Nachgelassene%20Abhandlungen%20und%20Fragmente%201879-1924_img-5.png
[IMAGES-ASSETS] Vollständiger Request-Pfad: /assets/GA046-Nachgelassene%20Abhandlungen%20und%20Fragmente%201879-1924_img-5.png
[IMAGES-ASSETS] Decodierter Pfad: GA046-Nachgelassene Abhandlungen und Fragmente 1879-1924_img-5.png
[IMAGES-ASSETS] Gefundene GA-Nummer: GA046
[IMAGES-ASSETS] Suche in: C:\Users\chuec\OneDrive\GitHub\ga_suche\Steiner_GA
[IMAGES-ASSETS] Gefundener GA-Ordner: GA046-Nachgelassene Abhandlungen und Fragmente 1879-1924
[IMAGES-ASSETS] Vollständiger Pfad: C:\Users\chuec\OneDrive\GitHub\ga_suche\Steiner_GA\GA046-Nachgelassene Abhandlungen und Fragmente 1879-1924\assets\GA046-Nachgelassene Abhandlungen und Fragmente 1879-1924_img-1.png
[IMAGES-ASSETS] ✓ Bild gefunden, serviere: C:\Users\chuec\OneDrive\GitHub\ga_suche\Steiner_GA\GA046-Nachgelassene Abhandlungen und Fragmente 1879-1924\assets\GA046-Nachgelassene Abhandlungen und Fragmente 1879-1924_img-1.png
[IMAGES-ASSETS] Gefundener GA-Ordner: GA046-Nachgelassene Abhandlungen und Fragmente 1879-1924
[IMAGES-ASSETS] Vollständiger Pfad: C:\Users\chuec\OneDrive\GitHub\ga_suche\Steiner_GA\GA046-Nachgelassene Abhandlungen und Fragmente 1879-1924\assets\GA046-Nachgelassene Abhandlungen und Fragmente 1879-1924_img-2.png
[IMAGES-ASSETS] ✓ Bild gefunden, serviere: C:\Users\chuec\OneDrive\GitHub\ga_suche\Steiner_GA\GA046-Nachgelassene Abhandlungen und Fragmente 1879-1924\assets\GA046-Nachgelassene Abhandlungen und Fragmente 1879-1924_img-2.png
[IMAGES-ASSETS] Gefundener GA-Ordner: GA046-Nachgelassene Abhandlungen und Fragmente 1879-1924
[IMAGES-ASSETS] Vollständiger Pfad: C:\Users\chuec\OneDrive\GitHub\ga_suche\Steiner_GA\GA046-Nachgelassene Abhandlungen und Fragmente 1879-1924\assets\GA046-Nachgelassene Abhandlungen und Fragmente 1879-1924_img-4.png
[IMAGES-ASSETS] ✓ Bild gefunden, serviere: C:\Users\chuec\OneDrive\GitHub\ga_suche\Steiner_GA\GA046-Nachgelassene Abhandlungen und Fragmente 1879-1924\assets\GA046-Nachgelassene Abhandlungen und Fragmente 1879-1924_img-4.png
[IMAGES-ASSETS] Gefundener GA-Ordner: GA046-Nachgelassene Abhandlungen und Fragmente 1879-1924
[IMAGES-ASSETS] Vollständiger Pfad: C:\Users\chuec\OneDrive\GitHub\ga_suche\Steiner_GA\GA046-Nachgelassene Abhandlungen und Fragmente 1879-1924\assets\GA046-Nachgelassene Abhandlungen und Fragmente 1879-1924_img-3.png
[IMAGES-ASSETS] ✓ Bild gefunden, serviere: C:\Users\chuec\OneDrive\GitHub\ga_suche\Steiner_GA\GA046-Nachgelassene Abhandlungen und Fragmente 1879-1924\assets\GA046-Nachgelassene Abhandlungen und Fragmente 1879-1924_img-3.png
[IMAGES-ASSETS] Anfrage für Bild: GA046-Nachgelassene%20Abhandlungen%20und%20Fragmente%201879-1924_img-6.png
[IMAGES-ASSETS] Vollständiger Request-Pfad: /assets/GA046-Nachgelassene%20Abhandlungen%20und%20Fragmente%201879-1924_img-6.png
[IMAGES-ASSETS] Decodierter Pfad: GA046-Nachgelassene Abhandlungen und Fragmente 1879-1924_img-6.png
[IMAGES-ASSETS] Gefundene GA-Nummer: GA046
[IMAGES-ASSETS] Suche in: C:\Users\chuec\OneDrive\GitHub\ga_suche\Steiner_GA
[IMAGES-ASSETS] Gefundener GA-Ordner: GA046-Nachgelassene Abhandlungen und Fragmente 1879-1924
[IMAGES-ASSETS] Vollständiger Pfad: C:\Users\chuec\OneDrive\GitHub\ga_suche\Steiner_GA\GA046-Nachgelassene Abhandlungen und Fragmente 1879-1924\assets\GA046-Nachgelassene Abhandlungen und Fragmente 1879-1924_img-5.png
[IMAGES-ASSETS] ✓ Bild gefunden, serviere: C:\Users\chuec\OneDrive\GitHub\ga_suche\Steiner_GA\GA046-Nachgelassene Abhandlungen und Fragmente 1879-1924\assets\GA046-Nachgelassene Abhandlungen und Fragmente 1879-1924_img-5.png
[IMAGES-ASSETS] Gefundener GA-Ordner: GA046-Nachgelassene Abhandlungen und Fragmente 1879-1924
[IMAGES-ASSETS] Vollständiger Pfad: C:\Users\chuec\OneDrive\GitHub\ga_suche\Steiner_GA\GA046-Nachgelassene Abhandlungen und Fragmente 1879-1924\assets\GA046-Nachgelassene Abhandlungen und Fragmente 1879-1924_img-6.png
[IMAGES-ASSETS] ✓ Bild gefunden, serviere: C:\Users\chuec\OneDrive\GitHub\ga_suche\Steiner_GA\GA046-Nachgelassene Abhandlungen und Fragmente 1879-1924\assets\GA046-Nachgelassene Abhandlungen und Fragmente 1879-1924_img-6.png
[IMAGES-ASSETS] Anfrage für Bild: GA046-Nachgelassene%20Abhandlungen%20und%20Fragmente%201879-1924_img-7.png
[IMAGES-ASSETS] Vollständiger Request-Pfad: /assets/GA046-Nachgelassene%20Abhandlungen%20und%20Fragmente%201879-1924_img-7.png
[IMAGES-ASSETS] Decodierter Pfad: GA046-Nachgelassene Abhandlungen und Fragmente 1879-1924_img-7.png
[IMAGES-ASSETS] Gefundene GA-Nummer: GA046
[IMAGES-ASSETS] Suche in: C:\Users\chuec\OneDrive\GitHub\ga_suche\Steiner_GA
[IMAGES-ASSETS] Gefundener GA-Ordner: GA046-Nachgelassene Abhandlungen und Fragmente 1879-1924
[IMAGES-ASSETS] Vollständiger Pfad: C:\Users\chuec\OneDrive\GitHub\ga_suche\Steiner_GA\GA046-Nachgelassene Abhandlungen und Fragmente 1879-1924\assets\GA046-Nachgelassene Abhandlungen und Fragmente 1879-1924_img-7.png
[IMAGES-ASSETS] ✓ Bild gefunden, serviere: C:\Users\chuec\OneDrive\GitHub\ga_suche\Steiner_GA\GA046-Nachgelassene Abhandlungen und Fragmente 1879-1924\assets\GA046-Nachgelassene Abhandlungen und Fragmente 1879-1924_img-7.png
[IMAGES-ASSETS] Anfrage für Bild: GA046-Nachgelassene%20Abhandlungen%20und%20Fragmente%201879-1924_img-8.png
[IMAGES-ASSETS] Vollständiger Request-Pfad: /assets/GA046-Nachgelassene%20Abhandlungen%20und%20Fragmente%201879-1924_img-8.png
[IMAGES-ASSETS] Decodierter Pfad: GA046-Nachgelassene Abhandlungen und Fragmente 1879-1924_img-8.png
[IMAGES-ASSETS] Gefundene GA-Nummer: GA046
[IMAGES-ASSETS] Suche in: C:\Users\chuec\OneDrive\GitHub\ga_suche\Steiner_GA
[IMAGES-ASSETS] Anfrage für Bild: GA046-Nachgelassene%20Abhandlungen%20und%20Fragmente%201879-1924_img-9.png
[IMAGES-ASSETS] Vollständiger Request-Pfad: /assets/GA046-Nachgelassene%20Abhandlungen%20und%20Fragmente%201879-1924_img-9.png
[IMAGES-ASSETS] Decodierter Pfad: GA046-Nachgelassene Abhandlungen und Fragmente 1879-1924_img-9.png
[IMAGES-ASSETS] Gefundene GA-Nummer: GA046
[IMAGES-ASSETS] Suche in: C:\Users\chuec\OneDrive\GitHub\ga_suche\Steiner_GA
[IMAGES-ASSETS] Anfrage für Bild: GA046-Nachgelassene%20Abhandlungen%20und%20Fragmente%201879-1924_img-10.png
[IMAGES-ASSETS] Vollständiger Request-Pfad: /assets/GA046-Nachgelassene%20Abhandlungen%20und%20Fragmente%201879-1924_img-10.png
[IMAGES-ASSETS] Decodierter Pfad: GA046-Nachgelassene Abhandlungen und Fragmente 1879-1924_img-10.png
[IMAGES-ASSETS] Gefundene GA-Nummer: GA046
[IMAGES-ASSETS] Suche in: C:\Users\chuec\OneDrive\GitHub\ga_suche\Steiner_GA
[IMAGES-ASSETS] Anfrage für Bild: GA046-Nachgelassene%20Abhandlungen%20und%20Fragmente%201879-1924_img-11.png
[IMAGES-ASSETS] Vollständiger Request-Pfad: /assets/GA046-Nachgelassene%20Abhandlungen%20und%20Fragmente%201879-1924_img-11.png
[IMAGES-ASSETS] Decodierter Pfad: GA046-Nachgelassene Abhandlungen und Fragmente 1879-1924_img-11.png
[IMAGES-ASSETS] Gefundene GA-Nummer: GA046
[IMAGES-ASSETS] Suche in: C:\Users\chuec\OneDrive\GitHub\ga_suche\Steiner_GA
[IMAGES-ASSETS] Gefundener GA-Ordner: GA046-Nachgelassene Abhandlungen und Fragmente 1879-1924
[IMAGES-ASSETS] Vollständiger Pfad: C:\Users\chuec\OneDrive\GitHub\ga_suche\Steiner_GA\GA046-Nachgelassene Abhandlungen und Fragmente 1879-1924\assets\GA046-Nachgelassene Abhandlungen und Fragmente 1879-1924_img-8.png
[IMAGES-ASSETS] ✓ Bild gefunden, serviere: C:\Users\chuec\OneDrive\GitHub\ga_suche\Steiner_GA\GA046-Nachgelassene Abhandlungen und Fragmente 1879-1924\assets\GA046-Nachgelassene Abhandlungen und Fragmente 1879-1924_img-8.png
[IMAGES-ASSETS] Gefundener GA-Ordner: GA046-Nachgelassene Abhandlungen und Fragmente 1879-1924
[IMAGES-ASSETS] Vollständiger Pfad: C:\Users\chuec\OneDrive\GitHub\ga_suche\Steiner_GA\GA046-Nachgelassene Abhandlungen und Fragmente 1879-1924\assets\GA046-Nachgelassene Abhandlungen und Fragmente 1879-1924_img-9.png
[IMAGES-ASSETS] ✓ Bild gefunden, serviere: C:\Users\chuec\OneDrive\GitHub\ga_suche\Steiner_GA\GA046-Nachgelassene Abhandlungen und Fragmente 1879-1924\assets\GA046-Nachgelassene Abhandlungen und Fragmente 1879-1924_img-9.png
[IMAGES-ASSETS] Gefundener GA-Ordner: GA046-Nachgelassene Abhandlungen und Fragmente 1879-1924
[IMAGES-ASSETS] Vollständiger Pfad: C:\Users\chuec\OneDrive\GitHub\ga_suche\Steiner_GA\GA046-Nachgelassene Abhandlungen und Fragmente 1879-1924\assets\GA046-Nachgelassene Abhandlungen und Fragmente 1879-1924_img-10.png
[IMAGES-ASSETS] ✓ Bild gefunden, serviere: C:\Users\chuec\OneDrive\GitHub\ga_suche\Steiner_GA\GA046-Nachgelassene Abhandlungen und Fragmente 1879-1924\assets\GA046-Nachgelassene Abhandlungen und Fragmente 1879-1924_img-10.png
[IMAGES-ASSETS] Anfrage für Bild: GA046-Nachgelassene%20Abhandlungen%20und%20Fragmente%201879-1924_img-12.png
[IMAGES-ASSETS] Vollständiger Request-Pfad: /assets/GA046-Nachgelassene%20Abhandlungen%20und%20Fragmente%201879-1924_img-12.png
[IMAGES-ASSETS] Decodierter Pfad: GA046-Nachgelassene Abhandlungen und Fragmente 1879-1924_img-12.png
[IMAGES-ASSETS] Gefundene GA-Nummer: GA046
[IMAGES-ASSETS] Suche in: C:\Users\chuec\OneDrive\GitHub\ga_suche\Steiner_GA
[IMAGES-ASSETS] Anfrage für Bild: GA046-Nachgelassene%20Abhandlungen%20und%20Fragmente%201879-1924_img-13.png
[IMAGES-ASSETS] Vollständiger Request-Pfad: /assets/GA046-Nachgelassene%20Abhandlungen%20und%20Fragmente%201879-1924_img-13.png
[IMAGES-ASSETS] Decodierter Pfad: GA046-Nachgelassene Abhandlungen und Fragmente 1879-1924_img-13.png
[IMAGES-ASSETS] Gefundene GA-Nummer: GA046
[IMAGES-ASSETS] Suche in: C:\Users\chuec\OneDrive\GitHub\ga_suche\Steiner_GA
[IMAGES-ASSETS] Gefundener GA-Ordner: GA046-Nachgelassene Abhandlungen und Fragmente 1879-1924
[IMAGES-ASSETS] Vollständiger Pfad: C:\Users\chuec\OneDrive\GitHub\ga_suche\Steiner_GA\GA046-Nachgelassene Abhandlungen und Fragmente 1879-1924\assets\GA046-Nachgelassene Abhandlungen und Fragmente 1879-1924_img-11.png
[IMAGES-ASSETS] ✓ Bild gefunden, serviere: C:\Users\chuec\OneDrive\GitHub\ga_suche\Steiner_GA\GA046-Nachgelassene Abhandlungen und Fragmente 1879-1924\assets\GA046-Nachgelassene Abhandlungen und Fragmente 1879-1924_img-11.png
[IMAGES-ASSETS] Gefundener GA-Ordner: GA046-Nachgelassene Abhandlungen und Fragmente 1879-1924
[IMAGES-ASSETS] Vollständiger Pfad: C:\Users\chuec\OneDrive\GitHub\ga_suche\Steiner_GA\GA046-Nachgelassene Abhandlungen und Fragmente 1879-1924\assets\GA046-Nachgelassene Abhandlungen und Fragmente 1879-1924_img-12.png
[IMAGES-ASSETS] ✓ Bild gefunden, serviere: C:\Users\chuec\OneDrive\GitHub\ga_suche\Steiner_GA\GA046-Nachgelassene Abhandlungen und Fragmente 1879-1924\assets\GA046-Nachgelassene Abhandlungen und Fragmente 1879-1924_img-12.png
[IMAGES-ASSETS] Gefundener GA-Ordner: GA046-Nachgelassene Abhandlungen und Fragmente 1879-1924
[IMAGES-ASSETS] Vollständiger Pfad: C:\Users\chuec\OneDrive\GitHub\ga_suche\Steiner_GA\GA046-Nachgelassene Abhandlungen und Fragmente 1879-1924\assets\GA046-Nachgelassene Abhandlungen und Fragmente 1879-1924_img-13.png
[IMAGES-ASSETS] ✓ Bild gefunden, serviere: C:\Users\chuec\OneDrive\GitHub\ga_suche\Steiner_GA\GA046-Nachgelassene Abhandlungen und Fragmente 1879-1924\assets\GA046-Nachgelassene Abhandlungen und Fragmente 1879-1924_img-13.png
[IMAGES-ASSETS] Anfrage für Bild: GA046-Nachgelassene%20Abhandlungen%20und%20Fragmente%201879-1924_img-14.png
[IMAGES-ASSETS] Vollständiger Request-Pfad: /assets/GA046-Nachgelassene%20Abhandlungen%20und%20Fragmente%201879-1924_img-14.png
[IMAGES-ASSETS] Decodierter Pfad: GA046-Nachgelassene Abhandlungen und Fragmente 1879-1924_img-14.png
[IMAGES-ASSETS] Gefundene GA-Nummer: GA046
[IMAGES-ASSETS] Suche in: C:\Users\chuec\OneDrive\GitHub\ga_suche\Steiner_GA
[IMAGES-ASSETS] Anfrage für Bild: GA046-Nachgelassene%20Abhandlungen%20und%20Fragmente%201879-1924_img-15.png
[IMAGES-ASSETS] Vollständiger Request-Pfad: /assets/GA046-Nachgelassene%20Abhandlungen%20und%20Fragmente%201879-1924_img-15.png
[IMAGES-ASSETS] Decodierter Pfad: GA046-Nachgelassene Abhandlungen und Fragmente 1879-1924_img-15.png
[IMAGES-ASSETS] Gefundene GA-Nummer: GA046
[IMAGES-ASSETS] Suche in: C:\Users\chuec\OneDrive\GitHub\ga_suche\Steiner_GA
[IMAGES-ASSETS] Anfrage für Bild: GA046-Nachgelassene%20Abhandlungen%20und%20Fragmente%201879-1924_img-16.png
[IMAGES-ASSETS] Vollständiger Request-Pfad: /assets/GA046-Nachgelassene%20Abhandlungen%20und%20Fragmente%201879-1924_img-16.png
[IMAGES-ASSETS] Decodierter Pfad: GA046-Nachgelassene Abhandlungen und Fragmente 1879-1924_img-16.png
[IMAGES-ASSETS] Gefundene GA-Nummer: GA046
[IMAGES-ASSETS] Suche in: C:\Users\chuec\OneDrive\GitHub\ga_suche\Steiner_GA
[IMAGES-ASSETS] Gefundener GA-Ordner: GA046-Nachgelassene Abhandlungen und Fragmente 1879-1924
[IMAGES-ASSETS] Vollständiger Pfad: C:\Users\chuec\OneDrive\GitHub\ga_suche\Steiner_GA\GA046-Nachgelassene Abhandlungen und Fragmente 1879-1924\assets\GA046-Nachgelassene Abhandlungen und Fragmente 1879-1924_img-14.png
[IMAGES-ASSETS] ✓ Bild gefunden, serviere: C:\Users\chuec\OneDrive\GitHub\ga_suche\Steiner_GA\GA046-Nachgelassene Abhandlungen und Fragmente 1879-1924\assets\GA046-Nachgelassene Abhandlungen und Fragmente 1879-1924_img-14.png
[IMAGES-ASSETS] Gefundener GA-Ordner: GA046-Nachgelassene Abhandlungen und Fragmente 1879-1924
[IMAGES-ASSETS] Vollständiger Pfad: C:\Users\chuec\OneDrive\GitHub\ga_suche\Steiner_GA\GA046-Nachgelassene Abhandlungen und Fragmente 1879-1924\assets\GA046-Nachgelassene Abhandlungen und Fragmente 1879-1924_img-15.png
[IMAGES-ASSETS] ✓ Bild gefunden, serviere: C:\Users\chuec\OneDrive\GitHub\ga_suche\Steiner_GA\GA046-Nachgelassene Abhandlungen und Fragmente 1879-1924\assets\GA046-Nachgelassene Abhandlungen und Fragmente 1879-1924_img-15.png
[IMAGES-ASSETS] Anfrage für Bild: GA046-Nachgelassene%20Abhandlungen%20und%20Fragmente%201879-1924_img-17.png
[IMAGES-ASSETS] Vollständiger Request-Pfad: /assets/GA046-Nachgelassene%20Abhandlungen%20und%20Fragmente%201879-1924_img-17.png
[IMAGES-ASSETS] Decodierter Pfad: GA046-Nachgelassene Abhandlungen und Fragmente 1879-1924_img-17.png
[IMAGES-ASSETS] Gefundene GA-Nummer: GA046
[IMAGES-ASSETS] Suche in: C:\Users\chuec\OneDrive\GitHub\ga_suche\Steiner_GA
[IMAGES-ASSETS] Anfrage für Bild: GA046-Nachgelassene%20Abhandlungen%20und%20Fragmente%201879-1924_img-18.png
[IMAGES-ASSETS] Vollständiger Request-Pfad: /assets/GA046-Nachgelassene%20Abhandlungen%20und%20Fragmente%201879-1924_img-18.png
[IMAGES-ASSETS] Decodierter Pfad: GA046-Nachgelassene Abhandlungen und Fragmente 1879-1924_img-18.png
[IMAGES-ASSETS] Gefundene GA-Nummer: GA046
[IMAGES-ASSETS] Suche in: C:\Users\chuec\OneDrive\GitHub\ga_suche\Steiner_GA
[IMAGES-ASSETS] Anfrage für Bild: GA046-Nachgelassene%20Abhandlungen%20und%20Fragmente%201879-1924_img-19.png
[IMAGES-ASSETS] Vollständiger Request-Pfad: /assets/GA046-Nachgelassene%20Abhandlungen%20und%20Fragmente%201879-1924_img-19.png
[IMAGES-ASSETS] Decodierter Pfad: GA046-Nachgelassene Abhandlungen und Fragmente 1879-1924_img-19.png
[IMAGES-ASSETS] Gefundene GA-Nummer: GA046
[IMAGES-ASSETS] Suche in: C:\Users\chuec\OneDrive\GitHub\ga_suche\Steiner_GA
[IMAGES-ASSETS] Gefundener GA-Ordner: GA046-Nachgelassene Abhandlungen und Fragmente 1879-1924
[IMAGES-ASSETS] Vollständiger Pfad: C:\Users\chuec\OneDrive\GitHub\ga_suche\Steiner_GA\GA046-Nachgelassene Abhandlungen und Fragmente 1879-1924\assets\GA046-Nachgelassene Abhandlungen und Fragmente 1879-1924_img-16.png
[IMAGES-ASSETS] ✓ Bild gefunden, serviere: C:\Users\chuec\OneDrive\GitHub\ga_suche\Steiner_GA\GA046-Nachgelassene Abhandlungen und Fragmente 1879-1924\assets\GA046-Nachgelassene Abhandlungen und Fragmente 1879-1924_img-16.png
[IMAGES-ASSETS] Gefundener GA-Ordner: GA046-Nachgelassene Abhandlungen und Fragmente 1879-1924
[IMAGES-ASSETS] Vollständiger Pfad: C:\Users\chuec\OneDrive\GitHub\ga_suche\Steiner_GA\GA046-Nachgelassene Abhandlungen und Fragmente 1879-1924\assets\GA046-Nachgelassene Abhandlungen und Fragmente 1879-1924_img-17.png
[IMAGES-ASSETS] ✓ Bild gefunden, serviere: C:\Users\chuec\OneDrive\GitHub\ga_suche\Steiner_GA\GA046-Nachgelassene Abhandlungen und Fragmente 1879-1924\assets\GA046-Nachgelassene Abhandlungen und Fragmente 1879-1924_img-17.png
[IMAGES-ASSETS] Gefundener GA-Ordner: GA046-Nachgelassene Abhandlungen und Fragmente 1879-1924
[IMAGES-ASSETS] Vollständiger Pfad: C:\Users\chuec\OneDrive\GitHub\ga_suche\Steiner_GA\GA046-Nachgelassene Abhandlungen und Fragmente 1879-1924\assets\GA046-Nachgelassene Abhandlungen und Fragmente 1879-1924_img-18.png
[IMAGES-ASSETS] ✓ Bild gefunden, serviere: C:\Users\chuec\OneDrive\GitHub\ga_suche\Steiner_GA\GA046-Nachgelassene Abhandlungen und Fragmente 1879-1924\assets\GA046-Nachgelassene Abhandlungen und Fragmente 1879-1924_img-18.png
[IMAGES-ASSETS] Gefundener GA-Ordner: GA046-Nachgelassene Abhandlungen und Fragmente 1879-1924
[IMAGES-ASSETS] Vollständiger Pfad: C:\Users\chuec\OneDrive\GitHub\ga_suche\Steiner_GA\GA046-Nachgelassene Abhandlungen und Fragmente 1879-1924\assets\GA046-Nachgelassene Abhandlungen und Fragmente 1879-1924_img-19.png
[IMAGES-ASSETS] ✓ Bild gefunden, serviere: C:\Users\chuec\OneDrive\GitHub\ga_suche\Steiner_GA\GA046-Nachgelassene Abhandlungen und Fragmente 1879-1924\assets\GA046-Nachgelassene Abhandlungen und Fragmente 1879-1924_img-19.png
[IMAGES-ASSETS] Anfrage für Bild: GA046-Nachgelassene%20Abhandlungen%20und%20Fragmente%201879-1924_img-20.png
[IMAGES-ASSETS] Vollständiger Request-Pfad: /assets/GA046-Nachgelassene%20Abhandlungen%20und%20Fragmente%201879-1924_img-20.png
[IMAGES-ASSETS] Decodierter Pfad: GA046-Nachgelassene Abhandlungen und Fragmente 1879-1924_img-20.png
[IMAGES-ASSETS] Gefundene GA-Nummer: GA046
[IMAGES-ASSETS] Suche in: C:\Users\chuec\OneDrive\GitHub\ga_suche\Steiner_GA
[IMAGES-ASSETS] Anfrage für Bild: GA046-Nachgelassene%20Abhandlungen%20und%20Fragmente%201879-1924_img-21.png
[IMAGES-ASSETS] Vollständiger Request-Pfad: /assets/GA046-Nachgelassene%20Abhandlungen%20und%20Fragmente%201879-1924_img-21.png
[IMAGES-ASSETS] Decodierter Pfad: GA046-Nachgelassene Abhandlungen und Fragmente 1879-1924_img-21.png
[IMAGES-ASSETS] Gefundene GA-Nummer: GA046
[IMAGES-ASSETS] Suche in: C:\Users\chuec\OneDrive\GitHub\ga_suche\Steiner_GA
[IMAGES-ASSETS] Gefundener GA-Ordner: GA046-Nachgelassene Abhandlungen und Fragmente 1879-1924
[IMAGES-ASSETS] Vollständiger Pfad: C:\Users\chuec\OneDrive\GitHub\ga_suche\Steiner_GA\GA046-Nachgelassene Abhandlungen und Fragmente 1879-1924\assets\GA046-Nachgelassene Abhandlungen und Fragmente 1879-1924_img-20.png
[IMAGES-ASSETS] ✓ Bild gefunden, serviere: C:\Users\chuec\OneDrive\GitHub\ga_suche\Steiner_GA\GA046-Nachgelassene Abhandlungen und Fragmente 1879-1924\assets\GA046-Nachgelassene Abhandlungen und Fragmente 1879-1924_img-20.png
[IMAGES-ASSETS] Anfrage für Bild: GA046-Nachgelassene%20Abhandlungen%20und%20Fragmente%201879-1924_img-22.png
[IMAGES-ASSETS] Vollständiger Request-Pfad: /assets/GA046-Nachgelassene%20Abhandlungen%20und%20Fragmente%201879-1924_img-22.png
[IMAGES-ASSETS] Decodierter Pfad: GA046-Nachgelassene Abhandlungen und Fragmente 1879-1924_img-22.png
[IMAGES-ASSETS] Gefundene GA-Nummer: GA046
[IMAGES-ASSETS] Suche in: C:\Users\chuec\OneDrive\GitHub\ga_suche\Steiner_GA
[IMAGES-ASSETS] Anfrage für Bild: GA046-Nachgelassene%20Abhandlungen%20und%20Fragmente%201879-1924_img-23.png
[IMAGES-ASSETS] Vollständiger Request-Pfad: /assets/GA046-Nachgelassene%20Abhandlungen%20und%20Fragmente%201879-1924_img-23.png
[IMAGES-ASSETS] Decodierter Pfad: GA046-Nachgelassene Abhandlungen und Fragmente 1879-1924_img-23.png
[IMAGES-ASSETS] Gefundene GA-Nummer: GA046
[IMAGES-ASSETS] Suche in: C:\Users\chuec\OneDrive\GitHub\ga_suche\Steiner_GA
[IMAGES-ASSETS] Anfrage für Bild: GA046-Nachgelassene%20Abhandlungen%20und%20Fragmente%201879-1924_img-24.png
[IMAGES-ASSETS] Vollständiger Request-Pfad: /assets/GA046-Nachgelassene%20Abhandlungen%20und%20Fragmente%201879-1924_img-24.png
[IMAGES-ASSETS] Decodierter Pfad: GA046-Nachgelassene Abhandlungen und Fragmente 1879-1924_img-24.png
[IMAGES-ASSETS] Gefundene GA-Nummer: GA046
[IMAGES-ASSETS] Suche in: C:\Users\chuec\OneDrive\GitHub\ga_suche\Steiner_GA
[IMAGES-ASSETS] Gefundener GA-Ordner: GA046-Nachgelassene Abhandlungen und Fragmente 1879-1924
[IMAGES-ASSETS] Vollständiger Pfad: C:\Users\chuec\OneDrive\GitHub\ga_suche\Steiner_GA\GA046-Nachgelassene Abhandlungen und Fragmente 1879-1924\assets\GA046-Nachgelassene Abhandlungen und Fragmente 1879-1924_img-21.png
[IMAGES-ASSETS] ✓ Bild gefunden, serviere: C:\Users\chuec\OneDrive\GitHub\ga_suche\Steiner_GA\GA046-Nachgelassene Abhandlungen und Fragmente 1879-1924\assets\GA046-Nachgelassene Abhandlungen und Fragmente 1879-1924_img-21.png
[IMAGES-ASSETS] Gefundener GA-Ordner: GA046-Nachgelassene Abhandlungen und Fragmente 1879-1924
[IMAGES-ASSETS] Vollständiger Pfad: C:\Users\chuec\OneDrive\GitHub\ga_suche\Steiner_GA\GA046-Nachgelassene Abhandlungen und Fragmente 1879-1924\assets\GA046-Nachgelassene Abhandlungen und Fragmente 1879-1924_img-22.png
[IMAGES-ASSETS] ✓ Bild gefunden, serviere: C:\Users\chuec\OneDrive\GitHub\ga_suche\Steiner_GA\GA046-Nachgelassene Abhandlungen und Fragmente 1879-1924\assets\GA046-Nachgelassene Abhandlungen und Fragmente 1879-1924_img-22.png
[IMAGES-ASSETS] Gefundener GA-Ordner: GA046-Nachgelassene Abhandlungen und Fragmente 1879-1924
[IMAGES-ASSETS] Vollständiger Pfad: C:\Users\chuec\OneDrive\GitHub\ga_suche\Steiner_GA\GA046-Nachgelassene Abhandlungen und Fragmente 1879-1924\assets\GA046-Nachgelassene Abhandlungen und Fragmente 1879-1924_img-23.png
[IMAGES-ASSETS] ✓ Bild gefunden, serviere: C:\Users\chuec\OneDrive\GitHub\ga_suche\Steiner_GA\GA046-Nachgelassene Abhandlungen und Fragmente 1879-1924\assets\GA046-Nachgelassene Abhandlungen und Fragmente 1879-1924_img-23.png
[IMAGES-ASSETS] Anfrage für Bild: GA046-Nachgelassene%20Abhandlungen%20und%20Fragmente%201879-1924_img-25.png
[IMAGES-ASSETS] Vollständiger Request-Pfad: /assets/GA046-Nachgelassene%20Abhandlungen%20und%20Fragmente%201879-1924_img-25.png
[IMAGES-ASSETS] Decodierter Pfad: GA046-Nachgelassene Abhandlungen und Fragmente 1879-1924_img-25.png
[IMAGES-ASSETS] Gefundene GA-Nummer: GA046
[IMAGES-ASSETS] Suche in: C:\Users\chuec\OneDrive\GitHub\ga_suche\Steiner_GA
[IMAGES-ASSETS] Gefundener GA-Ordner: GA046-Nachgelassene Abhandlungen und Fragmente 1879-1924
[IMAGES-ASSETS] Vollständiger Pfad: C:\Users\chuec\OneDrive\GitHub\ga_suche\Steiner_GA\GA046-Nachgelassene Abhandlungen und Fragmente 1879-1924\assets\GA046-Nachgelassene Abhandlungen und Fragmente 1879-1924_img-24.png
[IMAGES-ASSETS] ✓ Bild gefunden, serviere: C:\Users\chuec\OneDrive\GitHub\ga_suche\Steiner_GA\GA046-Nachgelassene Abhandlungen und Fragmente 1879-1924\assets\GA046-Nachgelassene Abhandlungen und Fragmente 1879-1924_img-24.png
[IMAGES-ASSETS] Anfrage für Bild: GA046-Nachgelassene%20Abhandlungen%20und%20Fragmente%201879-1924_img-26.png
[IMAGES-ASSETS] Vollständiger Request-Pfad: /assets/GA046-Nachgelassene%20Abhandlungen%20und%20Fragmente%201879-1924_img-26.png
[IMAGES-ASSETS] Decodierter Pfad: GA046-Nachgelassene Abhandlungen und Fragmente 1879-1924_img-26.png
[IMAGES-ASSETS] Gefundene GA-Nummer: GA046
[IMAGES-ASSETS] Suche in: C:\Users\chuec\OneDrive\GitHub\ga_suche\Steiner_GA
[IMAGES-ASSETS] Gefundener GA-Ordner: GA046-Nachgelassene Abhandlungen und Fragmente 1879-1924
[IMAGES-ASSETS] Vollständiger Pfad: C:\Users\chuec\OneDrive\GitHub\ga_suche\Steiner_GA\GA046-Nachgelassene Abhandlungen und Fragmente 1879-1924\assets\GA046-Nachgelassene Abhandlungen und Fragmente 1879-1924_img-25.png
[IMAGES-ASSETS] ✓ Bild gefunden, serviere: C:\Users\chuec\OneDrive\GitHub\ga_suche\Steiner_GA\GA046-Nachgelassene Abhandlungen und Fragmente 1879-1924\assets\GA046-Nachgelassene Abhandlungen und Fragmente 1879-1924_img-25.png
[IMAGES-ASSETS] Anfrage für Bild: GA046-Nachgelassene%20Abhandlungen%20und%20Fragmente%201879-1924_img-27.png
[IMAGES-ASSETS] Vollständiger Request-Pfad: /assets/GA046-Nachgelassene%20Abhandlungen%20und%20Fragmente%201879-1924_img-27.png
[IMAGES-ASSETS] Decodierter Pfad: GA046-Nachgelassene Abhandlungen und Fragmente 1879-1924_img-27.png
[IMAGES-ASSETS] Gefundene GA-Nummer: GA046
[IMAGES-ASSETS] Suche in: C:\Users\chuec\OneDrive\GitHub\ga_suche\Steiner_GA
[IMAGES-ASSETS] Anfrage für Bild: GA046-Nachgelassene%20Abhandlungen%20und%20Fragmente%201879-1924_img-28.png
[IMAGES-ASSETS] Vollständiger Request-Pfad: /assets/GA046-Nachgelassene%20Abhandlungen%20und%20Fragmente%201879-1924_img-28.png
[IMAGES-ASSETS] Decodierter Pfad: GA046-Nachgelassene Abhandlungen und Fragmente 1879-1924_img-28.png
[IMAGES-ASSETS] Gefundene GA-Nummer: GA046
[IMAGES-ASSETS] Suche in: C:\Users\chuec\OneDrive\GitHub\ga_suche\Steiner_GA
[IMAGES-ASSETS] Gefundener GA-Ordner: GA046-Nachgelassene Abhandlungen und Fragmente 1879-1924
[IMAGES-ASSETS] Vollständiger Pfad: C:\Users\chuec\OneDrive\GitHub\ga_suche\Steiner_GA\GA046-Nachgelassene Abhandlungen und Fragmente 1879-1924\assets\GA046-Nachgelassene Abhandlungen und Fragmente 1879-1924_img-26.png
[IMAGES-ASSETS] ✓ Bild gefunden, serviere: C:\Users\chuec\OneDrive\GitHub\ga_suche\Steiner_GA\GA046-Nachgelassene Abhandlungen und Fragmente 1879-1924\assets\GA046-Nachgelassene Abhandlungen und Fragmente 1879-1924_img-26.png
[IMAGES-ASSETS] Gefundener GA-Ordner: GA046-Nachgelassene Abhandlungen und Fragmente 1879-1924
[IMAGES-ASSETS] Vollständiger Pfad: C:\Users\chuec\OneDrive\GitHub\ga_suche\Steiner_GA\GA046-Nachgelassene Abhandlungen und Fragmente 1879-1924\assets\GA046-Nachgelassene Abhandlungen und Fragmente 1879-1924_img-27.png
[IMAGES-ASSETS] ✓ Bild gefunden, serviere: C:\Users\chuec\OneDrive\GitHub\ga_suche\Steiner_GA\GA046-Nachgelassene Abhandlungen und Fragmente 1879-1924\assets\GA046-Nachgelassene Abhandlungen und Fragmente 1879-1924_img-27.png
[IMAGES-ASSETS] Gefundener GA-Ordner: GA046-Nachgelassene Abhandlungen und Fragmente 1879-1924
[IMAGES-ASSETS] Vollständiger Pfad: C:\Users\chuec\OneDrive\GitHub\ga_suche\Steiner_GA\GA046-Nachgelassene Abhandlungen und Fragmente 1879-1924\assets\GA046-Nachgelassene Abhandlungen und Fragmente 1879-1924_img-28.png
[IMAGES-ASSETS] ✓ Bild gefunden, serviere: C:\Users\chuec\OneDrive\GitHub\ga_suche\Steiner_GA\GA046-Nachgelassene Abhandlungen und Fragmente 1879-1924\assets\GA046-Nachgelassene Abhandlungen und Fragmente 1879-1924_img-28.png
GET /api/backups/list
GET /api/backups/list/full
POST /api/backups/create
[BACKUP] Erstelle umfassendes Backup...
[BACKUP] thematic-clusters.json nicht gefunden - kein Backup erstellt
[BACKUP] steiner-images.json nicht gefunden - kein Backup erstellt
[BACKUP] ✓ HTML: keyword-manager-2025-12-03T11-21-26-389Z.html
[BACKUP] ✓ HTML: index-2025-12-03T11-21-26-389Z.html
[BACKUP] 1 alte keyword-manager-Backups gelöscht
[BACKUP] ✓ Code: backend-2025-12-03T11-21-26-389Z.js
[BACKUP] 1 alte index-Backups gelöscht
[BACKUP] ✓ HTML: app-2025-12-03T11-21-26-389Z.html
[BACKUP] 1 alte backend-Backups gelöscht
[BACKUP] ✓ themes-database: themes-database-2025-12-03T11-21-26-388Z.json
[BACKUP] 1 alte themes-database-Backups gelöscht
[BACKUP] 1 alte app-Backups gelöscht
[BACKUP] ✓ keywords-database: keywords-database-2025-12-03T11-21-26-389Z.json
[BACKUP] 1 alte keywords-database-Backups gelöscht
[BACKUP] ✓ summary-database: summary-database-2025-12-03T11-21-26-386Z.json
[BACKUP] 1 alte summary-database-Backups gelöscht
[BACKUP] ✓ 7 von 9 Backups erstellt
GET /api/backups/list/full
GET /api/list-files
GET /api/concepts-list
[KEYWORDS-API] Lade alle Schlagwörter...
[KEYWORDS-API] 1943 Schlagwörter aus concepts-database.json geladen
GET /api/book/GA020
[BOOK] Anfrage für GA020
[BOOK] Schrift gefunden: Vom Menschenrätsel (1916)
[BOOK] ✓ Vortrags-Einträge gefunden - werden geschützt
[BOOK] ✓ Überschriften für GA020 gespeichert (4490 Einträge total, 4457 Vorträge geschützt)
GET /api/ga-list
[API/GA-LIST] Request erhalten
[API/GA-LIST] fullLectures: 4487 Vorträge
[API/GA-LIST] fullBooks: 40 Bücher
[API/GA-LIST] Sende 355 GA-Bände
GET /api/keywords/available-ga-volumes
[API/AVAILABLE-GA-VOLUMES] Request erhalten
[API/AVAILABLE-GA-VOLUMES] fullLectures: 4487 Vorträge
[API/AVAILABLE-GA-VOLUMES] fullBooks: 40 Bücher
[API/AVAILABLE-GA-VOLUMES] Sende 355 Volumes
GET /api/book/GA020
[BOOK] Anfrage für GA020
[BOOK] Schrift gefunden: Vom Menschenrätsel (1916)
GET /api/available-years
[INFO] Verfügbare Jahre: 26 Jahre von 1888 bis 1924
[BOOK] ✓ Vortrags-Einträge gefunden - werden geschützt
[BOOK] ✓ Überschriften für GA020 gespeichert (4490 Einträge total, 4457 Vorträge geschützt)
GET /api/ga-overview/GA077b
[GA-OVERVIEW] Anfrage für GA077b
[SUMMARY-DB] Geladen: 4490 Einträge aus summary-database.json
[GA-OVERVIEW] Übersicht generiert für GA077b: 11 Vorträge
GET /api/ga-overview/GA077b
[GA-OVERVIEW] Anfrage für GA077b
[SUMMARY-DB] Geladen: 4490 Einträge aus summary-database.json
[GA-OVERVIEW] Übersicht generiert für GA077b: 11 Vorträge
GET /api/full-lecture/GA077b/1
GET /api/check-summary/GA077b/1
[CHECK-SUMMARY] Prüfe zentrale DB für GA077b/1
[SUMMARY-DB] Geladen: 4490 Einträge aus summary-database.json
[CHECK-SUMMARY] ✓ Zusammenfassung existiert für GA077b/1 (Version: v2-unified)
GET /api/steiner-images/GA077b%2F1
[IMAGES-API] Keine Bilder für GA077b/1 gefunden
GET /api/quotes
GET /api/ga-list
[API/GA-LIST] Request erhalten
[API/GA-LIST] fullLectures: 4487 Vorträge
[API/GA-LIST] fullBooks: 40 Bücher
[API/GA-LIST] Sende 355 GA-Bände
GET /api/keywords/available-ga-volumes
[API/AVAILABLE-GA-VOLUMES] Request erhalten
[API/AVAILABLE-GA-VOLUMES] fullLectures: 4487 Vorträge
[API/AVAILABLE-GA-VOLUMES] fullBooks: 40 Bücher
[API/AVAILABLE-GA-VOLUMES] Sende 355 Volumes
GET /api/available-years
[INFO] Verfügbare Jahre: 26 Jahre von 1888 bis 1924
GET /api/ga-list
[API/GA-LIST] Request erhalten
[API/GA-LIST] fullLectures: 4487 Vorträge
[API/GA-LIST] fullBooks: 40 Bücher
[API/GA-LIST] Sende 355 GA-Bände
GET /api/keywords/available-ga-volumes
[API/AVAILABLE-GA-VOLUMES] Request erhalten
[API/AVAILABLE-GA-VOLUMES] fullLectures: 4487 Vorträge
[API/AVAILABLE-GA-VOLUMES] fullBooks: 40 Bücher
[API/AVAILABLE-GA-VOLUMES] Sende 355 Volumes
